5.312570e-04,-4.819330e-05,3.587840e-06,-2.461950e-05,9.280200e-05,3.863120e-07,1.094940e-04,1.510810e-04,6.786410e-05,3.510320e-07,5.344580e-06,1.671970e-04,2.017080e-06,1.490560e-04,1.876310e-04,4.592130e-06,-3.931110e-05,1.764160e-04,7.405170e-06,6.859530e-05,1.943560e-04,-4.625620e-06,-1.083980e-06,3.910110e-05,2.222320e-05,8.543100e-05,4.149920e-05,-6.711050e-06,-2.418960e-04,-6.032740e-06,-4.453020e-07,1.667360e-05,4.915770e-05,1.124490e-04,-2.755160e-06,2.211310e-05,-9.550560e-06,2.558000e-04,9.216260e-07,-5.491350e-06,8.848780e-05,1.920320e-05,-5.237060e-05,2.225860e-04,4.535280e-05,1.354530e-04,5.340510e-05,2.184780e-04,4.214780e-04,-1.062800e-05,7.943210e-05,-4.665210e-05,3.990490e-04,4.831230e-04,4.792160e-05,1.002050e-04,-7.709050e-07,5.153470e-04,3.562480e-04,6.496260e-05,5.236000e-05,3.485240e-04,2.333720e-05,-1.381080e-05,1.980920e-04,1.122980e-06,5.672460e-05,1.159020e-04,3.118310e-06,7.415200e-06,3.054280e-05,-8.000180e-06,1.871700e-05,7.052740e-06,7.705770e-05,-2.092560e-05,9.959830e-06,-1.665080e-06,1.139690e-04,-2.313660e-05,-5.273140e-06,1.866270e-06,6.858680e-05,1.459870e-04,1.184330e-04,3.261110e-04,6.927140e-05,2.170710e-07,3.115220e-06,1.081680e-04,2.015130e-04,2.598960e-04,1.479290e-04,3.820090e-05,1.060640e-04,1.521980e-04,2.556980e-04,3.661410e-04,4.815610e-04,5.721850e-05,6.446140e-05,1.711740e-04,5.051470e-04,6.169230e-04,7.139260e-05,1.683130e-04,1.292380e-04,1.206170e-06,-5.846250e-05,2.604710e-05,5.465040e-06,-1.281720e-05,-7.967210e-05,-7.321700e-05,1.399210e-05,-4.992570e-05,-4.790040e-05,8.189310e-06,6.754160e-05,9.402210e-05,4.509820e-05,4.058330e-05,3.486370e-05,2.129400e-04,8.630590e-05,3.688930e-05,1.429660e-04,8.108500e-05,1.210250e-04,9.836230e-05,2.177260e-05,2.764920e-04,3.513380e-04,-4.976200e-05,2.695510e-04,7.722130e-04,8.590110e-04,1.055710e-03
-4.819330e-05,4.773350e-04,-1.066810e-05,4.593370e-05,1.071280e-04,5.025150e-06,6.788280e-05,2.604070e-04,2.335520e-04,4.749110e-06,9.668620e-05,1.585410e-04,1.022750e-05,1.804470e-04,3.287620e-04,-1.814490e-06,5.224680e-05,2.002170e-04,7.734310e-06,8.114770e-05,3.884390e-04,1.265800e-05,2.811440e-05,2.201470e-04,3.057380e-05,7.891460e-05,2.301900e-04,-1.893550e-06,-3.670490e-05,-1.765840e-04,2.100970e-05,4.318070e-05,1.504190e-04,1.463930e-04,1.471220e-06,-2.730930e-05,8.760080e-05,1.313860e-04,4.569200e-06,4.362780e-05,1.783360e-04,3.066880e-05,5.192590e-05,3.039530e-04,8.046170e-05,6.822760e-05,3.691950e-04,5.130160e-04,4.845500e-04,1.414440e-05,2.452050e-06,3.679690e-04,5.885700e-04,6.576310e-04,5.430470e-05,3.218030e-05,2.249880e-04,4.608480e-04,6.611050e-04,3.689180e-05,8.826440e-05,3.463480e-04,8.815900e-05,1.030650e-04,-3.873600e-05,-1.981060e-06,6.395120e-05,7.027700e-05,4.453850e-05,3.223350e-06,-2.278980e-05,-2.082460e-05,-5.049770e-05,1.513700e-05,2.012190e-05,1.990560e-05,1.692530e-05,7.513630e-05,7.697670e-05,8.642130e-05,1.475600e-04,-1.844100e-05,7.741860e-05,1.359640e-04,2.542250e-04,4.340170e-04,2.557760e-04,-7.589310e-06,-1.578220e-05,1.166150e-05,2.292430e-04,4.615510e-04,5.732000e-04,5.936050e-05,1.591620e-05,5.666360e-05,2.788940e-04,8.450740e-04,6.156150e-04,6.982990e-05,-9.430710e-06,1.166190e-04,5.731820e-04,8.695190e-04,1.304700e-04,2.993280e-04,1.498680e-04,2.121750e-06,7.888950e-05,5.395890e-05,6.012950e-05,-4.428220e-06,-3.226940e-05,3.960600e-05,9.628840e-06,-1.198820e-04,-2.211170e-05,3.216100e-05,2.076190e-05,2.963080e-05,8.062900e-05,3.144840e-05,4.109760e-06,6.276130e-05,8.023580e-05,1.643300e-05,8.488020e-05,9.469270e-05,3.982300e-05,9.732900e-05,1.524870e-04,3.490950e-04,2.136660e-04,9.248830e-05,3.805030e-04,8.016810e-04,1.322100e-03,5.238040e-04
3.587840e-06,-1.066810e-05,1.336660e-06,-8.231980e-07,1.753780e-07,-3.006260e-07,-1.896860e-06,-3.525150e-06,-3.274490e-06,-1.750590e-07,1.756280e-07,1.796030e-07,6.101460e-07,-1.674930e-06,-7.121600e-06,7.239910e-07,1.994180e-06,-8.067920e-06,-5.244240e-07,-1.346730e-06,-8.704450e-06,8.497600e-07,2.415900e-06,-4.634590e-06,8.312060e-08,4.025830e-06,5.849590e-07,-2.241140e-07,4.326560e-06,7.256790e-07,-2.584200e-06,-1.777670e-06,3.500970e-06,9.028830e-06,-5.120120e-08,-1.945530e-06,1.577340e-06,5.194350e-06,-1.461390e-08,9.245070e-07,2.968220e-06,-9.550380e-07,1.094760e-07,-2.279480e-06,-1.131200e-07,3.783830e-06,7.132330e-07,-8.276410e-07,1.727430e-07,3.569170e-07,1.434640e-06,1.348720e-06,7.963270e-06,7.398720e-06,1.905320e-07,2.041320e-06,9.693070e-07,9.731930e-06,4.490040e-06,1.491160e-06,1.023180e-06,4.972770e-06,-6.561300e-07,-9.378730e-08,2.748990e-06,1.366440e-06,-2.333580e-06,3.822960e-07,3.273730e-06,-3.893010e-07,-1.771310e-06,-3.431740e-07,1.159480e-06,6.379360e-07,-3.288510e-07,1.466880e-07,2.871910e-07,-3.162460e-07,2.061880e-06,3.278720e-06,-1.216640e-06,-6.719620e-07,1.338610e-06,4.128780e-06,2.767490e-06,4.278860e-06,4.553820e-06,3.912770e-07,1.098050e-06,4.910260e-06,4.076700e-06,3.899340e-06,-1.030420e-06,-3.722200e-06,5.586120e-07,1.406660e-06,1.983500e-06,6.735020e-06,-6.663810e-07,-1.752750e-06,-6.793590e-07,1.160550e-06,2.106670e-06,-6.574370e-06,-2.535990e-06,-7.812170e-06,-4.605370e-06,-9.859590e-07,-4.243280e-06,-3.893210e-06,-2.690410e-06,-4.476800e-07,-2.276960e-06,-2.546240e-06,-1.177720e-07,-3.433850e-07,6.909870e-07,1.457780e-06,-3.258940e-07,2.274470e-06,4.816400e-06,1.912840e-06,-7.912410e-07,2.629130e-06,5.028450e-06,3.119290e-06,-1.757310e-06,-6.450030e-07,-3.579640e-07,-3.836500e-06,-3.515400e-06,4.407830e-08,-4.427820e-06,-3.833610e-06,-4.466670e-06,-8.226160e-06,-8.088660e-06,1.231130e-05
-2.461950e-05,4.593370e-05,-8.231980e-07,2.900660e-04,2.974920e-05,2.800940e-06,-3.720540e-05,1.611910e-04,2.814980e-05,-6.657880e-08,1.089060e-05,2.437420e-05,-7.679650e-08,4.216230e-05,2.542820e-04,3.033730e-06,9.025390e-05,3.937570e-05,3.585670e-06,7.516750e-05,1.628950e-04,-2.149430e-06,3.992340e-05,7.289570e-05,8.775570e-06,3.607590e-05,6.262520e-05,-3.889150e-06,2.632880e-05,5.076750e-05,2.956030e-06,-1.381250e-04,-4.091040e-05,1.183810e-04,-1.881710e-06,-6.253350e-05,4.485530e-05,8.347560e-05,4.980980e-06,-3.541450e-05,7.094690e-05,3.440110e-05,8.958650e-05,1.262520e-04,2.149490e-05,-1.882360e-05,1.298520e-04,3.551550e-04,1.556960e-04,1.061780e-05,-2.128240e-05,1.437640e-04,3.228320e-04,3.615170e-04,2.752040e-05,-1.643470e-05,1.483490e-04,4.187530e-04,3.758160e-04,4.528350e-05,3.036530e-05,4.016170e-04,2.000400e-05,7.338340e-05,4.023070e-05,4.988020e-07,-5.142760e-05,5.279070e-05,-5.641890e-06,3.354810e-06,4.267630e-05,7.511880e-05,4.578560e-05,9.698790e-06,4.386760e-05,3.619070e-05,-5.543390e-06,1.205240e-04,8.086330e-05,1.265110e-04,-2.062260e-05,-5.708190e-06,-6.058770e-05,4.370890e-05,2.085510e-04,2.280240e-04,1.921930e-04,1.772770e-06,-5.731100e-05,-1.169480e-05,1.521370e-04,3.617870e-04,4.485940e-04,-5.775480e-05,-4.602360e-05,3.916950e-05,2.277730e-05,4.624820e-04,2.879060e-06,-1.458200e-05,3.119360e-05,1.075210e-04,3.395710e-04,2.839200e-04,1.313260e-04,1.194340e-04,7.459860e-05,1.902140e-06,1.094050e-04,1.821620e-04,2.559200e-05,-4.591300e-06,1.354300e-04,4.219730e-05,-1.631640e-05,9.959140e-07,6.126620e-06,2.039290e-06,4.170700e-05,9.088030e-05,1.541850e-04,8.857860e-06,-6.849070e-05,1.778220e-05,8.213280e-05,-2.090970e-05,-1.826410e-05,1.582910e-04,2.987410e-04,-2.726910e-05,7.276480e-05,6.247940e-04,3.918560e-04,1.278010e-04,4.256700e-04,6.657850e-04,1.034750e-03,5.664900e-04
9.280200e-05,1.071280e-04,1.753780e-07,2.974920e-05,4.066730e-04,1.311780e-06,1.630500e-04,2.070340e-05,1.936040e-04,6.718520e-06,1.664560e-04,2.735850e-04,1.282930e-06,1.010880e-04,1.929310e-04,1.644840e-05,1.013560e-04,2.924090e-04,1.664020e-05,9.586950e-05,2.200790e-04,6.268390e-06,9.407930e-05,1.728740e-04,2.557370e-05,9.583220e-05,6.681660e-05,1.583280e-05,-8.689480e-06,1.327180e-04,6.897650e-06,-3.845260e-05,-6.132170e-05,2.332130e-04,-2.399710e-06,6.639790e-05,1.366660e-04,3.707240e-04,-4.950740e-07,7.935240e-05,2.871540e-04,2.161640e-05,8.331920e-05,1.541720e-04,6.898130e-05,7.939970e-05,3.495670e-04,5.526490e-04,5.921460e-04,1.447630e-05,5.725550e-05,4.318740e-04,7.328360e-04,8.413190e-04,3.966390e-05,6.664200e-05,3.452190e-04,7.356970e-04,8.955010e-04,6.701900e-05,5.003490e-05,2.902290e-04,1.136180e-04,5.324740e-05,1.468750e-04,-1.870910e-06,1.110370e-05,6.460930e-06,1.663760e-04,4.777660e-06,5.910470e-05,1.599800e-04,2.058770e-04,7.207780e-06,3.987550e-05,1.137000e-04,4.276690e-05,1.241990e-05,8.453970e-05,8.917320e-05,2.515790e-04,2.663130e-05,5.330590e-06,2.006640e-04,3.371870e-04,6.188650e-04,3.281830e-04,8.172370e-06,2.279700e-05,2.766950e-04,4.414310e-04,6.477530e-04,5.742790e-04,6.190020e-05,5.260810e-05,1.959000e-04,5.651550e-04,1.051240e-03,6.534160e-04,5.952280e-05,3.733350e-05,3.192740e-04,1.052860e-03,1.201670e-03,1.184910e-04,2.151080e-04,1.250480e-04,6.547300e-06,1.113940e-04,9.546760e-05,9.852570e-05,-1.011360e-05,1.027490e-04,1.734820e-04,1.997030e-05,6.323910e-05,1.267260e-04,1.525410e-05,1.022570e-05,1.196280e-04,9.989960e-05,3.545550e-05,-1.709300e-05,1.787950e-04,3.159740e-04,1.239500e-04,4.290710e-05,3.830050e-04,3.400460e-04,1.232690e-05,4.005470e-04,8.983410e-04,7.435380e-04,9.037550e-06,4.704740e-04,9.850290e-04,2.706310e-03,1.303590e-03
3.863120e-07,5.025150e-06,-3.006260e-07,2.800940e-06,1.311780e-06,9.924680e-07,2.905090e-06,6.822070e-06,-1.856970e-06,3.420840e-07,4.481950e-06,2.512410e-06,2.332720e-07,6.271800e-06,1.090790e-05,3.293830e-07,2.407780e-06,1.460550e-05,1.034070e-06,4.302630e-06,8.132730e-06,6.912010e-07,1.520700e-06,3.287590e-06,1.455520e-06,3.569960e-06,3.842030e-06,1.624160e-06,-1.177900e-06,5.495480e-06,8.324420e-07,3.406310e-06,1.470690e-06,-1.493450e-05,2.581030e-07,1.318710e-06,1.813580e-06,3.310960e-06,6.937730e-07,1.683830e-06,4.785840e-06,1.566750e-06,2.981970e-06,8.140270e-06,1.948420e-06,-1.554280e-06,7.437270e-06,2.042820e-05,2.409650e-05,-2.468870e-08,1.195160e-06,8.814550e-06,1.924740e-05,2.383000e-05,3.025970e-06,2.468100e-07,8.919710e-06,1.079850e-05,3.873040e-05,1.747920e-06,4.690240e-06,4.201120e-06,3.787550e-06,-2.461940e-06,1.848320e-06,-2.306240e-07,-3.175800e-07,5.828620e-06,5.708690e-06,3.928860e-07,-1.729110e-06,2.094020e-06,1.008440e-05,-3.723790e-08,7.011930e-08,7.622480e-06,7.141000e-07,9.210470e-07,2.715710e-06,5.734440e-06,1.235640e-05,7.967290e-07,1.645360e-06,5.335200e-07,1.217690e-05,1.158220e-05,3.317080e-06,-9.129030e-07,1.542900e-06,-1.089120e-06,1.098140e-05,1.071280e-05,1.392670e-05,5.572420e-06,1.833920e-06,5.033720e-06,1.555490e-05,1.755540e-05,1.937140e-05,4.462470e-06,2.189200e-06,8.855510e-06,2.002120e-05,3.831730e-05,6.493390e-06,1.216470e-06,-1.182560e-06,1.653330e-07,-3.666250e-07,2.773880e-06,4.366190e-06,-3.175540e-07,-1.054790e-06,6.836790e-06,-1.587880e-07,7.507600e-07,6.955020e-06,4.786440e-07,2.396250e-06,6.505490e-06,6.986960e-06,-1.131890e-06,5.119850e-06,7.011300e-06,1.117300e-05,6.445670e-06,5.594430e-06,7.808220e-06,3.162610e-06,7.910090e-06,7.781350e-06,1.099190e-05,2.449520e-05,6.375240e-06,1.656080e-05,4.286650e-05,6.152270e-05,1.646680e-05
1.094940e-04,6.788280e-05,-1.896860e-06,-3.720540e-05,1.630500e-04,2.905090e-06,4.947940e-04,-1.096210e-04,1.308070e-04,-6.796200e-07,4.958120e-05,3.052030e-04,1.165150e-05,1.454220e-04,-3.370310e-05,-3.615870e-06,-3.265960e-05,5.038410e-05,1.521410e-05,1.353940e-05,1.994720e-04,4.127660e-06,2.386570e-06,4.804040e-05,9.289280e-06,6.443030e-05,1.060360e-04,6.097760e-06,-3.895080e-05,-6.787800e-05,9.489010e-06,-6.403180e-05,7.654860e-05,3.969440e-05,1.228590e-06,-9.927170e-05,-1.030130e-04,1.323740e-04,2.370200e-06,-3.588060e-06,1.671000e-04,-2.387300e-05,-3.013110e-05,1.572920e-04,7.230760e-05,1.662250e-04,3.569840e-04,1.548560e-04,2.323680e-04,-4.717950e-06,3.459730e-05,3.376870e-04,3.724420e-04,4.888780e-04,1.139470e-05,1.079610e-04,1.137630e-04,3.609090e-04,3.870150e-04,-2.110830e-05,1.650590e-05,2.944350e-04,7.150090e-05,6.003140e-05,1.032010e-04,-1.514920e-06,7.126800e-05,3.028680e-05,-5.195540e-05,8.526000e-06,-5.919900e-05,1.017010e-04,3.070490e-05,1.896920e-05,6.704530e-05,1.885640e-05,3.864530e-05,2.733720e-05,2.926940e-05,-4.595360e-06,1.092900e-04,8.675810e-07,6.457110e-05,1.266520e-04,1.244220e-04,3.774650e-04,2.586520e-04,-1.230440e-06,-5.636940e-05,-5.597790e-05,9.857780e-05,4.623800e-04,6.402860e-04,6.536890e-05,4.040610e-05,1.541230e-05,4.030810e-04,1.058230e-03,8.879160e-04,3.992880e-06,-4.314570e-05,4.280300e-05,2.272270e-04,8.554340e-04,3.087100e-05,1.096100e-04,7.885110e-05,4.598370e-06,1.420140e-04,1.467910e-04,1.009080e-04,-1.174260e-05,2.076560e-04,1.370510e-04,-3.193500e-05,6.895440e-05,4.414830e-05,3.667300e-06,2.517260e-05,-1.616290e-07,2.042370e-05,5.300740e-06,-1.371580e-04,-2.144490e-06,1.042260e-04,6.644690e-05,-6.413910e-05,3.135770e-05,6.031100e-05,3.080170e-05,2.511740e-04,4.823050e-04,2.068880e-05,2.037510e-04,2.114050e-04,4.324670e-04,6.849450e-04,1.185910e-03
1.510810e-04,2.604070e-04,-3.525150e-06,1.611910e-04,2.070340e-05,6.822070e-06,-1.096210e-04,1.200060e-03,1.816320e-04,-7.823390e-06,-1.143930e-04,3.787400e-04,1.630200e-05,2.221040e-04,6.129220e-04,-6.971190e-06,9.241070e-05,2.733230e-04,8.162220e-06,9.929750e-05,3.115060e-04,3.960040e-05,-1.206380e-05,2.811690e-04,3.980610e-05,1.029070e-04,3.249920e-04,-8.894910e-06,-5.337620e-05,1.565210e-04,1.059810e-05,4.633530e-05,9.004650e-05,2.145690e-04,1.291250e-06,-1.014640e-04,-2.169410e-04,1.893130e-05,1.181620e-05,3.053180e-07,1.664730e-04,3.073790e-05,1.511000e-04,4.379530e-04,7.328860e-05,9.291430e-05,3.333410e-04,8.216950e-04,5.237240e-04,2.209250e-05,8.505170e-06,4.465210e-05,7.972960e-04,9.211280e-04,7.161310e-05,7.383930e-06,1.522700e-04,8.254050e-04,1.012220e-03,8.186380e-05,1.261910e-04,7.333100e-04,1.074840e-04,1.913640e-05,2.548470e-05,-2.233690e-06,8.052610e-05,2.696310e-04,1.666510e-04,5.627500e-07,-1.201160e-05,-2.510510e-04,1.313970e-04,4.593370e-05,1.233860e-04,1.497360e-04,1.648700e-05,1.272860e-04,2.917800e-04,3.340850e-04,1.008520e-04,-4.048880e-07,7.283300e-05,1.920630e-04,4.808450e-04,4.761310e-04,4.242750e-04,7.130910e-07,-1.842020e-05,-5.049120e-05,2.649370e-04,4.133390e-04,6.668530e-04,3.072540e-05,4.873920e-05,4.160290e-05,1.375470e-04,8.327270e-04,5.646570e-04,5.678050e-05,1.012720e-04,1.879190e-04,8.308300e-04,8.155040e-04,2.426970e-04,1.136500e-04,3.299340e-06,9.468040e-06,4.952340e-05,1.925960e-04,3.866550e-05,-5.590920e-06,-1.657760e-05,5.766040e-05,-4.225480e-05,-1.058880e-05,8.805800e-05,5.765150e-05,7.903930e-05,2.183210e-04,1.904490e-04,3.662480e-05,9.192820e-05,2.191240e-04,2.431640e-04,1.865280e-04,1.359850e-04,1.574220e-04,4.556480e-04,1.509540e-04,2.100610e-04,1.327170e-03,1.295430e-03,1.891730e-04,1.091990e-03,2.216440e-03,3.028310e-03,5.560040e-04
6.786410e-05,2.335520e-04,-3.274490e-06,2.814980e-05,1.936040e-04,-1.856970e-06,1.308070e-04,1.816320e-04,9.737990e-04,-2.672400e-05,1.340880e-04,-2.494180e-05,9.100560e-06,7.120610e-05,3.619340e-04,2.205980e-05,2.124770e-04,-6.230920e-05,1.148300e-05,7.352350e-05,4.222060e-04,5.497130e-06,7.498640e-05,2.113030e-04,6.650730e-05,5.302530e-05,2.355220e-04,-3.324980e-06,6.908670e-05,-1.998510e-05,1.274490e-05,1.879490e-05,1.948690e-04,6.544620e-05,1.001720e-05,4.925630e-05,6.629950e-06,-8.158500e-05,8.127980e-06,7.951830e-05,1.843320e-04,4.192870e-05,6.161100e-05,2.662990e-04,8.218380e-05,2.979520e-05,5.959740e-04,2.910000e-04,2.850600e-04,7.946870e-05,-6.091700e-05,8.364420e-04,2.801370e-04,9.934140e-04,2.000960e-05,-4.867420e-05,3.145090e-04,3.308590e-04,7.126000e-04,6.666810e-05,6.003310e-05,2.535900e-04,1.214150e-04,-3.410500e-05,3.440120e-05,-3.937370e-06,1.388510e-05,7.887950e-05,1.662570e-04,-7.244920e-06,-2.366980e-05,5.909050e-05,2.946050e-05,2.034370e-05,3.820210e-05,2.336750e-04,2.089600e-05,5.164570e-05,5.145330e-05,3.481300e-05,-2.210070e-04,-2.818940e-05,4.167000e-05,1.770000e-04,1.006270e-04,3.722920e-04,3.760780e-04,-3.866380e-05,-5.019180e-06,2.535570e-04,1.232380e-04,8.503500e-04,6.015900e-04,2.728230e-05,-4.576090e-05,4.728140e-05,3.609010e-04,4.857000e-04,4.944680e-04,1.040870e-04,4.600480e-05,4.648600e-04,5.145900e-04,9.854310e-04,4.299940e-05,4.574250e-05,2.614780e-04,2.442050e-06,4.919720e-05,-4.241290e-05,3.652880e-05,1.402540e-05,-3.712770e-05,-4.278180e-05,-3.534010e-05,9.406700e-05,1.120820e-07,-1.035210e-05,8.099460e-05,-5.385420e-05,1.351820e-04,2.140530e-04,1.346920e-04,-1.334330e-06,2.337200e-04,3.677380e-06,-6.439280e-05,4.478350e-04,1.777770e-04,-1.382220e-04,5.058500e-04,4.893230e-04,3.307670e-04,8.862250e-05,-1.217510e-04,-6.500010e-04,1.610180e-03,1.567280e-03
3.510320e-07,4.749110e-06,-1.750590e-07,-6.657880e-08,6.718520e-06,3.420840e-07,-6.796200e-07,-7.823390e-06,-2.672400e-05,4.703010e-06,8.127110e-06,-7.741970e-07,-2.384250e-06,1.432800e-06,2.043400e-06,9.106100e-07,-4.719970e-06,1.873990e-05,-3.724440e-08,1.478150e-06,-4.359170e-07,6.533940e-07,6.558870e-06,-1.421030e-06,3.652400e-07,-8.792320e-07,-1.626920e-05,8.327240e-07,-2.162320e-06,1.079220e-06,4.013000e-07,-2.785960e-06,-4.808830e-06,8.703210e-06,-8.174810e-07,2.062350e-06,4.355690e-06,-2.343290e-06,-4.999390e-06,8.326810e-06,1.579080e-05,2.893000e-06,2.832640e-06,-1.146610e-07,-2.058240e-06,-2.748900e-06,4.782350e-06,2.910260e-05,1.702270e-05,-2.015560e-06,1.900330e-06,-2.073290e-05,1.004050e-08,-3.524320e-06,4.334340e-06,6.813870e-06,7.094300e-06,1.586830e-05,2.575260e-05,5.047680e-06,4.876960e-06,1.607490e-06,-2.684400e-06,3.923660e-06,-1.087020e-06,7.607600e-08,4.135090e-07,-3.157660e-06,2.988150e-06,3.240540e-07,2.374250e-06,4.960530e-06,1.055650e-05,2.284310e-06,1.721510e-06,7.551650e-06,1.239860e-06,-6.210800e-07,2.205040e-06,6.040430e-06,6.165010e-06,1.046890e-06,-1.667530e-06,7.774550e-07,1.787070e-05,1.322610e-05,8.966740e-07,-2.605680e-06,2.189150e-06,-6.795930e-06,4.734910e-06,-8.409710e-06,4.733100e-06,-3.861500e-07,7.491970e-06,9.901850e-06,6.290440e-06,6.000550e-06,-9.665300e-06,-1.246600e-06,8.785200e-06,-3.175610e-06,1.019580e-06,6.481610e-06,7.086010e-06,1.203840e-05,1.168610e-06,-3.018550e-07,4.239190e-06,3.446380e-06,-4.282580e-07,2.963450e-07,-2.289680e-07,3.168350e-06,1.644550e-06,-9.019080e-06,-8.447970e-06,-7.322390e-06,-7.745910e-06,-2.982940e-06,1.789430e-06,4.443160e-06,-4.386800e-06,-2.191010e-06,2.658340e-06,1.009850e-05,5.534690e-06,7.337620e-06,1.163510e-05,1.055280e-05,-6.304410e-07,6.720570e-06,1.298520e-05,9.182780e-06,2.755550e-05,7.261630e-05,7.669140e-05,3.158080e-05
5.344580e-06,9.668620e-05,1.756280e-07,1.089060e-05,1.664560e-04,4.481950e-06,4.958120e-05,-1.143930e-04,1.340880e-04,8.127110e-06,6.876790e-04,6.255850e-05,-6.865470e-07,-1.059960e-04,2.414810e-04,2.504810e-05,1.162810e-04,2.660760e-04,-4.735000e-07,-7.108270e-05,3.504200e-04,-4.747970e-06,1.240270e-04,1.029420e-04,3.892720e-05,5.091760e-05,-7.363430e-05,1.602970e-05,1.122240e-04,9.251250e-05,2.415460e-06,-1.126150e-05,1.095700e-04,1.442330e-04,-2.748450e-06,-4.937070e-05,-5.166780e-05,1.033890e-04,9.654990e-07,-1.204500e-04,2.641180e-04,1.732500e-06,-1.402160e-04,2.249340e-05,3.298250e-05,6.295510e-05,2.254970e-04,5.652710e-04,4.424240e-04,-1.343110e-05,4.899550e-05,3.699430e-04,5.800630e-04,5.719950e-04,6.297760e-05,1.010740e-04,1.627050e-04,2.828760e-04,5.572140e-04,1.036570e-04,6.153780e-05,1.347100e-04,3.570670e-05,3.153250e-05,5.765000e-05,2.258190e-06,3.987490e-05,1.759050e-05,1.104920e-04,4.471500e-06,3.557640e-05,1.158670e-04,2.728800e-05,1.959750e-05,-3.288250e-05,1.787020e-04,3.520070e-05,4.488400e-05,-3.900480e-05,1.323950e-04,2.648030e-04,2.498290e-05,6.942950e-05,-4.069440e-05,3.605740e-04,4.930900e-04,2.386200e-04,2.317540e-05,4.782590e-05,-8.370710e-05,3.493060e-04,4.955610e-04,5.708710e-04,2.601210e-05,4.086500e-05,2.970340e-05,3.525670e-04,6.037670e-04,2.924740e-04,1.116800e-04,2.796630e-05,2.869510e-04,5.421390e-04,9.329890e-04,1.323930e-04,-1.136310e-04,-1.061710e-04,6.070700e-06,8.358780e-05,-3.346370e-05,1.004890e-05,-7.166460e-06,2.441510e-04,1.172880e-04,4.477970e-06,3.311800e-04,1.689660e-04,-5.538070e-05,2.845170e-04,2.745650e-04,2.843200e-04,8.172160e-07,1.325540e-04,1.997950e-04,3.927140e-04,-7.667600e-06,5.549150e-05,5.428220e-04,1.604950e-04,1.749150e-06,3.878520e-04,5.228580e-04,4.229980e-04,3.712190e-05,3.949570e-04,8.934290e-04,2.287820e-03,8.110690e-04
1.671970e-04,1.585410e-04,1.796030e-07,2.437420e-05,2.735850e-04,2.512410e-06,3.052030e-04,3.787400e-04,-2.494180e-05,-7.741970e-07,6.255850e-05,2.070550e-03,-1.312290e-05,1.380710e-04,-3.023360e-04,2.528840e-06,1.823910e-04,6.801090e-04,4.206420e-05,9.951240e-06,-1.186070e-04,2.751320e-05,1.765780e-04,6.022880e-04,2.423190e-05,4.322590e-05,8.351080e-05,1.708770e-05,5.050500e-05,2.834210e-04,8.185630e-06,2.925970e-06,5.094740e-05,4.513600e-04,1.298060e-06,-2.720880e-06,2.857460e-05,-4.006790e-05,6.588180e-05,7.490420e-05,-8.473250e-05,-7.663810e-05,5.622850e-05,2.867820e-04,2.003510e-04,1.978440e-04,6.219000e-04,-1.054210e-04,2.871290e-05,2.003600e-05,1.824050e-05,3.633890e-04,9.796180e-04,1.080620e-03,7.536270e-05,1.674100e-04,5.712170e-04,1.024470e-03,9.321580e-04,9.248510e-05,3.077200e-05,8.163630e-04,1.185740e-04,8.425490e-05,6.682680e-05,-1.913240e-06,-6.092860e-06,1.273490e-04,7.972730e-05,-2.227900e-06,3.762610e-05,2.290490e-04,-2.220960e-05,3.643880e-06,1.188820e-04,-4.592020e-04,1.009150e-04,-1.723470e-05,3.213060e-04,4.868060e-04,3.736000e-04,8.284820e-06,-9.888190e-05,4.318930e-04,3.178180e-04,3.881070e-04,3.217360e-04,9.573910e-05,-9.553240e-05,4.237640e-04,7.184240e-04,1.287420e-03,7.821090e-04,1.596610e-04,5.325660e-05,2.460570e-04,7.683540e-04,1.779290e-03,1.747810e-03,-9.276280e-05,-5.957490e-05,-5.161190e-06,9.460370e-04,1.304570e-03,1.992320e-04,-1.607240e-04,-1.676580e-04,8.491990e-06,-2.875880e-05,2.198760e-04,2.014550e-05,6.798740e-06,2.958920e-04,2.403950e-05,3.712280e-06,2.459030e-04,-1.042920e-05,9.011880e-05,1.470100e-04,2.786830e-04,9.103490e-05,-2.302310e-04,-2.529620e-05,2.632480e-04,2.569240e-04,1.925370e-04,1.335940e-04,1.045810e-06,-9.979980e-05,8.766950e-05,8.319120e-05,1.083680e-03,1.346320e-04,-2.220950e-04,1.120250e-03,3.206900e-03,2.314420e-03,1.306300e-03
2.017080e-06,1.022750e-05,6.101460e-07,-7.679650e-08,1.282930e-06,2.332720e-07,1.165150e-05,1.630200e-05,9.100560e-06,-2.384250e-06,-6.865470e-07,-1.312290e-05,1.497410e-05,1.615990e-05,-8.642300e-06,-6.770040e-06,6.557790e-06,-5.795780e-06,-4.261910e-07,2.468640e-07,7.646870e-06,3.691720e-06,-6.446790e-06,-1.442910e-05,2.105200e-06,1.435850e-05,5.343200e-06,-5.846320e-07,2.858640e-06,-1.005330e-05,-9.722810e-07,7.094950e-06,1.547780e-05,3.742360e-06,4.024780e-07,-4.937760e-06,-3.255080e-07,1.108850e-05,3.545080e-06,-3.734830e-06,-3.678280e-07,-1.896890e-05,-5.157260e-06,3.620870e-05,1.322340e-05,7.849650e-06,2.392240e-05,1.250860e-06,3.740850e-05,4.878420e-06,6.780590e-06,5.069640e-05,6.491630e-05,6.953140e-05,2.621600e-06,4.194280e-06,-6.905620e-06,-8.226180e-07,-2.888480e-06,-6.471430e-07,1.958310e-05,1.969360e-05,1.675440e-05,1.763060e-06,2.806290e-06,7.003980e-07,-7.050260e-07,6.086520e-06,8.353050e-06,-5.342900e-07,-1.301890e-05,-1.566640e-05,-8.149870e-07,1.786510e-06,-2.093080e-06,2.291330e-05,8.945210e-06,-1.931190e-06,2.758070e-05,2.251630e-05,4.895230e-05,-1.656930e-06,1.019570e-05,1.299140e-05,1.491970e-06,2.038600e-05,1.391370e-05,-4.982760e-06,3.494690e-06,1.603170e-05,1.721270e-05,3.244460e-05,9.766160e-06,-5.066670e-06,7.348500e-07,-1.002530e-05,9.939260e-06,2.086240e-05,1.585020e-05,9.643650e-06,9.490190e-06,3.341040e-05,3.481350e-05,1.533480e-05,5.327550e-06,3.196840e-06,1.052950e-05,-2.218670e-07,-2.908580e-06,-5.561220e-06,4.163950e-06,3.192950e-07,-6.109320e-06,-6.826940e-06,-1.189870e-05,1.420290e-05,2.688760e-05,9.733080e-06,6.228970e-06,-4.297150e-06,-3.712540e-05,-2.556820e-05,-2.173880e-06,-3.100760e-06,2.759660e-06,1.942350e-06,-2.923360e-05,-2.335950e-05,6.716130e-06,-2.724280e-05,1.041920e-05,3.105040e-05,2.410190e-05,-6.265410e-06,-5.537980e-05,-1.342140e-04,-1.105660e-04,1.842910e-05
1.490560e-04,1.804470e-04,-1.674930e-06,4.216230e-05,1.010880e-04,6.271800e-06,1.454220e-04,2.221040e-04,7.120610e-05,1.432800e-06,-1.059960e-04,1.380710e-04,1.615990e-05,8.198960e-04,3.313880e-04,-4.096880e-06,-3.237290e-04,-4.570370e-06,2.381210e-05,2.886160e-04,3.193440e-04,1.997210e-05,-3.491790e-05,1.814290e-04,2.019990e-05,4.805560e-05,2.833130e-04,2.671450e-07,-1.220540e-04,-1.365150e-05,6.390370e-06,5.630830e-05,1.212880e-04,1.495470e-04,-2.612790e-06,-6.366070e-05,1.305290e-04,3.927730e-04,3.040940e-06,-1.764330e-04,3.934270e-05,2.234390e-05,-2.301400e-04,3.920740e-04,5.573630e-05,-2.277560e-05,1.319200e-04,1.949980e-04,4.632200e-04,3.102380e-05,1.034400e-04,7.935220e-05,5.422560e-04,8.083170e-04,3.360880e-05,1.402700e-04,2.054480e-04,6.938380e-04,5.550430e-04,7.864940e-05,-1.106240e-04,4.431570e-04,6.553560e-05,9.027490e-05,7.727300e-05,1.143760e-06,5.703260e-05,7.847860e-05,-1.500360e-04,1.239090e-05,1.420780e-05,1.288950e-04,8.891610e-05,-5.051720e-06,1.132150e-04,-1.949520e-05,2.284190e-05,-1.060690e-04,2.557670e-04,-6.132460e-05,8.019240e-05,-2.160320e-05,1.036610e-04,3.413490e-04,2.781510e-05,5.005240e-04,3.248400e-04,-3.789870e-05,5.618500e-07,2.568380e-04,8.921590e-05,5.202960e-04,4.781810e-04,-2.382790e-05,1.617250e-04,3.314010e-04,1.095170e-04,1.007730e-03,6.719090e-04,-9.398530e-06,-4.348970e-05,-1.109950e-04,3.958050e-04,3.885580e-04,1.138050e-04,5.878310e-05,-7.042050e-05,3.456980e-06,-1.149610e-04,-8.758540e-05,2.417630e-05,-6.522080e-06,9.699750e-06,6.977490e-05,-1.411150e-05,1.056420e-04,6.356940e-05,9.765900e-06,1.431260e-04,6.413530e-05,-2.132750e-04,1.320240e-04,5.198290e-05,1.195330e-04,-3.103930e-04,-6.217780e-06,8.322120e-05,-3.936410e-04,7.393270e-05,8.928350e-05,-3.036220e-04,3.184520e-05,6.944610e-05,-9.215520e-05,-1.156520e-04,-1.855660e-04,-2.026210e-05,1.114120e-03
1.876310e-04,3.287620e-04,-7.121600e-06,2.542820e-04,1.929310e-04,1.090790e-05,-3.370310e-05,6.129220e-04,3.619340e-04,2.043400e-06,2.414810e-04,-3.023360e-04,-8.642300e-06,3.313880e-04,2.548630e-03,-2.122000e-05,9.482360e-06,-2.483230e-04,1.051920e-05,4.626370e-04,7.083750e-04,1.180380e-05,1.176950e-04,5.192320e-05,7.324840e-05,1.549430e-04,4.912340e-04,1.865390e-05,9.867280e-06,1.898590e-04,2.036740e-05,-1.172020e-04,2.891260e-04,1.786160e-04,1.152640e-05,6.406140e-05,2.402840e-04,-5.021420e-05,1.769730e-05,4.909030e-05,3.846710e-04,1.310130e-04,7.563650e-06,-1.874690e-04,1.879700e-05,-2.846400e-04,7.178130e-04,2.513930e-03,1.109310e-03,-3.355640e-05,7.274180e-05,7.887410e-04,1.024350e-03,1.256250e-03,1.133840e-04,-6.791670e-05,5.161350e-04,1.244280e-03,1.262890e-03,1.837700e-04,7.099290e-05,3.455160e-04,1.832050e-04,-9.494770e-05,5.127790e-05,-4.200520e-06,7.369810e-05,9.606240e-05,1.644750e-04,-6.341840e-06,1.219490e-04,9.459370e-05,1.698690e-04,3.218510e-05,4.934030e-05,4.901220e-04,-2.164630e-05,2.070930e-04,-5.835890e-04,-3.569190e-04,-5.204720e-04,1.739770e-04,1.351230e-04,2.464360e-04,9.628910e-04,1.052060e-03,5.812980e-04,-2.889040e-05,2.169570e-04,-5.603960e-05,6.687860e-05,4.264990e-04,1.078610e-03,-3.548500e-06,1.178940e-05,1.074350e-04,2.690570e-04,5.967730e-04,1.589000e-04,1.530980e-04,-2.327520e-05,1.950900e-04,7.706780e-04,1.577310e-03,1.320330e-04,1.294060e-04,2.549920e-04,5.467910e-06,2.131060e-04,8.366740e-05,5.056950e-05,-6.107360e-06,-8.583220e-05,8.908990e-06,-1.458680e-05,-2.065260e-04,2.109460e-05,7.489670e-05,1.207730e-04,-2.841720e-05,1.961540e-04,5.435330e-05,4.110470e-04,2.427810e-04,2.734910e-04,-2.564480e-04,2.630210e-04,5.719780e-04,2.150460e-04,5.295180e-05,6.697280e-04,1.125510e-03,9.923750e-04,5.205380e-06,3.058790e-04,1.988250e-04,3.830950e-03,8.339310e-04
4.592130e-06,-1.814490e-06,7.239910e-07,3.033730e-06,1.644840e-05,3.293830e-07,-3.615870e-06,-6.971190e-06,2.205980e-05,9.106100e-07,2.504810e-05,2.528840e-06,-6.770040e-06,-4.096880e-06,-2.122000e-05,2.411070e-05,1.632490e-05,-4.597260e-06,-4.302660e-06,1.012200e-08,-6.644800e-06,7.526010e-07,8.593360e-06,1.006050e-05,3.645790e-06,1.665400e-05,1.809060e-05,5.551500e-08,1.097520e-05,1.458110e-05,-1.677200e-06,-1.777120e-06,-1.643890e-05,-9.737760e-06,1.143320e-06,-1.681870e-06,-1.969740e-05,3.821910e-05,-4.365970e-06,-8.151470e-07,-1.002270e-05,1.063050e-05,9.770120e-06,-4.399750e-05,-2.896560e-05,2.048810e-06,-6.285290e-06,4.444000e-05,4.502640e-05,-1.871870e-06,-2.716080e-06,1.288980e-05,4.389590e-05,3.342940e-05,-5.278930e-06,-3.550410e-07,3.063430e-05,5.251860e-05,1.344460e-04,3.794700e-06,-7.253290e-06,-1.242350e-05,6.966730e-06,-1.920090e-06,-1.554060e-06,1.971420e-06,4.792120e-06,5.297910e-06,5.740700e-06,-1.452750e-06,7.972400e-06,1.228890e-09,1.699130e-05,3.228430e-06,-2.626820e-06,-3.166920e-05,5.069350e-06,6.345200e-07,-2.125880e-05,5.057250e-06,8.369940e-06,5.921810e-06,-3.235830e-06,-8.585790e-06,2.251390e-05,1.412880e-05,1.082580e-05,1.615530e-05,4.513550e-06,9.218630e-06,1.521070e-05,-1.275380e-05,1.503790e-09,1.335370e-05,9.203780e-06,2.548290e-05,-1.003210e-05,1.645440e-05,3.940060e-05,6.084800e-06,-4.020880e-06,-2.108890e-05,3.911660e-05,2.822270e-05,2.003960e-05,-5.534430e-06,-2.549940e-05,-1.335380e-06,1.353310e-05,1.443730e-05,9.546740e-07,1.208990e-06,2.343210e-05,9.215810e-06,-2.285240e-06,1.606650e-05,-2.735420e-05,-2.431540e-05,1.436630e-05,1.517460e-05,3.872270e-05,3.186070e-05,2.443050e-05,1.804000e-05,-1.493540e-05,-2.976160e-05,4.747790e-05,1.722980e-05,-1.544570e-05,4.708620e-05,-3.370960e-05,-5.581990e-05,5.178180e-05,2.471570e-05,8.111420e-05,1.595980e-04,2.137880e-04,-2.942200e-06
-3.931110e-05,5.224680e-05,1.994180e-06,9.025390e-05,1.013560e-04,2.407780e-06,-3.265960e-05,9.241070e-05,2.124770e-04,-4.719970e-06,1.162810e-04,1.823910e-04,6.557790e-06,-3.237290e-04,9.482360e-06,1.632490e-05,9.431950e-04,4.161030e-04,-5.305720e-06,-3.743400e-04,-7.424850e-05,1.516270e-05,3.762230e-05,4.617040e-05,2.555910e-05,2.058040e-04,6.647820e-05,3.947390e-06,1.085230e-04,1.767900e-04,-1.535440e-07,1.337310e-05,9.065390e-05,7.719900e-05,-9.534340e-07,5.661890e-05,1.248090e-04,-9.822550e-06,1.084430e-05,1.146410e-04,1.661120e-04,1.209310e-05,-5.323570e-05,-3.085620e-04,7.529630e-05,-1.712800e-04,3.900770e-04,3.457640e-04,3.313350e-04,3.438330e-06,-2.088200e-04,5.970880e-04,1.488730e-04,1.470940e-04,7.690430e-05,-4.673930e-05,3.315170e-04,2.366770e-04,9.852070e-04,4.202160e-05,2.470320e-04,-2.342640e-05,5.741400e-05,-1.510360e-04,9.658060e-06,-9.704630e-07,8.303470e-07,-1.250130e-04,1.543360e-04,-1.955860e-06,1.958390e-05,3.951870e-05,5.909300e-05,8.373740e-06,-7.828350e-05,1.211920e-04,-1.205970e-05,1.059950e-04,-1.476050e-04,6.300990e-05,-1.001390e-04,-4.429380e-07,-1.335860e-04,-6.795380e-05,1.941280e-04,-1.108600e-04,-1.141200e-04,6.564390e-06,1.207590e-04,3.816470e-05,1.154100e-04,-2.745980e-04,-7.480720e-05,1.145340e-04,-6.170260e-05,-2.053260e-04,3.406860e-04,-2.394040e-04,3.531490e-05,8.650840e-05,-2.971260e-05,1.317590e-04,-2.633860e-04,3.086580e-04,8.505400e-05,-7.289330e-05,8.724210e-05,9.297770e-07,1.775510e-04,7.310330e-06,-1.282560e-04,3.950730e-06,1.195380e-04,-5.245930e-05,-4.653290e-05,5.311280e-05,4.724880e-05,2.381190e-06,1.425220e-04,2.905990e-04,3.482140e-04,-8.232690e-05,1.612020e-04,1.635190e-04,4.137500e-04,3.496600e-05,1.519660e-04,2.974180e-04,-2.848810e-04,-2.155360e-05,1.574080e-04,-2.319040e-04,-7.067470e-06,1.373050e-04,1.354960e-04,5.297680e-04,8.501130e-04,-1.908580e-04
1.764160e-04,2.002170e-04,-8.067920e-06,3.937570e-05,2.924090e-04,1.460550e-05,5.038410e-05,2.733230e-04,-6.230920e-05,1.873990e-05,2.660760e-04,6.801090e-04,-5.795780e-06,-4.570370e-06,-2.483230e-04,-4.597260e-06,4.161030e-04,2.995520e-03,-1.183220e-05,-1.925700e-04,5.584900e-05,2.920160e-05,2.180120e-04,3.392940e-04,2.323010e-05,3.884030e-04,-1.358660e-04,8.982610e-05,-2.766110e-05,3.059710e-04,2.581490e-05,2.198310e-04,-1.581500e-05,1.646070e-04,-3.328600e-06,1.433570e-04,3.748330e-04,7.548320e-04,-2.139490e-06,1.955840e-04,-2.324770e-05,5.366560e-05,8.376240e-05,-1.325070e-04,1.661790e-04,4.164590e-05,-5.321910e-04,-2.780490e-04,1.251580e-03,6.765330e-05,-4.760690e-05,-4.780830e-04,1.185020e-03,1.281750e-03,6.362580e-05,-2.470420e-05,2.010060e-04,7.482570e-04,2.428650e-03,8.996460e-05,2.403820e-04,-1.055640e-03,2.470170e-04,-1.415930e-04,6.093990e-05,-1.020100e-05,-7.873360e-05,2.194970e-04,1.234580e-04,1.345080e-05,-1.293490e-04,-2.809530e-04,2.056950e-04,-1.630810e-06,-3.102400e-05,-3.371530e-04,4.362790e-05,-1.709330e-04,5.846230e-04,1.123120e-03,1.985360e-03,-1.616830e-04,2.749650e-04,-2.022920e-04,3.017520e-04,7.086220e-04,-1.200530e-04,-8.520260e-05,2.367850e-04,8.630710e-04,1.508860e-03,7.255100e-04,-6.023190e-04,3.424350e-04,1.083560e-04,1.667530e-04,1.234780e-03,5.117240e-04,-6.214260e-05,1.083850e-04,2.756140e-04,5.800750e-04,2.265410e-03,2.546530e-04,2.391880e-04,4.282010e-04,8.910150e-05,1.340430e-05,1.415840e-04,-5.343180e-05,-1.428060e-04,-1.572080e-05,1.835700e-05,3.816430e-04,8.471920e-05,6.390300e-04,4.624160e-04,-7.786380e-05,1.220090e-04,3.608280e-04,-4.070130e-04,-1.497860e-04,1.604110e-04,8.944160e-05,2.565140e-04,4.023250e-04,-1.730930e-04,1.154550e-04,-1.176440e-04,-3.007520e-04,7.851740e-05,-1.397310e-04,1.382400e-03,-1.397950e-04,3.328720e-04,9.156150e-04,4.825160e-03,4.304610e-04
7.405170e-06,7.734310e-06,-5.244240e-07,3.585670e-06,1.664020e-05,1.034070e-06,1.521410e-05,8.162220e-06,1.148300e-05,-3.724440e-08,-4.735000e-07,4.206420e-05,-4.261910e-07,2.381210e-05,1.051920e-05,-4.302660e-06,-5.305720e-06,-1.183220e-05,3.050850e-05,1.893050e-05,2.855590e-05,-5.392940e-06,1.037250e-05,4.552710e-05,-7.669540e-06,-3.525950e-05,2.410400e-05,7.499620e-06,-1.902520e-06,7.407810e-06,2.235860e-06,1.655670e-06,2.242450e-05,1.270100e-05,-1.518290e-06,2.204270e-06,2.696600e-05,-7.261930e-06,6.164330e-06,3.026310e-06,3.698390e-05,-2.532570e-06,1.427570e-05,3.357600e-05,4.264030e-06,1.944310e-05,-1.682190e-05,-7.951040e-05,-7.207540e-05,-3.863980e-06,1.081270e-05,3.487740e-06,-1.686740e-05,5.052520e-05,1.147470e-05,1.821710e-05,4.274830e-05,7.641660e-05,6.219180e-05,1.322010e-05,1.240250e-05,1.139990e-04,5.161850e-06,1.261650e-05,1.861500e-05,-1.502510e-06,4.528710e-06,-4.775870e-07,-8.305170e-06,3.183390e-06,3.541920e-06,2.045850e-05,-1.698730e-05,-2.458370e-06,-2.109410e-06,1.795970e-05,6.906070e-06,1.238570e-05,1.283880e-05,-2.944600e-05,1.799270e-05,1.628770e-05,2.678430e-06,1.453850e-05,-2.375160e-05,2.515300e-05,-1.899290e-06,-1.106730e-05,-4.069780e-06,-5.908580e-06,1.043600e-05,1.259620e-04,1.239770e-04,1.291040e-05,2.246900e-06,5.149390e-06,7.154160e-05,1.261390e-04,1.044780e-04,-3.782850e-06,-8.572340e-06,-3.686490e-06,-2.271730e-05,1.016750e-04,-6.133950e-06,-7.739650e-06,4.421520e-06,1.676410e-06,-1.821400e-05,-9.799780e-07,1.673710e-05,-3.011760e-06,-1.554650e-05,-8.761530e-06,-4.280380e-06,-4.644690e-05,-9.312970e-06,-3.846250e-07,-9.984580e-06,6.216080e-06,-2.299500e-06,-1.432380e-05,-1.720790e-05,3.653280e-05,5.310880e-05,5.666320e-06,1.166430e-05,4.505720e-05,-1.450000e-05,-7.596960e-06,3.674610e-05,2.214070e-05,-6.519160e-05,-5.576380e-05,-9.282940e-05,-9.420030e-05,-7.525160e-05,2.413330e-04
6.859530e-05,8.114770e-05,-1.346730e-06,7.516750e-05,9.586950e-05,4.302630e-06,1.353940e-05,9.929750e-05,7.352350e-05,1.478150e-06,-7.108270e-05,9.951240e-06,2.468640e-07,2.886160e-04,4.626370e-04,1.012200e-08,-3.743400e-04,-1.925700e-04,1.893050e-05,9.646480e-04,3.013990e-04,1.442090e-06,2.397980e-05,2.219350e-04,1.388370e-05,-2.350090e-04,2.554450e-04,-7.253710e-07,-3.461500e-05,3.613710e-05,1.168700e-05,1.979940e-05,6.598080e-05,1.565760e-06,3.836050e-06,5.493020e-05,-1.193590e-05,2.312790e-04,1.236530e-06,9.185540e-05,5.585870e-05,3.918100e-05,-6.614030e-06,2.758420e-04,4.297040e-06,-2.018960e-04,7.291380e-05,8.066710e-04,2.312840e-04,1.599330e-05,2.107430e-05,-1.077210e-04,5.509080e-04,5.127330e-04,-3.527220e-05,-1.525220e-04,1.364520e-04,3.892720e-04,1.362270e-04,3.971060e-05,-2.697130e-05,4.456300e-04,2.455940e-05,3.525470e-05,1.110380e-04,-7.486120e-06,-5.569910e-05,1.618150e-04,3.055480e-05,2.682760e-07,3.124480e-05,-1.336310e-04,1.217140e-04,9.865840e-06,2.030880e-04,-1.148680e-05,-1.870680e-07,6.248650e-05,1.586930e-04,-6.832550e-06,2.756480e-04,7.755810e-06,-8.530230e-06,2.703970e-04,2.996120e-04,6.733630e-04,3.242100e-04,-3.324550e-05,-2.336940e-04,4.869610e-05,6.128400e-05,4.864240e-04,4.767080e-04,-4.961890e-05,-8.626470e-05,2.065860e-04,-2.737610e-04,8.334070e-04,2.263030e-04,5.157690e-05,1.260780e-04,1.379360e-04,9.122960e-04,4.042220e-04,-2.184540e-05,9.582370e-05,-4.883030e-05,1.982720e-06,-2.035530e-04,-1.595790e-04,1.233250e-04,-5.247760e-06,-2.157860e-04,1.710070e-04,-1.086430e-05,1.879340e-05,8.196400e-05,-1.610740e-06,1.513810e-04,3.648220e-05,-2.580780e-04,-1.045630e-05,1.087610e-04,2.251570e-04,-1.045800e-04,-1.308050e-04,6.752210e-05,4.788700e-07,2.018890e-04,7.455400e-05,5.277080e-05,3.483040e-04,1.990180e-04,3.503220e-06,-1.458940e-04,-8.345060e-04,9.848130e-04,7.629390e-04
1.943560e-04,3.884390e-04,-8.704450e-06,1.628950e-04,2.200790e-04,8.132730e-06,1.994720e-04,3.115060e-04,4.222060e-04,-4.359170e-07,3.504200e-04,-1.186070e-04,7.646870e-06,3.193440e-04,7.083750e-04,-6.644800e-06,-7.424850e-05,5.584900e-05,2.855590e-05,3.013990e-04,2.742050e-03,-3.066730e-05,1.203830e-04,2.580990e-04,8.632490e-05,7.494160e-05,1.354850e-04,-4.297300e-06,-2.106590e-04,-1.324210e-04,2.917350e-05,-2.409560e-05,2.982590e-04,3.159680e-04,1.387390e-06,-2.874200e-04,-1.723830e-04,7.888690e-04,-2.211270e-05,-5.709960e-06,5.293430e-04,7.840880e-05,-2.053500e-04,5.174980e-04,1.415780e-04,4.365430e-04,-4.889040e-04,7.686190e-04,1.035650e-03,2.343310e-05,-1.640840e-04,-1.290980e-04,8.534590e-04,2.055250e-03,3.799770e-05,2.504160e-04,-6.674720e-04,1.206580e-03,-2.920960e-04,9.068880e-05,3.365800e-05,2.124900e-03,1.455910e-04,4.204610e-04,2.692930e-04,-1.216040e-05,2.141050e-04,7.697210e-06,-2.675900e-04,1.433870e-05,8.347270e-05,1.712240e-04,1.824420e-04,2.648420e-05,2.438610e-04,2.286690e-04,-1.230930e-05,3.203010e-04,1.647330e-04,-3.307680e-04,-1.034040e-03,8.398710e-05,-1.371470e-05,-1.070280e-04,3.824970e-04,1.487000e-03,1.181930e-03,-6.568830e-05,-4.410120e-04,-4.134110e-04,-9.131500e-05,1.875370e-03,1.940740e-03,-4.033100e-04,1.491910e-04,2.841350e-04,-4.072460e-04,1.729680e-03,1.750800e-03,3.651180e-05,2.155070e-04,-7.462430e-04,-5.766640e-04,1.104110e-03,1.726280e-04,-3.292600e-04,-2.025310e-04,1.086100e-05,-4.819650e-04,1.239600e-04,4.825180e-04,-1.911830e-05,-4.740460e-05,2.532660e-05,-1.495130e-05,-6.983440e-04,-2.381430e-04,8.018880e-05,4.574560e-04,7.391940e-04,8.419680e-04,-4.736290e-05,-6.549160e-05,8.389400e-04,5.839690e-04,-4.300410e-04,8.070460e-04,8.574610e-04,6.089200e-04,4.438400e-04,2.897480e-04,2.210440e-03,8.351550e-05,2.178630e-05,7.228710e-04,1.741800e-03,-3.425860e-05,2.250720e-03
-4.625620e-06,1.265800e-05,8.497600e-07,-2.149430e-06,6.268390e-06,6.912010e-07,4.127660e-06,3.960040e-05,5.497130e-06,6.533940e-07,-4.747970e-06,2.751320e-05,3.691720e-06,1.997210e-05,1.180380e-05,7.526010e-07,1.516270e-05,2.920160e-05,-5.392940e-06,1.442090e-06,-3.066730e-05,2.586170e-05,5.563280e-06,1.685330e-05,4.487220e-06,3.005410e-05,6.657890e-06,1.444150e-07,1.084730e-05,1.406890e-05,-1.882800e-06,5.158090e-06,-7.034770e-07,2.072410e-05,-1.460130e-07,2.910520e-06,1.215600e-05,-3.321510e-06,2.307700e-06,4.483870e-06,4.090810e-06,-1.389200e-06,1.256330e-06,9.421960e-06,7.508060e-06,-1.433880e-05,1.338450e-05,-6.611880e-05,-1.755760e-05,6.464140e-06,1.029740e-05,-2.341990e-05,-8.620700e-05,-5.478520e-05,-7.452630e-06,-7.193980e-06,1.584240e-05,-6.255760e-06,5.683140e-05,-1.707740e-07,6.507830e-06,-1.295390e-05,-1.619950e-06,-1.169260e-06,-2.548380e-06,1.608420e-06,-6.146890e-07,-8.986280e-06,8.784010e-06,1.024540e-07,-7.521510e-06,-1.103860e-05,-1.239230e-06,-3.610720e-06,1.196690e-06,6.221240e-06,5.264100e-07,-2.188700e-06,2.210030e-05,3.034480e-05,3.092700e-05,6.795040e-07,9.835050e-06,1.997640e-05,-1.137660e-05,-1.036920e-06,1.801550e-05,2.050490e-05,2.747110e-05,3.230020e-05,-3.755530e-06,4.394450e-06,-4.489550e-05,2.455530e-05,2.055230e-06,7.611850e-06,9.019550e-05,-3.297670e-06,4.447280e-05,1.147270e-05,1.391420e-05,9.552980e-05,9.948890e-05,7.774350e-05,4.556640e-05,8.065120e-06,1.877570e-05,-1.169610e-06,1.901430e-05,1.605600e-06,-1.557170e-05,1.924310e-06,1.332180e-05,-5.376710e-06,3.777240e-06,5.026050e-05,2.214450e-05,9.179070e-06,9.824320e-06,-9.956340e-06,-3.229050e-05,-1.058660e-05,1.915600e-05,-1.952880e-05,-1.810220e-05,5.187180e-06,-2.291590e-05,6.157080e-06,3.215800e-05,-1.708840e-05,6.471470e-05,8.629850e-05,3.724210e-05,2.881430e-05,1.017010e-04,1.427060e-04,2.191770e-04,-1.046440e-04
-1.083980e-06,2.811440e-05,2.415900e-06,3.992340e-05,9.407930e-05,1.520700e-06,2.386570e-06,-1.206380e-05,7.498640e-05,6.558870e-06,1.240270e-04,1.765780e-04,-6.446790e-06,-3.491790e-05,1.176950e-04,8.593360e-06,3.762230e-05,2.180120e-04,1.037250e-05,2.397980e-05,1.203830e-04,5.563280e-06,5.593030e-04,2.029910e-04,4.484330e-06,-3.060120e-06,-4.134600e-05,2.427370e-05,9.102280e-05,1.167610e-04,3.249200e-06,-1.636740e-05,1.121040e-04,8.849230e-05,7.994160e-07,4.627430e-05,4.707220e-05,-2.208560e-04,1.107430e-05,6.360200e-05,2.193510e-04,1.405280e-05,2.015900e-04,-1.125040e-05,2.449260e-05,-8.696250e-05,6.261630e-05,5.963130e-05,2.318340e-04,2.542370e-05,-1.160270e-04,2.672510e-04,1.962470e-04,4.278180e-04,-3.140210e-05,-1.028700e-04,1.187600e-04,3.638490e-04,4.860670e-04,-2.305950e-05,-1.186010e-04,-2.363790e-04,8.226600e-05,-3.634150e-05,3.837720e-06,-2.380520e-06,-6.723010e-05,2.966260e-08,1.048590e-04,-3.743560e-06,-5.625380e-05,2.550290e-05,5.675960e-05,1.232230e-05,-5.324110e-05,2.942820e-04,4.280700e-06,4.136120e-05,1.640370e-04,3.147710e-04,-4.750410e-05,6.253110e-06,8.518590e-06,6.617020e-05,1.759380e-04,1.126220e-04,1.050410e-04,-5.525680e-06,3.522370e-05,3.679130e-04,3.658550e-04,3.987980e-04,-7.486410e-05,8.227690e-05,-1.323570e-04,6.870480e-05,5.808840e-04,4.207250e-05,-1.378850e-05,-5.231700e-05,3.064630e-05,3.600540e-04,4.673070e-04,-1.884650e-05,4.291410e-05,-3.425680e-05,2.575170e-04,-1.933030e-06,7.561310e-05,1.115040e-04,2.070290e-05,3.748920e-07,4.595590e-05,1.548440e-05,1.950900e-05,1.396660e-04,1.365690e-04,-6.891350e-05,-7.668300e-06,1.067160e-04,1.710270e-04,1.403280e-05,1.184700e-04,-2.579850e-05,1.103690e-04,5.421450e-05,-5.015640e-05,2.310780e-04,-3.070100e-05,-1.046440e-04,3.014280e-04,5.339490e-04,7.881000e-04,1.749790e-04,4.846050e-04,6.557360e-04,1.772250e-03,4.676060e-04
3.910110e-05,2.201470e-04,-4.634590e-06,7.289570e-05,1.728740e-04,3.287590e-06,4.804040e-05,2.811690e-04,2.113030e-04,-1.421030e-06,1.029420e-04,6.022880e-04,-1.442910e-05,1.814290e-04,5.192320e-05,1.006050e-05,4.617040e-05,3.392940e-04,4.552710e-05,2.219350e-04,2.580990e-04,1.685330e-05,2.029910e-04,1.645750e-03,-1.475310e-05,4.976870e-05,-1.252230e-04,4.801870e-05,1.317560e-05,2.071140e-04,1.344430e-05,7.881370e-05,1.287420e-05,3.416100e-04,-8.360070e-07,1.276900e-04,-9.280290e-05,3.384250e-04,8.704570e-07,-1.510600e-05,1.659170e-04,4.531940e-05,1.838260e-04,2.027130e-04,9.208250e-05,4.793660e-05,-2.148070e-04,4.385730e-04,2.634690e-04,-1.702520e-05,-6.903330e-06,-7.352450e-04,1.109600e-04,9.383640e-04,1.204190e-04,-2.016200e-04,1.625830e-04,6.030430e-04,9.212130e-04,8.936700e-05,-1.493490e-04,-1.978950e-04,8.836670e-05,3.794640e-05,-1.147290e-04,-2.926970e-06,-3.337130e-05,1.890230e-04,-1.318390e-04,4.177820e-06,5.026420e-05,-1.119610e-04,2.907720e-04,7.734330e-06,6.231090e-06,1.182580e-04,-1.958960e-05,-5.873460e-05,6.269500e-04,2.028770e-04,2.542200e-04,-2.980940e-05,3.593270e-05,3.086770e-04,2.891150e-04,5.954590e-04,8.620050e-05,4.314640e-05,3.375190e-05,4.073760e-04,5.404390e-04,8.062390e-04,4.018120e-05,-3.882360e-05,-8.908570e-05,-2.376090e-04,8.808240e-04,2.815250e-04,1.672560e-04,-6.185630e-05,1.990470e-04,5.324670e-04,9.009150e-04,3.126920e-04,5.770790e-05,2.573240e-04,8.083820e-05,5.993710e-06,5.077920e-05,3.985780e-05,-1.366160e-04,4.539520e-06,8.917280e-07,2.369710e-04,1.134290e-05,1.996410e-04,3.601600e-04,3.826880e-05,-9.409380e-05,2.621920e-04,-3.910440e-04,-3.047350e-05,-1.092490e-05,2.381720e-04,2.225980e-04,7.097250e-05,-8.875050e-06,4.913450e-04,1.074920e-04,-1.633970e-04,8.230780e-04,6.929960e-04,6.101630e-04,-2.322750e-04,-5.987920e-05,-1.506460e-04,3.971280e-03,1.128940e-03
2.222320e-05,3.057380e-05,8.312060e-08,8.775570e-06,2.557370e-05,1.455520e-06,9.289280e-06,3.980610e-05,6.650730e-05,3.652400e-07,3.892720e-05,2.423190e-05,2.105200e-06,2.019990e-05,7.324840e-05,3.645790e-06,2.555910e-05,2.323010e-05,-7.669540e-06,1.388370e-05,8.632490e-05,4.487220e-06,4.484330e-06,-1.475310e-05,3.548870e-05,1.632120e-05,2.163740e-05,-7.106930e-06,-6.670370e-06,-1.320360e-05,1.643550e-06,-5.477600e-06,1.660500e-05,-5.639630e-06,3.132520e-06,-1.287100e-05,1.125580e-05,1.170350e-05,-4.393210e-06,6.194960e-06,4.934570e-06,9.231580e-06,-1.586740e-05,3.984390e-05,1.800390e-05,4.600200e-06,7.332450e-05,8.348740e-05,1.041530e-04,5.478930e-06,-3.884720e-06,9.799370e-05,7.158340e-05,5.591580e-05,1.604820e-05,1.785430e-05,-3.648790e-06,-6.052610e-05,-1.772310e-05,2.229290e-05,3.625050e-05,8.580880e-05,3.723000e-05,-1.839680e-06,1.582170e-05,-8.663020e-07,2.374070e-06,8.648070e-06,1.634710e-05,-3.154830e-06,-4.658980e-06,2.345600e-05,4.233840e-06,3.166880e-06,6.092470e-06,-4.805380e-06,-6.658000e-06,-3.647870e-06,-2.712650e-05,-4.729130e-06,-1.653110e-05,-1.200220e-05,-6.837740e-06,-8.058550e-07,4.090520e-05,5.291810e-05,5.349150e-05,-3.928110e-06,-1.806680e-05,-3.011380e-05,3.577500e-06,2.480030e-05,7.190770e-05,-2.401480e-05,7.656110e-06,7.144080e-06,-8.484700e-05,2.513690e-05,-2.620270e-06,1.418340e-06,2.774060e-06,-2.913540e-05,-8.730680e-05,4.019380e-05,1.983980e-05,7.671640e-06,7.185260e-06,7.903310e-08,-2.847090e-07,-7.170180e-07,9.001950e-06,9.420990e-07,-2.410850e-06,6.356690e-06,5.231330e-06,-2.910640e-05,-1.996700e-05,-4.448740e-06,-4.702630e-06,-6.263460e-06,2.105390e-05,-1.931240e-05,-8.622870e-06,-1.803110e-06,-2.058100e-06,1.566870e-05,2.126530e-05,-1.767220e-05,2.823030e-07,4.343020e-05,-6.435850e-05,-7.928170e-05,1.700170e-05,2.859350e-05,-9.053920e-05,-1.127920e-04,-2.861800e-04,1.092690e-04
8.543100e-05,7.891460e-05,4.025830e-06,3.607590e-05,9.583220e-05,3.569960e-06,6.443030e-05,1.029070e-04,5.302530e-05,-8.792320e-07,5.091760e-05,4.322590e-05,1.435850e-05,4.805560e-05,1.549430e-04,1.665400e-05,2.058040e-04,3.884030e-04,-3.525950e-05,-2.350090e-04,7.494160e-05,3.005410e-05,-3.060120e-06,4.976870e-05,1.632120e-05,1.129310e-03,1.395160e-04,9.345940e-06,-2.092930e-06,8.037420e-05,-2.052400e-06,-7.542390e-05,2.573160e-05,3.409190e-05,3.344990e-06,2.060170e-05,6.305040e-05,2.341480e-04,2.655790e-06,3.402730e-05,7.110290e-05,3.702870e-05,7.485100e-06,-1.276880e-04,9.666780e-06,2.422410e-04,6.106760e-04,7.415790e-04,-4.809880e-05,-1.108860e-05,-1.342110e-04,8.341580e-05,2.572750e-04,6.529500e-04,3.111830e-05,-2.097730e-04,2.896250e-05,6.430810e-04,5.029600e-04,6.118280e-05,-2.841330e-04,1.874560e-04,-3.747510e-05,1.830550e-05,-6.084490e-06,3.299530e-06,8.734520e-07,1.172800e-04,2.431110e-05,2.780800e-07,2.118090e-05,-1.044870e-06,1.526270e-04,-3.256460e-06,4.862250e-05,-9.477280e-05,-2.641010e-05,-2.095860e-05,-1.488800e-04,-8.167840e-05,-2.433130e-04,6.018250e-05,1.607110e-04,2.487780e-04,1.743590e-04,2.449720e-04,1.556440e-04,7.352940e-06,2.306020e-05,2.909750e-04,-3.613200e-05,1.366730e-04,1.839880e-04,-6.975800e-05,-4.837450e-05,2.291120e-04,1.070420e-04,2.511770e-04,-2.883940e-04,2.591860e-05,-1.897960e-04,2.271410e-04,7.286510e-04,3.592130e-04,6.977650e-05,1.984180e-04,1.085290e-04,-4.724530e-06,8.885630e-05,6.457680e-05,2.842880e-05,-7.588980e-06,-7.954250e-05,3.177490e-05,2.731520e-05,-2.558340e-05,-9.414430e-05,1.069760e-04,-7.955140e-05,-1.540840e-04,9.794700e-06,1.213620e-04,7.687310e-05,-6.700510e-05,-3.478240e-05,-2.014800e-04,6.986290e-05,3.228830e-04,2.174830e-04,6.372190e-05,6.571460e-04,9.130520e-04,3.301160e-04,2.195960e-04,2.783690e-04,-6.549980e-04,1.786140e-03,9.700700e-05
4.149920e-05,2.301900e-04,5.849590e-07,6.262520e-05,6.681660e-05,3.842030e-06,1.060360e-04,3.249920e-04,2.355220e-04,-1.626920e-05,-7.363430e-05,8.351080e-05,5.343200e-06,2.833130e-04,4.912340e-04,1.809060e-05,6.647820e-05,-1.358660e-04,2.410400e-05,2.554450e-04,1.354850e-04,6.657890e-06,-4.134600e-05,-1.252230e-04,2.163740e-05,1.395160e-04,2.043490e-03,-2.777580e-05,-5.148160e-05,-2.559770e-06,-1.486110e-08,3.970720e-05,1.025790e-04,1.487100e-04,2.178710e-06,-2.864460e-05,3.264750e-05,2.155400e-04,3.128760e-05,-4.007010e-08,4.341200e-04,3.347060e-05,-1.582030e-04,2.053560e-04,-7.796400e-06,1.162730e-04,6.005870e-04,1.197490e-03,1.037740e-04,-4.354980e-05,-5.191380e-05,1.588760e-04,6.587340e-04,1.489020e-03,-6.022230e-05,-1.288580e-04,-4.529000e-04,1.320020e-03,1.042800e-03,1.967060e-04,-6.778910e-04,5.171730e-04,-4.645090e-05,1.294540e-04,2.375750e-05,2.047310e-06,2.303100e-05,4.941480e-05,1.348660e-05,6.384830e-07,-6.709170e-06,1.305010e-05,-5.575670e-05,-1.957960e-05,1.841520e-04,-1.159800e-04,-1.402490e-05,1.563490e-05,-6.953960e-05,-1.465170e-04,-5.709120e-04,1.086690e-04,4.926310e-05,2.721340e-04,2.346330e-04,7.536420e-04,5.665580e-04,-1.579120e-04,-4.243200e-05,3.838370e-04,-6.231050e-04,-3.648160e-04,2.912960e-04,1.660020e-04,3.876420e-05,2.318370e-04,-5.776250e-04,5.673930e-04,-2.798230e-04,1.657900e-05,-2.989680e-04,7.684110e-05,1.170210e-03,-1.551480e-04,2.761780e-05,8.384410e-05,2.798450e-05,-3.049590e-06,-1.801220e-04,-1.803820e-04,1.617640e-04,-1.761840e-05,-2.184200e-04,-1.180020e-04,6.559370e-05,8.703710e-06,-4.503450e-04,6.682890e-05,1.477190e-04,-2.703370e-04,-1.494990e-04,-5.285240e-05,4.467040e-05,-2.084440e-04,-5.695900e-05,1.567450e-04,1.482180e-05,-1.130470e-04,-2.647580e-04,-5.424270e-05,5.809810e-04,1.437550e-03,-5.545490e-04,5.588310e-04,6.411770e-04,-6.230670e-04,3.581380e-03,4.214040e-04
-6.711050e-06,-1.893550e-06,-2.241140e-07,-3.889150e-06,1.583280e-05,1.624160e-06,6.097760e-06,-8.894910e-06,-3.324980e-06,8.327240e-07,1.602970e-05,1.708770e-05,-5.846320e-07,2.671450e-07,1.865390e-05,5.551500e-08,3.947390e-06,8.982610e-05,7.499620e-06,-7.253710e-07,-4.297300e-06,1.444150e-07,2.427370e-05,4.801870e-05,-7.106930e-06,9.345940e-06,-2.777580e-05,3.070200e-05,1.157700e-05,1.810370e-05,1.487280e-06,1.763990e-05,1.252160e-05,8.174170e-06,-1.013760e-06,1.823940e-05,3.191170e-05,1.859940e-05,2.941450e-06,1.141320e-05,1.932180e-05,8.871820e-07,1.872780e-05,2.032270e-06,1.516480e-06,-1.796650e-06,1.204050e-05,3.474500e-05,1.016520e-04,1.134720e-06,9.179850e-06,6.608080e-06,3.574230e-05,7.215000e-05,7.031480e-06,-7.894030e-06,3.737000e-05,-8.881410e-06,6.815510e-05,5.242370e-06,-9.731670e-06,-2.427340e-04,3.530860e-06,-1.046520e-05,-2.121610e-05,2.165530e-08,-4.780390e-06,-7.382100e-07,1.262310e-05,1.519120e-06,-7.477540e-06,-8.314770e-06,4.623760e-06,-5.238720e-07,-1.834840e-05,1.363000e-05,4.375960e-06,-1.527310e-05,2.305600e-05,4.288580e-05,6.636180e-05,-7.122830e-06,7.056410e-06,5.793180e-06,8.682270e-06,-1.264550e-05,-6.697130e-05,-1.837270e-06,1.634410e-05,4.727830e-05,8.135470e-05,6.288840e-05,-5.396150e-05,9.225420e-06,-8.370420e-06,7.841210e-07,1.395710e-04,5.025930e-05,9.080630e-05,-6.135500e-07,1.098910e-05,3.548450e-05,1.346150e-04,1.221520e-04,-2.637320e-05,-7.127480e-06,-9.515420e-07,5.484670e-07,3.951400e-06,-5.230410e-06,-1.898830e-05,-3.613530e-06,-6.857030e-07,-2.262410e-05,-3.794410e-06,3.181400e-05,1.072670e-05,-1.162570e-05,-4.772360e-06,-7.667430e-06,-5.727310e-06,2.635940e-05,1.056850e-05,-1.806820e-05,-1.165250e-05,-9.308920e-06,-3.447070e-05,1.096360e-05,-1.334990e-05,-3.922320e-05,3.405150e-05,-4.094700e-05,-1.247400e-05,6.041840e-06,4.301100e-05,4.180340e-05,9.802540e-05,2.256140e-05
-2.418960e-04,-3.670490e-05,4.326560e-06,2.632880e-05,-8.689480e-06,-1.177900e-06,-3.895080e-05,-5.337620e-05,6.908670e-05,-2.162320e-06,1.122240e-04,5.050500e-05,2.858640e-06,-1.220540e-04,9.867280e-06,1.097520e-05,1.085230e-04,-2.766110e-05,-1.902520e-06,-3.461500e-05,-2.106590e-04,1.084730e-05,9.102280e-05,1.317560e-05,-6.670370e-06,-2.092930e-06,-5.148160e-05,1.157700e-05,4.579150e-04,1.465420e-04,-1.194590e-05,1.485150e-06,9.562790e-05,2.686160e-06,1.609860e-06,1.617580e-05,8.844990e-05,-1.198390e-04,2.283230e-06,6.309510e-05,1.378430e-04,-1.544050e-05,1.075810e-04,-1.743490e-04,2.628590e-06,-1.015660e-04,2.505160e-04,2.125290e-04,-2.005800e-04,2.385860e-05,2.418980e-06,3.678220e-04,-5.247160e-06,5.153530e-05,-5.343610e-06,-2.227600e-05,2.869830e-04,-1.759450e-04,3.510890e-04,1.482600e-05,3.108400e-05,-2.518990e-04,3.861130e-05,-7.279000e-05,-1.430910e-04,9.016230e-06,-5.814030e-05,-4.310150e-05,1.402210e-04,-5.230790e-06,-3.632270e-05,3.640640e-05,1.325460e-04,8.454190e-06,-1.082480e-04,1.428850e-04,9.631690e-06,-1.941090e-05,-7.219750e-05,2.330100e-04,2.303410e-04,8.473120e-06,1.878160e-05,-2.189630e-05,1.777300e-04,-6.756010e-05,1.109030e-04,-1.084020e-05,1.584260e-04,8.723560e-05,9.407520e-05,1.617100e-04,2.865250e-04,2.449300e-05,1.282370e-05,-5.452050e-06,1.544120e-04,3.950900e-04,6.053530e-05,2.221110e-05,2.901670e-05,1.947070e-04,2.396110e-04,1.119580e-04,3.106230e-05,-3.281740e-04,-1.398580e-04,2.771500e-06,1.212500e-04,-1.052570e-05,-2.538920e-05,3.881840e-06,1.408720e-04,1.524980e-04,-2.610190e-05,1.713470e-04,1.475980e-04,-6.728770e-06,-4.476720e-05,3.053930e-05,1.121010e-04,-3.200910e-05,1.082840e-04,-7.486600e-05,2.004700e-04,5.828160e-05,-4.145950e-05,2.976550e-04,3.973320e-05,1.907680e-06,4.357850e-04,4.954920e-04,3.489190e-04,2.450400e-04,3.141030e-04,2.775760e-04,1.996950e-03,1.930410e-04
-6.032740e-06,-1.765840e-04,7.256790e-07,5.076750e-05,1.327180e-04,5.495480e-06,-6.787800e-05,1.565210e-04,-1.998510e-05,1.079220e-06,9.251250e-05,2.834210e-04,-1.005330e-05,-1.365150e-05,1.898590e-04,1.458110e-05,1.767900e-04,3.059710e-04,7.407810e-06,3.613710e-05,-1.324210e-04,1.406890e-05,1.167610e-04,2.071140e-04,-1.320360e-05,8.037420e-05,-2.559770e-06,1.810370e-05,1.465420e-04,8.688430e-04,-3.159970e-06,2.330580e-05,-5.048700e-05,-1.133410e-05,4.821450e-06,1.513830e-04,1.566430e-06,1.115830e-04,1.940640e-05,6.799570e-05,7.703370e-05,1.892430e-05,1.214830e-04,-1.050290e-04,3.994480e-07,-8.716780e-05,1.053550e-04,5.531120e-04,2.129130e-04,-6.810900e-06,6.082780e-05,3.099600e-05,2.826730e-04,8.300200e-04,4.480840e-05,-6.054810e-05,2.709770e-04,5.886560e-04,5.067100e-04,1.121550e-04,1.357170e-05,-2.605570e-04,1.911700e-05,-1.660380e-04,-2.453680e-05,-1.245790e-06,-1.663870e-06,4.102370e-05,7.091700e-06,6.599030e-07,1.046170e-04,7.566800e-05,4.297690e-04,-1.288600e-05,4.730810e-05,2.512690e-04,1.393390e-05,-9.165600e-05,2.271810e-04,4.216300e-04,-5.276470e-05,7.397720e-05,-1.087460e-04,1.086610e-04,4.256060e-04,1.777800e-04,5.995870e-05,3.452060e-06,1.364040e-04,3.857780e-04,3.076280e-04,4.380950e-04,6.907600e-07,4.284250e-05,2.399480e-05,1.323950e-04,3.102020e-04,-7.169140e-05,5.520890e-05,-1.801560e-05,2.369870e-04,5.643800e-04,1.035880e-03,5.341560e-04,1.052450e-04,-6.098080e-04,-2.793330e-04,1.287000e-05,-1.962860e-05,8.521440e-05,-1.132170e-04,3.325000e-05,1.448230e-04,-1.480080e-05,-1.634440e-05,4.551630e-04,2.219050e-04,-1.221300e-05,9.087400e-05,3.141210e-04,2.596990e-04,-5.415160e-05,2.180740e-04,1.879270e-04,4.078230e-04,9.158270e-05,-1.227160e-04,4.184390e-04,3.435970e-04,-2.547210e-04,3.834580e-04,1.313980e-03,9.525620e-04,8.690390e-05,8.861940e-04,1.239370e-03,2.637770e-03,5.774650e-04
-4.453020e-07,2.100970e-05,-2.584200e-06,2.956030e-06,6.897650e-06,8.324420e-07,9.489010e-06,1.059810e-05,1.274490e-05,4.013000e-07,2.415460e-06,8.185630e-06,-9.722810e-07,6.390370e-06,2.036740e-05,-1.677200e-06,-1.535440e-07,2.581490e-05,2.235860e-06,1.168700e-05,2.917350e-05,-1.882800e-06,3.249200e-06,1.344430e-05,1.643550e-06,-2.052400e-06,-1.486110e-08,1.487280e-06,-1.194590e-05,-3.159970e-06,6.932660e-06,1.902940e-06,-4.625870e-06,-1.336520e-05,4.881020e-07,4.186090e-06,1.053880e-06,-1.959080e-06,5.305260e-07,1.047240e-06,3.884630e-06,2.857250e-06,2.058610e-06,2.145370e-05,3.370420e-06,-1.723650e-06,2.009550e-05,2.135430e-05,2.132740e-05,-1.780370e-08,3.058340e-07,1.763160e-05,1.348710e-05,1.202170e-05,-1.413300e-07,7.994330e-07,1.016840e-05,9.668790e-06,2.204370e-05,-3.544950e-06,1.883380e-06,1.411130e-05,2.486560e-06,1.665930e-06,1.073390e-06,-4.049270e-06,4.992640e-06,1.770840e-06,-5.052080e-06,7.920650e-07,5.283120e-06,5.208930e-06,-7.043860e-07,-2.609630e-08,4.971610e-06,3.958980e-06,1.881480e-06,5.486880e-06,3.626240e-06,-1.713420e-06,1.763970e-05,3.158040e-06,2.312530e-07,2.799730e-06,4.604880e-06,1.296750e-05,4.373270e-06,8.645250e-07,-3.225720e-06,-4.005550e-06,6.560640e-06,1.945770e-05,3.095980e-05,1.201400e-05,4.211010e-07,3.556790e-06,1.436750e-05,2.936250e-05,3.579680e-05,6.179310e-06,1.215840e-06,8.407230e-06,2.663840e-05,5.493480e-05,4.198530e-06,2.330080e-05,1.554450e-05,2.419590e-06,1.045450e-05,1.198680e-05,1.198610e-05,8.315340e-07,8.308650e-06,1.120150e-05,-3.486960e-08,1.604350e-06,1.950850e-06,-3.563010e-06,4.226000e-06,-7.795200e-07,-6.902870e-06,-8.172020e-07,3.123370e-07,2.005640e-07,-6.022800e-06,-4.756570e-06,6.309580e-06,8.525630e-06,1.175820e-05,1.113840e-05,1.364540e-05,2.267130e-05,2.783600e-05,9.986080e-06,2.887950e-05,5.808420e-05,7.111840e-05,6.828520e-07
1.667360e-05,4.318070e-05,-1.777670e-06,-1.381250e-04,-3.845260e-05,3.406310e-06,-6.403180e-05,4.633530e-05,1.879490e-05,-2.785960e-06,-1.126150e-05,2.925970e-06,7.094950e-06,5.630830e-05,-1.172020e-04,-1.777120e-06,1.337310e-05,2.198310e-04,1.655670e-06,1.979940e-05,-2.409560e-05,5.158090e-06,-1.636740e-05,7.881370e-05,-5.477600e-06,-7.542390e-05,3.970720e-05,1.763990e-05,1.485150e-06,2.330580e-05,1.902940e-06,3.413980e-04,8.206250e-05,-1.229730e-04,6.635300e-06,1.058830e-04,8.470420e-05,3.591460e-05,1.051260e-05,8.234790e-05,-3.932550e-05,3.524530e-06,-5.333650e-05,1.535990e-04,2.721800e-05,9.551030e-07,5.172330e-06,-8.930930e-05,3.475460e-04,1.705210e-05,3.061520e-06,-1.224650e-05,9.585070e-05,2.268540e-04,6.185140e-06,-2.180200e-05,-5.951290e-05,-8.455040e-05,2.850770e-04,-2.264780e-05,3.998540e-05,-3.396250e-04,4.273110e-05,-5.674910e-05,-8.275830e-06,1.868010e-06,3.309550e-05,-3.737220e-05,1.033540e-04,-8.314450e-06,-8.064310e-05,-6.544150e-05,5.464840e-05,-1.300940e-05,-3.258450e-05,1.629490e-06,8.080840e-06,-1.157550e-04,9.508280e-05,-7.998500e-05,1.397220e-04,-7.196520e-06,7.373260e-05,2.468190e-05,-1.349190e-04,-2.240150e-05,-9.260780e-05,-2.044550e-05,4.649470e-05,1.880880e-04,1.365880e-04,2.710720e-05,-2.847750e-04,1.093830e-04,4.717710e-05,4.701570e-05,4.322620e-04,-6.070680e-05,3.950060e-04,5.344160e-05,7.302990e-05,2.399800e-04,2.878770e-04,3.231940e-04,-4.395250e-05,-1.141370e-04,-7.007010e-05,2.191430e-06,-2.271720e-04,-2.793380e-04,1.855830e-05,1.160760e-05,-1.979260e-04,2.062890e-05,2.258080e-05,1.237090e-04,8.818040e-05,-2.971860e-05,8.550760e-05,-1.626300e-05,-2.579340e-04,1.501550e-05,1.901710e-04,2.326720e-05,-1.213450e-04,1.074860e-04,7.285430e-05,-8.911260e-05,-2.159300e-04,6.778000e-05,7.902620e-05,-4.196110e-04,-9.061960e-05,-8.529860e-05,-1.431060e-04,-4.432440e-05,2.065730e-04,-1.420520e-04
4.915770e-05,1.504190e-04,3.500970e-06,-4.091040e-05,-6.132170e-05,1.470690e-06,7.654860e-05,9.004650e-05,1.948690e-04,-4.808830e-06,1.095700e-04,5.094740e-05,1.547780e-05,1.212880e-04,2.891260e-04,-1.643890e-05,9.065390e-05,-1.581500e-05,2.242450e-05,6.598080e-05,2.982590e-04,-7.034770e-07,1.121040e-04,1.287420e-05,1.660500e-05,2.573160e-05,1.025790e-04,1.252160e-05,9.562790e-05,-5.048700e-05,-4.625870e-06,8.206250e-05,7.070000e-04,1.129780e-04,5.526600e-06,-4.126450e-05,2.490680e-04,1.646660e-04,1.277680e-05,1.155280e-04,2.509450e-04,1.805520e-05,-9.386130e-05,2.689610e-04,7.541280e-05,-4.511710e-05,5.095310e-04,5.070900e-04,4.424480e-04,1.330860e-05,-4.511070e-05,3.761890e-04,2.675420e-04,7.017820e-04,4.927560e-05,1.339490e-05,1.935970e-04,3.557810e-04,6.886450e-04,5.643170e-05,2.100150e-05,3.090830e-04,5.990810e-05,-5.695800e-05,1.799050e-05,8.889590e-06,2.189660e-05,-3.497890e-05,-1.291730e-04,-1.258610e-06,-1.170130e-04,-4.487260e-05,-1.414350e-05,9.037140e-06,-2.399600e-05,1.622660e-04,-8.216550e-06,7.806250e-05,3.915360e-05,2.077100e-04,-1.243320e-04,-7.331580e-07,1.024170e-04,7.730610e-05,2.972540e-04,2.270950e-04,2.178080e-04,-2.844730e-05,5.768760e-05,-1.544460e-04,1.381760e-04,7.655090e-04,6.008810e-04,9.434230e-06,-3.600890e-06,3.975210e-05,3.961170e-04,5.499200e-04,7.754230e-04,6.488590e-05,-3.946870e-05,2.098410e-04,2.521690e-05,3.870130e-04,5.646090e-05,-3.273700e-04,1.397560e-04,1.531760e-07,-1.317240e-04,-1.556210e-04,-8.611880e-05,1.581060e-05,-1.545660e-04,-2.138580e-04,-2.775930e-07,-8.992860e-05,-1.400010e-04,3.000680e-05,1.486050e-04,2.778120e-05,3.245130e-04,4.080980e-05,2.322610e-04,-1.040860e-04,-7.573760e-05,-3.956890e-06,1.032820e-04,8.152010e-06,-1.804750e-04,1.201320e-04,5.120020e-05,4.096750e-05,-3.387840e-04,3.489040e-04,3.405510e-04,4.365650e-04,-1.245150e-03,7.002850e-04
1.124490e-04,1.463930e-04,9.028830e-06,1.183810e-04,2.332130e-04,-1.493450e-05,3.969440e-05,2.145690e-04,6.544620e-05,8.703210e-06,1.442330e-04,4.513600e-04,3.742360e-06,1.495470e-04,1.786160e-04,-9.737760e-06,7.719900e-05,1.646070e-04,1.270100e-05,1.565760e-06,3.159680e-04,2.072410e-05,8.849230e-05,3.416100e-04,-5.639630e-06,3.409190e-05,1.487100e-04,8.174170e-06,2.686160e-06,-1.133410e-05,-1.336520e-05,-1.229730e-04,1.129780e-04,1.293150e-03,-2.920670e-05,-5.583720e-05,2.054990e-04,4.148390e-04,-6.624560e-07,2.315700e-05,3.579440e-04,2.182860e-05,-2.256330e-05,2.673110e-04,1.043160e-04,2.527930e-04,4.215160e-04,6.309290e-04,1.754090e-04,9.921980e-06,1.844980e-05,6.230920e-05,8.925560e-04,1.091660e-03,1.967520e-05,1.401290e-04,8.805210e-05,1.397040e-03,2.890630e-04,1.449550e-04,-2.049680e-05,8.781030e-04,2.195180e-05,2.151090e-04,6.198960e-05,8.220460e-06,1.440810e-04,-1.714040e-04,-3.047970e-04,1.460720e-05,1.928680e-04,6.132730e-05,-2.726560e-04,3.446880e-05,1.275030e-04,-2.007860e-04,3.252790e-05,6.240020e-05,3.744930e-04,2.866090e-04,8.086170e-05,3.039840e-06,-1.488620e-06,4.141710e-04,3.724910e-04,8.963440e-04,6.293790e-04,5.739820e-05,-6.505430e-05,3.404430e-04,3.731220e-04,1.114040e-03,1.024810e-03,-5.841460e-05,3.769150e-05,-1.056450e-05,2.079790e-04,1.817470e-03,1.065500e-03,-7.425090e-05,7.555690e-05,1.286760e-04,1.252360e-03,6.177630e-04,1.229890e-04,1.075700e-04,8.296700e-05,1.693230e-06,1.487510e-04,-4.185520e-06,-1.842300e-04,3.858740e-06,2.448470e-04,-8.895340e-05,4.253660e-05,7.372080e-05,-1.486460e-04,3.361840e-05,5.989420e-05,1.841020e-04,8.030170e-05,1.266220e-04,-2.258520e-04,5.120580e-05,-6.044060e-05,-2.037110e-04,-1.123610e-04,1.786620e-04,3.555470e-04,-3.170700e-04,1.984000e-04,1.473410e-03,6.171980e-05,-7.886820e-05,8.468880e-04,1.002550e-03,2.386750e-03,1.034850e-03
-2.755160e-06,1.471220e-06,-5.120120e-08,-1.881710e-06,-2.399710e-06,2.581030e-07,1.228590e-06,1.291250e-06,1.001720e-05,-8.174810e-07,-2.748450e-06,1.298060e-06,4.024780e-07,-2.612790e-06,1.152640e-05,1.143320e-06,-9.534340e-07,-3.328600e-06,-1.518290e-06,3.836050e-06,1.387390e-06,-1.460130e-07,7.994160e-07,-8.360070e-07,3.132520e-06,3.344990e-06,2.178710e-06,-1.013760e-06,1.609860e-06,4.821450e-06,4.881020e-07,6.635300e-06,5.526600e-06,-2.920670e-05,3.293940e-06,2.802000e-06,-8.922500e-07,-4.042720e-06,-2.855040e-07,5.166260e-06,2.532320e-06,-3.054610e-07,4.302580e-06,8.179720e-06,1.266220e-06,1.620170e-07,1.619820e-06,1.880230e-06,1.683490e-05,1.220320e-06,1.222520e-06,1.280650e-05,7.672430e-06,1.284900e-05,5.355210e-07,-1.728400e-06,7.847380e-06,3.931130e-06,2.097210e-05,-1.662590e-06,3.170690e-07,-5.027100e-06,5.236070e-06,-5.261420e-06,3.946300e-07,-1.747650e-07,-8.873870e-07,9.741030e-06,1.444750e-06,-2.750630e-06,-3.179030e-06,-3.359960e-06,4.425680e-06,2.234590e-06,1.804410e-06,5.740810e-06,1.200020e-06,3.123910e-06,-3.166450e-06,-3.867480e-06,3.036500e-06,1.399880e-06,4.195620e-06,-1.406320e-06,-1.963420e-06,6.042330e-06,1.007360e-05,2.669130e-06,1.456330e-06,-6.692860e-08,7.528920e-07,-1.388020e-06,2.944020e-06,3.125360e-06,-5.143480e-07,3.778900e-06,9.189520e-06,3.074690e-06,8.670430e-06,2.904580e-06,-2.852740e-06,6.080420e-06,2.173630e-05,4.297690e-05,-1.966640e-06,-1.176140e-05,-7.439870e-06,1.979330e-07,-9.311320e-06,-1.041870e-08,1.357180e-05,2.457770e-06,-8.846980e-06,5.458930e-06,-1.066060e-06,-3.392540e-06,2.847600e-06,-1.988000e-06,5.043600e-07,-8.694010e-06,-1.563730e-05,-7.207570e-06,4.816620e-06,1.917260e-06,4.717180e-06,6.504750e-06,2.673780e-06,7.700760e-07,-2.074060e-06,5.274680e-06,1.013380e-05,4.459170e-06,1.043140e-05,1.999600e-07,-1.021520e-06,6.908720e-06,1.320360e-05,-1.124390e-05
2.211310e-05,-2.730930e-05,-1.945530e-06,-6.253350e-05,6.639790e-05,1.318710e-06,-9.927170e-05,-1.014640e-04,4.925630e-05,2.062350e-06,-4.937070e-05,-2.720880e-06,-4.937760e-06,-6.366070e-05,6.406140e-05,-1.681870e-06,5.661890e-05,1.433570e-04,2.204270e-06,5.493020e-05,-2.874200e-04,2.910520e-06,4.627430e-05,1.276900e-04,-1.287100e-05,2.060170e-05,-2.864460e-05,1.823940e-05,1.617580e-05,1.513830e-04,4.186090e-06,1.058830e-04,-4.126450e-05,-5.583720e-05,2.802000e-06,4.568040e-04,1.427090e-04,-7.195980e-05,6.806850e-06,1.464400e-04,-7.675480e-06,2.211870e-05,1.882510e-04,-7.135630e-05,-5.970090e-06,-1.547770e-04,3.915730e-05,3.653370e-04,1.513110e-05,4.640740e-06,9.352910e-06,-2.220930e-05,9.833510e-05,1.720320e-04,1.174970e-05,-1.796140e-04,1.943440e-04,4.960280e-05,1.210570e-04,7.262110e-05,-4.723630e-05,-3.920200e-04,1.595270e-05,-1.196970e-04,-8.408950e-05,-1.580610e-06,-4.935640e-05,1.690670e-05,1.160070e-04,-5.940770e-06,1.746920e-04,-1.212980e-04,1.040010e-04,-1.556030e-05,-7.120460e-05,9.712110e-05,-1.783730e-05,-1.225400e-04,1.462030e-05,1.932210e-04,-1.732270e-05,2.966170e-05,-4.837940e-05,1.033850e-05,9.350530e-05,-2.362080e-04,-2.378310e-04,1.136040e-05,1.655060e-04,4.258270e-04,2.150040e-04,-6.981670e-05,-6.626470e-04,1.073760e-04,-2.299000e-05,1.540990e-04,-1.925230e-05,-9.524190e-04,-5.360890e-04,4.128040e-05,8.837090e-05,4.227880e-04,8.205850e-04,-2.735600e-04,-5.008950e-05,1.006630e-04,2.334960e-04,1.399330e-06,7.267390e-06,-3.622290e-05,-1.622160e-04,1.249590e-05,-2.413740e-04,-1.998280e-04,3.884290e-05,3.926830e-05,-2.788040e-05,1.658360e-05,-1.731140e-04,-1.448470e-04,-9.236890e-05,-3.709210e-05,2.351270e-04,-1.666310e-04,-1.224960e-04,4.751580e-05,-2.017910e-05,2.686430e-05,-5.090310e-05,-8.070120e-05,1.495280e-05,4.334210e-05,4.783450e-04,-1.905170e-04,1.993190e-04,1.620000e-04,8.751970e-04,-4.944590e-04
-9.550560e-06,8.760080e-05,1.577340e-06,4.485530e-05,1.366660e-04,1.813580e-06,-1.030130e-04,-2.169410e-04,6.629950e-06,4.355690e-06,-5.166780e-05,2.857460e-05,-3.255080e-07,1.305290e-04,2.402840e-04,-1.969740e-05,1.248090e-04,3.748330e-04,2.696600e-05,-1.193590e-05,-1.723830e-04,1.215600e-05,4.707220e-05,-9.280290e-05,1.125580e-05,6.305040e-05,3.264750e-05,3.191170e-05,8.844990e-05,1.566430e-06,1.053880e-06,8.470420e-05,2.490680e-04,2.054990e-04,-8.922500e-07,1.427090e-04,1.244950e-03,5.963880e-04,7.002240e-07,8.837100e-05,4.338320e-04,4.454730e-05,1.433660e-04,2.682720e-04,7.105930e-05,-4.422490e-05,2.369670e-04,1.802370e-05,6.250880e-04,7.229570e-06,7.335370e-06,4.590920e-04,2.837520e-04,6.637990e-04,5.227210e-05,-2.238810e-05,4.829960e-04,4.940640e-04,6.548610e-04,4.191780e-05,1.492020e-04,-4.727700e-04,2.021980e-05,-6.051840e-06,1.082420e-04,4.308740e-06,-7.353290e-05,-1.977520e-04,-7.371070e-05,6.635720e-06,-9.206500e-05,1.874400e-04,-1.726310e-04,-2.425630e-05,-2.387110e-04,-7.939810e-05,2.121540e-05,-4.057370e-05,9.079520e-05,9.258470e-05,4.938370e-04,-3.958200e-06,7.031020e-05,2.359610e-04,4.161330e-07,4.370790e-04,4.143480e-05,1.897610e-05,1.388120e-04,5.948010e-04,3.530270e-04,5.220750e-04,1.271330e-04,1.355610e-04,-1.193280e-05,2.707100e-04,8.010050e-04,1.261870e-03,1.000890e-03,5.244440e-05,4.207990e-05,5.959630e-04,1.488160e-03,1.294080e-03,8.135570e-05,4.055730e-05,2.526790e-04,-1.056330e-06,-3.094700e-05,-7.560400e-05,9.993850e-05,9.142650e-06,-1.548380e-04,-5.156440e-05,9.085660e-05,-8.650330e-05,-1.527810e-06,-5.368480e-06,-3.092390e-05,5.228630e-05,1.274220e-04,4.307660e-06,6.719140e-05,1.676380e-04,2.600530e-04,8.150090e-05,-5.165650e-06,2.289490e-04,-1.146010e-04,-2.042700e-04,2.085380e-04,3.103720e-05,-4.630430e-04,-1.765420e-04,-6.964430e-05,-5.562060e-04,-1.293770e-04,2.965030e-04
2.558000e-04,1.313860e-04,5.194350e-06,8.347560e-05,3.707240e-04,3.310960e-06,1.323740e-04,1.893130e-05,-8.158500e-05,-2.343290e-06,1.033890e-04,-4.006790e-05,1.108850e-05,3.927730e-04,-5.021420e-05,3.821910e-05,-9.822550e-06,7.548320e-04,-7.261930e-06,2.312790e-04,7.888690e-04,-3.321510e-06,-2.208560e-04,3.384250e-04,1.170350e-05,2.341480e-04,2.155400e-04,1.859940e-05,-1.198390e-04,1.115830e-04,-1.959080e-06,3.591460e-05,1.646660e-04,4.148390e-04,-4.042720e-06,-7.195980e-05,5.963880e-04,3.050450e-03,-8.091100e-05,4.324510e-05,5.950990e-04,9.515610e-05,-5.245310e-05,6.224490e-04,2.527640e-05,2.804180e-04,-5.224670e-04,1.135470e-03,2.224570e-03,-6.594360e-05,2.083830e-04,-1.135730e-04,2.186420e-03,3.807090e-04,1.383550e-04,1.007390e-04,2.139870e-04,1.663160e-03,1.205430e-03,8.763560e-05,1.081750e-04,4.921970e-04,1.073680e-04,3.222110e-04,2.758160e-04,8.539930e-06,3.080790e-05,1.132870e-05,-4.139400e-04,2.540850e-05,8.752140e-05,-2.576220e-04,1.709800e-04,-8.821330e-06,1.022300e-04,-2.487620e-04,2.032050e-05,1.287690e-04,5.235310e-04,1.774920e-04,1.433700e-03,-1.594000e-05,1.084050e-04,1.915850e-04,5.803980e-04,9.742370e-04,6.396130e-05,6.124040e-05,-9.634900e-05,1.040820e-04,1.318120e-03,1.343570e-04,6.032790e-04,-2.890140e-05,5.856320e-05,3.184960e-04,7.152130e-04,2.404690e-03,8.761920e-04,4.400220e-05,-6.287880e-05,1.562230e-04,2.147710e-03,1.024660e-03,2.054940e-04,2.359390e-04,-5.169330e-04,3.558310e-06,-1.981380e-04,2.292010e-05,1.866360e-04,2.611280e-06,8.540030e-06,2.781610e-04,8.155810e-05,-2.323580e-04,3.552740e-04,2.222840e-05,6.358370e-05,5.627680e-04,8.494200e-05,2.133420e-05,-4.133260e-04,5.769520e-04,-1.692550e-04,7.806700e-05,2.676380e-04,-3.849830e-04,7.724390e-04,4.102960e-04,-1.009040e-03,-3.556950e-04,8.932300e-04,2.462840e-04,9.842870e-04,2.474500e-03,7.770390e-05,1.091020e-03
9.216260e-07,4.569200e-06,-1.461390e-08,4.980980e-06,-4.950740e-07,6.937730e-07,2.370200e-06,1.181620e-05,8.127980e-06,-4.999390e-06,9.654990e-07,6.588180e-05,3.545080e-06,3.040940e-06,1.769730e-05,-4.365970e-06,1.084430e-05,-2.139490e-06,6.164330e-06,1.236530e-06,-2.211270e-05,2.307700e-06,1.107430e-05,8.704570e-07,-4.393210e-06,2.655790e-06,3.128760e-05,2.941450e-06,2.283230e-06,1.940640e-05,5.305260e-07,1.051260e-05,1.277680e-05,-6.624560e-07,-2.855040e-07,6.806850e-06,7.002240e-07,-8.091100e-05,2.500000e-05,-6.424100e-06,-4.237910e-05,-6.397230e-06,8.432170e-06,4.771960e-06,1.321460e-05,9.491810e-06,5.248190e-05,-3.760870e-05,-5.675180e-05,3.407660e-06,6.689910e-06,7.511710e-05,4.095900e-05,9.866170e-05,-5.625710e-06,2.500920e-06,1.227740e-05,1.821410e-05,5.950430e-05,-4.357570e-06,-2.571380e-06,5.371580e-05,1.344410e-06,-2.107640e-05,4.609240e-06,-3.695770e-07,1.073230e-06,9.237110e-06,1.820150e-05,2.085670e-06,5.801750e-06,3.486570e-05,-2.369050e-05,-1.521130e-05,1.895470e-06,-1.912840e-05,4.625300e-06,3.417280e-06,-7.260680e-06,4.259380e-06,9.165910e-06,9.535160e-06,3.367460e-06,2.051260e-05,5.427500e-06,2.016370e-05,3.675170e-05,7.644310e-06,7.798070e-06,3.186960e-05,2.565510e-05,1.240450e-04,8.161080e-05,1.753850e-05,-1.895380e-06,-2.719620e-06,8.115760e-05,1.154680e-04,1.297550e-04,4.715210e-06,-8.157780e-06,5.826000e-05,5.765360e-05,1.018160e-04,8.516270e-06,-3.324190e-05,6.546280e-07,1.171330e-06,-2.601160e-06,-1.070290e-05,-7.816940e-06,-2.846420e-06,1.434510e-05,7.716890e-06,8.770440e-06,3.181980e-05,2.707130e-05,3.533400e-05,2.111400e-05,2.560210e-05,2.931600e-05,-2.244390e-05,2.143800e-05,1.810960e-05,4.249660e-05,-2.770070e-06,-6.765830e-07,3.848770e-05,-2.076140e-05,-9.911330e-06,1.007340e-04,1.545330e-04,4.003340e-05,5.475640e-06,5.001970e-05,6.045090e-05,2.475430e-04,9.763220e-05
-5.491350e-06,4.362780e-05,9.245070e-07,-3.541450e-05,7.935240e-05,1.683830e-06,-3.588060e-06,3.053180e-07,7.951830e-05,8.326810e-06,-1.204500e-04,7.490420e-05,-3.734830e-06,-1.764330e-04,4.909030e-05,-8.151470e-07,1.146410e-04,1.955840e-04,3.026310e-06,9.185540e-05,-5.709960e-06,4.483870e-06,6.360200e-05,-1.510600e-05,6.194960e-06,3.402730e-05,-4.007010e-08,1.141320e-05,6.309510e-05,6.799570e-05,1.047240e-06,8.234790e-05,1.155280e-04,2.315700e-05,5.166260e-06,1.464400e-04,8.837100e-05,4.324510e-05,-6.424100e-06,6.695760e-04,2.118240e-05,3.163420e-05,1.710900e-04,-9.167870e-05,4.477710e-05,-9.246440e-05,3.702300e-04,3.694520e-04,4.019530e-04,3.174200e-05,-8.289740e-05,1.671400e-04,1.199640e-04,4.476480e-04,1.847080e-05,-5.805640e-05,1.233380e-04,3.579680e-04,6.905300e-04,-2.626220e-05,5.573630e-05,1.606420e-05,7.414010e-05,-5.907330e-05,-1.060670e-05,3.005100e-06,-1.922690e-05,-2.827030e-05,1.156050e-04,-6.819740e-06,-6.936220e-05,-2.029670e-04,1.704470e-04,1.054760e-05,4.844370e-05,1.401730e-05,-1.312170e-05,-1.219820e-05,2.313300e-05,5.069660e-05,1.972880e-05,3.967210e-05,-1.851070e-05,2.036460e-04,1.769640e-04,5.362310e-05,9.348960e-06,-5.895370e-05,5.892470e-05,2.068850e-04,1.825550e-04,4.159500e-04,1.942790e-04,8.791830e-05,-1.190600e-05,-8.347060e-05,3.434720e-04,2.523960e-04,7.483150e-04,2.154300e-05,1.829720e-05,1.999390e-04,4.193270e-04,4.447340e-04,-1.193990e-05,1.295290e-04,2.436190e-04,-3.569210e-06,-1.557240e-05,9.753730e-05,5.679560e-05,4.756140e-06,-3.019580e-04,6.321740e-06,2.637900e-05,-4.293550e-04,-6.797470e-05,6.094350e-05,-2.017080e-04,-6.799300e-05,-4.001990e-05,2.248700e-05,1.083120e-04,1.460070e-05,-3.626040e-05,1.161070e-04,1.379640e-04,7.720460e-05,8.676810e-05,6.849280e-05,1.350030e-04,1.658230e-04,7.033330e-05,2.564790e-04,2.124840e-04,1.737810e-04,-7.606510e-05,5.614310e-04
8.848780e-05,1.783360e-04,2.968220e-06,7.094690e-05,2.871540e-04,4.785840e-06,1.671000e-04,1.664730e-04,1.843320e-04,1.579080e-05,2.641180e-04,-8.473250e-05,-3.678280e-07,3.934270e-05,3.846710e-04,-1.002270e-05,1.661120e-04,-2.324770e-05,3.698390e-05,5.585870e-05,5.293430e-04,4.090810e-06,2.193510e-04,1.659170e-04,4.934570e-06,7.110290e-05,4.341200e-04,1.932180e-05,1.378430e-04,7.703370e-05,3.884630e-06,-3.932550e-05,2.509450e-04,3.579440e-04,2.532320e-06,-7.675480e-06,4.338320e-04,5.950990e-04,-4.237910e-05,2.118240e-05,2.481020e-03,2.958060e-05,2.835550e-04,3.640890e-04,1.151080e-04,1.828570e-04,6.908880e-04,1.767550e-03,3.701210e-04,-5.819340e-05,-7.057780e-05,8.245780e-04,7.473200e-04,1.884340e-03,4.985860e-05,1.057080e-04,8.566290e-04,1.675580e-03,2.428640e-03,6.128320e-05,-2.774070e-04,5.211700e-04,1.121800e-04,-8.349880e-05,2.755890e-04,5.990350e-06,1.956140e-04,2.648310e-05,7.010240e-05,5.416930e-06,7.320620e-05,2.583310e-05,-8.468980e-06,7.123340e-05,-9.293090e-05,7.803110e-04,-4.118190e-05,1.348930e-04,1.276360e-04,4.788520e-04,6.942120e-04,3.789750e-05,4.503130e-05,1.092980e-04,6.199490e-04,1.352720e-03,9.475700e-04,5.515040e-05,-3.863800e-05,9.097610e-05,-4.021660e-04,1.331930e-04,1.781090e-03,1.723640e-04,1.063960e-04,3.908010e-04,1.536550e-04,2.786550e-03,3.399100e-04,1.220310e-04,1.215740e-04,6.452320e-04,2.053190e-03,1.490560e-03,2.751620e-04,1.442740e-04,1.236910e-05,2.830070e-06,2.674690e-04,-3.137440e-04,1.317420e-04,-1.457860e-06,-1.111650e-05,2.363260e-04,3.554860e-05,-1.476900e-04,-5.750210e-05,4.424120e-05,-6.905780e-05,2.610340e-04,5.678960e-04,-8.224500e-05,-2.382840e-04,3.593490e-04,1.159300e-03,-3.740040e-05,-1.208890e-04,1.085010e-03,3.157600e-04,-2.590540e-04,1.597790e-03,2.573480e-03,3.384340e-04,5.894450e-04,4.231200e-04,-1.527770e-03,6.935310e-03,5.663270e-04
1.920320e-05,3.066880e-05,-9.550380e-07,3.440110e-05,2.161640e-05,1.566750e-06,-2.387300e-05,3.073790e-05,4.192870e-05,2.893000e-06,1.732500e-06,-7.663810e-05,-1.896890e-05,2.234390e-05,1.310130e-04,1.063050e-05,1.209310e-05,5.366560e-05,-2.532570e-06,3.918100e-05,7.840880e-05,-1.389200e-06,1.405280e-05,4.531940e-05,9.231580e-06,3.702870e-05,3.347060e-05,8.871820e-07,-1.544050e-05,1.892430e-05,2.857250e-06,3.524530e-06,1.805520e-05,2.182860e-05,-3.054610e-07,2.211870e-05,4.454730e-05,9.515610e-05,-6.397230e-06,3.163420e-05,2.958060e-05,7.861260e-05,3.155030e-05,1.322820e-05,-4.614440e-06,2.141160e-07,1.764240e-05,2.172430e-04,1.694650e-04,1.610570e-06,-2.705060e-06,-4.935110e-05,4.464770e-05,5.870240e-05,1.920430e-05,-1.729120e-05,3.453270e-05,1.279800e-04,1.746160e-04,1.774970e-05,6.832420e-06,5.378980e-05,-7.076770e-06,6.001320e-06,7.605080e-06,-3.862690e-07,5.371050e-06,1.339100e-05,-2.236270e-07,2.343650e-06,2.352080e-05,2.099300e-05,5.774320e-05,-1.662650e-06,2.063840e-05,4.254360e-06,-4.506410e-05,2.286710e-05,1.145360e-06,-2.029460e-06,-7.242820e-05,-6.660200e-06,1.767930e-05,2.718070e-05,1.080570e-04,9.897820e-05,3.769920e-05,5.030060e-06,1.113140e-05,9.327250e-06,9.803880e-05,1.018050e-04,1.090770e-04,2.681560e-05,7.981760e-06,4.958700e-05,9.232080e-05,9.729180e-05,9.728480e-05,1.133060e-05,7.444430e-06,9.148010e-05,2.524310e-04,3.513800e-04,3.471390e-05,4.452540e-05,2.064620e-05,1.364600e-06,-4.295460e-06,-2.240390e-06,-1.394210e-05,-2.304800e-06,-3.924310e-05,3.643880e-05,4.238750e-05,-6.265380e-05,-1.129970e-05,2.300180e-06,-6.615120e-06,7.023090e-05,1.728050e-04,1.136890e-04,4.100530e-05,6.412450e-05,4.751050e-05,2.173640e-05,1.079860e-04,1.340170e-04,6.550640e-05,1.011940e-04,3.605530e-05,5.584750e-05,1.643890e-04,8.022290e-05,3.167950e-04,6.259720e-04,7.619820e-04,1.726690e-04
-5.237060e-05,5.192590e-05,1.094760e-07,8.958650e-05,8.331920e-05,2.981970e-06,-3.013110e-05,1.511000e-04,6.161100e-05,2.832640e-06,-1.402160e-04,5.622850e-05,-5.157260e-06,-2.301400e-04,7.563650e-06,9.770120e-06,-5.323570e-05,8.376240e-05,1.427570e-05,-6.614030e-06,-2.053500e-04,1.256330e-06,2.015900e-04,1.838260e-04,-1.586740e-05,7.485100e-06,-1.582030e-04,1.872780e-05,1.075810e-04,1.214830e-04,2.058610e-06,-5.333650e-05,-9.386130e-05,-2.256330e-05,4.302580e-06,1.882510e-04,1.433660e-04,-5.245310e-05,8.432170e-06,1.710900e-04,2.835550e-04,3.155030e-05,9.245310e-04,2.608290e-04,-2.476190e-05,-7.215790e-06,5.894200e-05,3.927490e-04,6.084360e-05,2.389400e-05,9.970760e-05,4.202380e-04,2.761490e-04,5.071790e-04,1.090620e-06,-1.609530e-04,2.730090e-04,2.234550e-04,9.219360e-04,2.295280e-05,1.124140e-04,-3.001000e-04,7.140060e-05,-8.539960e-05,-7.667780e-05,3.470790e-06,-4.659610e-05,1.384510e-04,2.529030e-04,-6.537830e-06,-4.063500e-05,-2.201470e-05,2.365790e-04,-6.184490e-06,-2.503780e-04,1.507550e-04,5.794460e-06,7.464380e-05,2.005910e-04,7.255490e-04,3.794140e-04,1.896490e-06,-1.629430e-04,-2.494270e-04,4.021720e-04,-2.082520e-05,-1.367660e-05,4.820240e-05,1.187700e-04,2.025890e-04,5.364680e-04,5.078990e-04,1.618610e-04,8.881020e-05,-1.286770e-04,-1.116670e-04,4.443430e-04,6.338510e-05,-3.736470e-04,-6.114600e-06,1.573360e-04,5.259770e-04,1.089540e-03,1.559520e-04,7.356100e-06,3.328240e-04,4.222030e-04,-2.885180e-06,3.682740e-04,3.539660e-04,-7.432370e-05,5.192930e-06,-3.467030e-05,-1.325930e-05,6.730720e-05,-1.275870e-04,-5.219930e-05,2.480860e-05,-4.155790e-04,7.931350e-05,6.722100e-04,-5.017980e-05,-4.506990e-05,-9.793970e-05,6.907000e-04,5.065140e-05,-1.554690e-04,9.941390e-04,3.433010e-04,-1.986270e-04,7.839420e-04,1.352600e-03,1.251230e-03,-5.295040e-05,8.578240e-04,1.471310e-03,4.403450e-03,4.732610e-04
2.225860e-04,3.039530e-04,-2.279480e-06,1.262520e-04,1.541720e-04,8.140270e-06,1.572920e-04,4.379530e-04,2.662990e-04,-1.146610e-07,2.249340e-05,2.867820e-04,3.620870e-05,3.920740e-04,-1.874690e-04,-4.399750e-05,-3.085620e-04,-1.325070e-04,3.357600e-05,2.758420e-04,5.174980e-04,9.421960e-06,-1.125040e-05,2.027130e-04,3.984390e-05,-1.276880e-04,2.053560e-04,2.032270e-06,-1.743490e-04,-1.050290e-04,2.145370e-05,1.535990e-04,2.689610e-04,2.673110e-04,8.179720e-06,-7.135630e-05,2.682720e-04,6.224490e-04,4.771960e-06,-9.167870e-05,3.640890e-04,1.322820e-05,2.608290e-04,3.609750e-03,1.440370e-04,5.234840e-04,1.177460e-03,1.780640e-04,1.451680e-03,3.683690e-05,3.859150e-04,7.092130e-04,1.783240e-03,9.001610e-04,9.002940e-05,3.774920e-04,9.354170e-06,6.267720e-04,2.696180e-04,8.783020e-05,2.806950e-04,1.470360e-03,-8.629540e-05,3.416990e-04,4.100860e-04,-6.948590e-06,-9.534350e-05,1.707950e-04,5.138610e-05,1.194190e-05,2.388860e-05,3.694250e-04,-1.185300e-04,3.756650e-05,1.839680e-04,-4.820870e-05,1.302530e-04,6.708370e-05,1.301640e-03,2.015840e-04,5.304470e-04,-5.829630e-05,-2.404900e-04,5.542200e-04,4.852220e-04,9.789500e-04,5.669500e-04,5.120710e-05,-4.451030e-04,-1.456200e-04,1.399800e-03,2.023680e-03,1.696780e-03,-4.324410e-05,2.046450e-05,2.977740e-04,1.585970e-03,3.484560e-03,3.483150e-03,5.273640e-05,-1.245910e-04,6.664610e-04,1.273250e-03,4.197350e-03,2.940660e-04,9.175490e-05,4.539630e-05,7.820900e-06,-4.153900e-04,1.891680e-04,4.251710e-04,-1.581840e-05,2.001400e-04,2.763220e-04,9.608250e-05,1.160820e-04,1.891440e-04,-6.421040e-05,5.435810e-05,-1.142380e-06,-4.968140e-05,1.323920e-04,-5.829120e-04,8.617940e-05,3.837730e-05,3.605880e-04,-7.912870e-05,1.285480e-04,9.626410e-04,5.277520e-04,1.807380e-04,1.029990e-03,-1.871900e-04,3.482230e-04,1.473270e-03,3.917330e-03,-3.127560e-03,2.246410e-03
4.535280e-05,8.046170e-05,-1.131200e-07,2.149490e-05,6.898130e-05,1.948420e-06,7.230760e-05,7.328860e-05,8.218380e-05,-2.058240e-06,3.298250e-05,2.003510e-04,1.322340e-05,5.573630e-05,1.879700e-05,-2.896560e-05,7.529630e-05,1.661790e-04,4.264030e-06,4.297040e-06,1.415780e-04,7.508060e-06,2.449260e-05,9.208250e-05,1.800390e-05,9.666780e-06,-7.796400e-06,1.516480e-06,2.628590e-06,3.994480e-07,3.370420e-06,2.721800e-05,7.541280e-05,1.043160e-04,1.266220e-06,-5.970090e-06,7.105930e-05,2.527640e-05,1.321460e-05,4.477710e-05,1.151080e-04,-4.614440e-06,-2.476190e-05,1.440370e-04,1.413800e-04,6.390440e-05,2.037900e-04,3.891730e-05,1.273110e-04,2.854370e-05,5.596920e-06,2.076070e-04,2.117930e-04,3.848010e-04,2.940830e-05,5.225220e-05,1.127010e-04,2.336290e-04,1.128450e-04,3.158240e-05,8.102360e-05,2.090350e-04,3.278350e-05,2.911900e-05,3.988540e-05,1.543910e-07,1.365220e-05,9.934920e-06,1.687840e-05,2.259300e-06,-2.144800e-05,4.133570e-05,1.759460e-05,5.776010e-06,4.934650e-05,8.129500e-05,1.014010e-06,2.510210e-05,1.282440e-04,8.067930e-05,-3.006510e-05,-5.099360e-05,4.560380e-05,1.182620e-04,4.321700e-05,2.118250e-04,2.041890e-04,-1.342260e-05,7.951960e-07,1.096640e-04,1.250660e-04,3.645120e-04,3.042700e-04,1.614190e-05,2.962910e-05,3.794130e-05,2.616330e-04,6.180710e-04,5.007020e-04,2.929230e-05,8.536910e-05,2.128940e-04,4.474690e-04,5.404150e-04,5.012840e-05,1.481460e-05,5.980840e-05,2.786210e-06,-1.463290e-05,-1.187180e-05,2.970810e-05,-2.910350e-06,4.144290e-06,4.700260e-05,8.759750e-06,4.429400e-05,1.204760e-04,6.678700e-05,5.071150e-05,8.942710e-05,5.552880e-05,7.082060e-07,-2.074280e-05,5.613810e-05,1.826360e-04,1.645650e-04,-5.932130e-05,1.208180e-04,1.602670e-04,-7.338760e-05,2.514990e-04,5.710850e-04,1.617270e-04,8.285840e-05,2.176940e-04,3.436800e-04,8.345930e-04,7.027430e-04
1.354530e-04,6.822760e-05,3.783830e-06,-1.882360e-05,7.939970e-05,-1.554280e-06,1.662250e-04,9.291430e-05,2.979520e-05,-2.748900e-06,6.295510e-05,1.978440e-04,7.849650e-06,-2.277560e-05,-2.846400e-04,2.048810e-06,-1.712800e-04,4.164590e-05,1.944310e-05,-2.018960e-04,4.365430e-04,-1.433880e-05,-8.696250e-05,4.793660e-05,4.600200e-06,2.422410e-04,1.162730e-04,-1.796650e-06,-1.015660e-04,-8.716780e-05,-1.723650e-06,9.551030e-07,-4.511710e-05,2.527930e-04,1.620170e-07,-1.547770e-04,-4.422490e-05,2.804180e-04,9.491810e-06,-9.246440e-05,1.828570e-04,2.141160e-07,-7.215790e-06,5.234840e-04,6.390440e-05,1.046920e-03,2.289560e-04,-3.419210e-05,-2.042180e-04,-1.432090e-05,3.233580e-05,-4.163680e-04,6.580650e-04,1.081890e-03,2.818140e-05,1.733840e-04,-3.151040e-04,6.450990e-04,-6.969510e-04,5.243640e-06,-5.513330e-05,7.582010e-04,-6.952810e-05,2.849840e-04,1.134740e-04,5.546890e-06,1.163220e-04,1.245400e-04,-1.310760e-04,4.590680e-06,5.890500e-05,2.227380e-04,-8.729500e-05,8.680350e-06,1.700140e-04,-7.871450e-05,3.524590e-05,-1.528630e-04,1.962990e-04,1.690290e-05,1.823520e-05,1.806950e-05,2.312610e-04,2.649860e-04,7.500090e-05,6.129720e-04,5.646040e-04,2.300190e-05,-3.904410e-04,-7.911350e-05,1.789840e-04,1.214440e-03,9.888170e-04,-7.025660e-05,1.146110e-04,3.676920e-04,2.752670e-04,1.814680e-03,1.670230e-03,-7.068420e-05,1.256530e-04,1.299010e-04,9.571380e-04,1.461510e-03,9.279790e-05,-1.036850e-04,-2.446110e-04,1.537390e-06,-2.030220e-04,9.367980e-05,3.226900e-04,-5.238210e-06,1.313050e-04,8.534490e-05,2.890100e-05,-1.948250e-05,-7.857770e-06,7.535430e-05,-1.214260e-04,-2.252650e-04,-9.593670e-05,1.116350e-04,-3.490140e-04,8.099250e-05,1.114970e-04,1.224780e-04,-1.100340e-04,2.158680e-05,2.694220e-04,1.205450e-04,4.575330e-04,1.491290e-03,-1.733520e-04,-1.551760e-05,7.505110e-04,1.216790e-03,7.689540e-04,9.245830e-04
5.340510e-05,3.691950e-04,7.132330e-07,1.298520e-04,3.495670e-04,7.437270e-06,3.569840e-04,3.333410e-04,5.959740e-04,4.782350e-06,2.254970e-04,6.219000e-04,2.392240e-05,1.319200e-04,7.178130e-04,-6.285290e-06,3.900770e-04,-5.321910e-04,-1.682190e-05,7.291380e-05,-4.889040e-04,1.338450e-05,6.261630e-05,-2.148070e-04,7.332450e-05,6.106760e-04,6.005870e-04,1.204050e-05,2.505160e-04,1.053550e-04,2.009550e-05,5.172330e-06,5.095310e-04,4.215160e-04,1.619820e-06,3.915730e-05,2.369670e-04,-5.224670e-04,5.248190e-05,3.702300e-04,6.908880e-04,1.764240e-05,5.894200e-05,1.177460e-03,2.037900e-04,2.289560e-04,5.113150e-03,2.652070e-03,4.974150e-04,8.381610e-05,1.341400e-04,3.040520e-03,1.024700e-03,2.328420e-03,1.285920e-04,1.073090e-04,1.371570e-03,1.222350e-03,2.340840e-03,5.113680e-05,-8.404910e-05,1.508210e-03,7.709860e-05,-9.792170e-05,1.029210e-04,-6.315120e-06,1.391430e-04,-9.800410e-05,6.267260e-04,4.922400e-07,-9.932470e-05,6.355750e-04,5.025380e-04,5.160770e-05,1.584400e-04,6.685710e-04,1.174630e-04,-8.942660e-05,-3.926350e-04,2.771610e-04,-2.966920e-04,6.591710e-05,-1.611570e-05,1.143500e-03,9.301580e-04,5.035390e-04,9.447370e-04,-1.385560e-04,-1.015940e-05,-7.382550e-04,-4.639420e-04,1.987600e-03,3.279790e-03,3.601690e-05,-1.768380e-05,-5.648590e-07,7.218490e-04,3.190400e-03,2.122940e-03,1.855720e-04,-5.009470e-04,1.108980e-03,1.718990e-03,3.091780e-03,2.518840e-04,8.597220e-05,6.218360e-04,9.299240e-06,4.511430e-04,-3.510630e-05,-2.030290e-04,-7.590380e-06,4.952390e-05,-2.419450e-04,-1.217290e-05,2.029740e-04,-6.065860e-04,-4.230190e-05,-2.271620e-04,-7.494430e-04,8.961330e-04,2.598850e-04,2.692650e-04,-1.106580e-03,-3.667490e-04,3.953930e-04,-3.301780e-04,1.515450e-04,4.490970e-04,4.273360e-04,9.909540e-04,2.225810e-03,1.364100e-04,1.158010e-03,1.917520e-03,2.043100e-03,7.967550e-04,1.641010e-03
2.184780e-04,5.130160e-04,-8.276410e-07,3.551550e-04,5.526490e-04,2.042820e-05,1.548560e-04,8.216950e-04,2.910000e-04,2.910260e-05,5.652710e-04,-1.054210e-04,1.250860e-06,1.949980e-04,2.513930e-03,4.444000e-05,3.457640e-04,-2.780490e-04,-7.951040e-05,8.066710e-04,7.686190e-04,-6.611880e-05,5.963130e-05,4.385730e-04,8.348740e-05,7.415790e-04,1.197490e-03,3.474500e-05,2.125290e-04,5.531120e-04,2.135430e-05,-8.930930e-05,5.070900e-04,6.309290e-04,1.880230e-06,3.653370e-04,1.802370e-05,1.135470e-03,-3.760870e-05,3.694520e-04,1.767550e-03,2.172430e-04,3.927490e-04,1.780640e-04,3.891730e-05,-3.419210e-05,2.652070e-03,9.228130e-03,2.860870e-03,-2.071660e-04,-1.763020e-05,1.306290e-03,4.200960e-03,4.600440e-03,2.331650e-04,-3.048320e-04,7.960000e-04,3.671560e-03,3.518610e-03,3.553330e-04,-4.756980e-04,8.868800e-04,4.133820e-04,-9.934580e-05,-8.273950e-05,3.760920e-06,8.699510e-05,4.641090e-04,3.031130e-04,7.789900e-06,3.559310e-04,4.140930e-06,1.113320e-03,1.173660e-04,2.180300e-04,5.896530e-04,-4.547040e-05,2.168910e-04,-3.678300e-04,3.141740e-04,-1.177440e-03,2.195600e-04,-5.388480e-06,3.637770e-04,2.891090e-03,2.020370e-03,1.527120e-03,-1.703510e-04,1.278900e-04,2.041440e-04,-3.817200e-04,-1.337660e-03,2.257110e-03,1.714290e-04,2.113220e-04,5.100650e-04,-1.147840e-03,2.392260e-03,6.683360e-05,4.094490e-04,6.206380e-04,1.073210e-03,4.103270e-03,1.342380e-03,1.024520e-04,7.104890e-04,2.581150e-04,1.445220e-05,4.309020e-04,-2.970800e-04,-3.780950e-04,1.456500e-05,-2.003980e-04,1.156080e-04,-1.005910e-04,9.521650e-06,-4.339390e-04,2.371540e-04,7.163110e-06,-3.979540e-05,7.289840e-04,6.026170e-04,2.994760e-04,-4.134230e-04,3.175450e-04,-8.783580e-05,-9.644050e-05,6.972220e-04,1.275430e-03,-2.495800e-05,1.622910e-03,4.665470e-03,2.606500e-03,1.683470e-03,2.670150e-03,8.206400e-04,1.579660e-02,1.497470e-03
4.214780e-04,4.845500e-04,1.727430e-07,1.556960e-04,5.921460e-04,2.409650e-05,2.323680e-04,5.237240e-04,2.850600e-04,1.702270e-05,4.424240e-04,2.871290e-05,3.740850e-05,4.632200e-04,1.109310e-03,4.502640e-05,3.313350e-04,1.251580e-03,-7.207540e-05,2.312840e-04,1.035650e-03,-1.755760e-05,2.318340e-04,2.634690e-04,1.041530e-04,-4.809880e-05,1.037740e-04,1.016520e-04,-2.005800e-04,2.129130e-04,2.132740e-05,3.475460e-04,4.424480e-04,1.754090e-04,1.683490e-05,1.513110e-05,6.250880e-04,2.224570e-03,-5.675180e-05,4.019530e-04,3.701210e-04,1.694650e-04,6.084360e-05,1.451680e-03,1.273110e-04,-2.042180e-04,4.974150e-04,2.860870e-03,9.965420e-03,-1.840180e-04,5.821600e-04,1.191120e-03,3.730950e-03,1.183320e-03,4.871390e-04,2.778340e-04,8.112200e-04,-3.332470e-05,4.329580e-03,2.029300e-04,8.634210e-04,-1.379940e-03,4.678580e-04,4.025710e-04,3.806500e-04,-1.088660e-06,-1.228600e-04,1.430250e-04,5.673380e-04,-7.027150e-06,-1.678900e-04,-4.242860e-04,-1.936540e-04,1.287420e-04,2.636560e-04,7.646170e-04,6.488680e-05,5.296630e-04,3.711590e-04,-3.080240e-04,1.571770e-03,-1.112030e-04,1.832070e-04,6.845270e-04,1.563920e-03,1.404440e-03,-2.063610e-03,-1.377270e-04,9.505010e-05,1.529400e-06,3.732250e-03,8.594390e-04,-1.449670e-03,2.237450e-04,-2.554400e-04,4.887650e-04,4.101120e-03,5.226990e-05,1.117740e-03,2.974360e-04,-3.788030e-04,1.797690e-03,2.148670e-03,3.543970e-03,3.140830e-04,1.163490e-04,-1.875910e-04,6.597600e-06,-4.040360e-04,7.633880e-04,4.234160e-04,3.505810e-06,1.310210e-04,-4.563530e-04,6.581970e-06,5.433890e-05,1.133940e-03,-8.583040e-05,5.590580e-04,2.530210e-05,-3.716020e-04,7.603540e-04,-2.488900e-06,5.334180e-04,-1.163380e-03,9.956720e-04,1.243870e-04,-2.157800e-03,1.571950e-03,7.793740e-04,-3.110580e-03,-3.529760e-03,4.692560e-03,7.095580e-04,3.351770e-03,1.186570e-02,-5.667550e-03,3.335410e-03
-1.062800e-05,1.414440e-05,3.569170e-07,1.061780e-05,1.447630e-05,-2.468870e-08,-4.717950e-06,2.209250e-05,7.946870e-05,-2.015560e-06,-1.343110e-05,2.003600e-05,4.878420e-06,3.102380e-05,-3.355640e-05,-1.871870e-06,3.438330e-06,6.765330e-05,-3.863980e-06,1.599330e-05,2.343310e-05,6.464140e-06,2.542370e-05,-1.702520e-05,5.478930e-06,-1.108860e-05,-4.354980e-05,1.134720e-06,2.385860e-05,-6.810900e-06,-1.780370e-08,1.705210e-05,1.330860e-05,9.921980e-06,1.220320e-06,4.640740e-06,7.229570e-06,-6.594360e-05,3.407660e-06,3.174200e-05,-5.819340e-05,1.610570e-06,2.389400e-05,3.683690e-05,2.854370e-05,-1.432090e-05,8.381610e-05,-2.071660e-04,-1.840180e-04,6.721600e-05,-1.516700e-05,1.546270e-04,-3.872110e-05,5.035440e-05,6.918040e-06,9.104460e-06,5.622260e-05,6.637130e-05,2.485150e-05,3.627730e-07,2.211370e-05,9.797950e-05,-2.218980e-08,-2.416220e-05,7.654270e-06,6.769990e-08,-7.634670e-07,1.121170e-05,4.065820e-05,-2.060770e-06,-1.571400e-05,2.011390e-05,2.631800e-05,2.195790e-06,9.387330e-07,-2.836480e-05,7.958560e-06,-2.096420e-05,6.046150e-05,1.344120e-04,4.732500e-05,-2.828720e-05,-5.940500e-06,2.571850e-05,-4.952350e-05,-7.867170e-05,1.247690e-04,-2.786590e-05,3.866240e-06,1.037580e-04,3.365450e-05,1.626300e-04,1.409940e-04,-3.132410e-05,1.058760e-05,2.459030e-05,6.518230e-05,2.062600e-04,9.908130e-05,-6.892980e-06,2.025590e-05,7.033950e-05,6.084490e-05,1.619790e-04,4.830940e-05,-3.984400e-06,4.245850e-05,1.315490e-07,1.594890e-05,-1.588080e-05,1.036340e-06,2.080690e-06,2.123830e-06,2.181560e-05,7.195580e-07,3.775930e-05,-1.652050e-05,-7.073790e-06,1.851680e-06,2.802140e-05,8.019560e-05,2.561530e-05,3.905420e-05,8.267350e-06,8.778260e-05,2.732060e-05,1.206050e-05,1.459170e-04,8.582220e-05,-2.531640e-05,1.094300e-04,2.024280e-04,1.107570e-04,-8.023720e-05,-5.506470e-05,-1.246770e-04,4.658840e-04,1.015690e-04
7.943210e-05,2.452050e-06,1.434640e-06,-2.128240e-05,5.725550e-05,1.195160e-06,3.459730e-05,8.505170e-06,-6.091700e-05,1.900330e-06,4.899550e-05,1.824050e-05,6.780590e-06,1.034400e-04,7.274180e-05,-2.716080e-06,-2.088200e-04,-4.760690e-05,1.081270e-05,2.107430e-05,-1.640840e-04,1.029740e-05,-1.160270e-04,-6.903330e-06,-3.884720e-06,-1.342110e-04,-5.191380e-05,9.179850e-06,2.418980e-06,6.082780e-05,3.058340e-07,3.061520e-06,-4.511070e-05,1.844980e-05,1.222520e-06,9.352910e-06,7.335370e-06,2.083830e-04,6.689910e-06,-8.289740e-05,-7.057780e-05,-2.705060e-06,9.970760e-05,3.859150e-04,5.596920e-06,3.233580e-05,1.341400e-04,-1.763020e-05,5.821600e-04,-1.516700e-05,4.966040e-04,2.940940e-04,8.444180e-05,-3.901780e-04,4.793520e-05,2.283720e-04,2.322660e-04,-2.094540e-04,2.131090e-04,6.206620e-05,1.290470e-04,-1.058080e-04,-1.224350e-05,3.429110e-05,-5.062560e-05,1.816910e-06,2.626830e-05,3.851490e-05,3.829460e-05,-4.795530e-08,2.335060e-05,7.072270e-05,7.370090e-06,-5.862410e-06,-4.444880e-05,-7.943070e-06,3.830090e-05,-1.405770e-05,4.547110e-05,1.052160e-04,2.375460e-04,-2.840720e-06,-1.375170e-05,-1.647010e-05,9.963040e-05,-1.923470e-04,-2.793550e-04,5.236220e-05,2.655310e-04,-7.232350e-05,3.897540e-04,1.383980e-06,-6.393820e-05,-1.290510e-05,1.093350e-04,-3.139680e-06,4.476970e-04,-1.510700e-04,-1.345160e-04,2.653470e-05,-5.013420e-05,3.639290e-04,3.824380e-04,5.735130e-04,7.641540e-06,-1.418970e-05,-7.483570e-05,2.524900e-06,8.234680e-05,1.560570e-04,-6.739960e-05,2.743510e-06,1.265710e-04,-9.619320e-05,2.096060e-05,1.239650e-04,5.001090e-05,1.049590e-06,-9.474480e-05,-1.665950e-04,-8.640980e-05,1.590300e-05,-1.369010e-04,-2.199260e-04,-1.215310e-04,1.606510e-04,-2.433400e-04,-1.365830e-04,4.089000e-04,-6.525650e-05,-2.730380e-04,-1.511370e-04,2.684880e-04,-8.775060e-05,6.779890e-04,2.145880e-03,-2.908590e-05,9.001390e-05
-4.665210e-05,3.679690e-04,1.348720e-06,1.437640e-04,4.318740e-04,8.814550e-06,3.376870e-04,4.465210e-05,8.364420e-04,-2.073290e-05,3.699430e-04,3.633890e-04,5.069640e-05,7.935220e-05,7.887410e-04,1.288980e-05,5.970880e-04,-4.780830e-04,3.487740e-06,-1.077210e-04,-1.290980e-04,-2.341990e-05,2.672510e-04,-7.352450e-04,9.799370e-05,8.341580e-05,1.588760e-04,6.608080e-06,3.678220e-04,3.099600e-05,1.763160e-05,-1.224650e-05,3.761890e-04,6.230920e-05,1.280650e-05,-2.220930e-05,4.590920e-04,-1.135730e-04,7.511710e-05,1.671400e-04,8.245780e-04,-4.935110e-05,4.202380e-04,7.092130e-04,2.076070e-04,-4.163680e-04,3.040520e-03,1.306290e-03,1.191120e-03,1.546270e-04,2.940940e-04,5.392000e-03,2.346610e-03,7.699290e-04,7.550230e-05,3.558620e-04,1.896140e-03,3.097210e-04,3.272690e-03,1.223730e-04,4.872560e-04,1.250510e-03,1.104770e-04,-2.941280e-04,1.611890e-04,-4.125110e-06,1.360750e-04,-1.039660e-04,8.914640e-04,-1.267220e-05,-1.095520e-04,6.502400e-04,3.051050e-05,2.893810e-05,-2.103070e-04,5.289230e-04,1.868740e-04,2.342360e-04,-6.023120e-04,3.300090e-04,9.778870e-04,-2.913570e-05,-2.185680e-04,1.970400e-05,2.612170e-04,-5.595500e-04,5.192990e-04,9.542840e-05,2.983610e-04,-3.052640e-04,6.557450e-04,5.873890e-04,2.715700e-03,8.134490e-06,-1.032430e-04,-3.797260e-04,8.067490e-04,3.766610e-03,1.408250e-03,-4.282340e-05,-7.383480e-04,9.791530e-04,1.120270e-03,3.935390e-03,1.823980e-04,3.280100e-04,3.413510e-04,3.879100e-06,7.665920e-04,-2.165620e-04,-2.651720e-04,1.106650e-05,2.554600e-04,-2.585100e-06,-5.323860e-05,1.057950e-04,-4.793150e-05,-1.051480e-04,3.739850e-05,1.650700e-04,1.394840e-03,8.696060e-05,2.436620e-04,-2.211650e-05,6.149220e-04,5.535430e-05,-7.571460e-05,9.086430e-04,6.120210e-04,1.824000e-04,3.215950e-04,2.040550e-04,1.187270e-03,5.445690e-04,3.540580e-04,9.484010e-04,2.470030e-03,1.825450e-03
3.990490e-04,5.885700e-04,7.963270e-06,3.228320e-04,7.328360e-04,1.924740e-05,3.724420e-04,7.972960e-04,2.801370e-04,1.004050e-08,5.800630e-04,9.796180e-04,6.491630e-05,5.422560e-04,1.024350e-03,4.389590e-05,1.488730e-04,1.185020e-03,-1.686740e-05,5.509080e-04,8.534590e-04,-8.620700e-05,1.962470e-04,1.109600e-04,7.158340e-05,2.572750e-04,6.587340e-04,3.574230e-05,-5.247160e-06,2.826730e-04,1.348710e-05,9.585070e-05,2.675420e-04,8.925560e-04,7.672430e-06,9.833510e-05,2.837520e-04,2.186420e-03,4.095900e-05,1.199640e-04,7.473200e-04,4.464770e-05,2.761490e-04,1.783240e-03,2.117930e-04,6.580650e-04,1.024700e-03,4.200960e-03,3.730950e-03,-3.872110e-05,8.444180e-05,2.346610e-03,9.095070e-03,4.133430e-03,8.094270e-05,4.371160e-04,9.712370e-04,3.944490e-03,3.633040e-03,2.349140e-04,5.380940e-04,1.698840e-03,3.849730e-04,2.794100e-04,5.586510e-04,1.087600e-05,-2.190570e-05,6.861510e-04,3.008380e-04,1.013730e-05,4.095630e-04,-1.188740e-05,1.773720e-04,8.641200e-05,5.537000e-04,5.679380e-05,2.538860e-04,3.481670e-04,6.544520e-04,3.395420e-04,2.663160e-03,1.109120e-05,1.650330e-04,3.972710e-04,1.548880e-03,1.658880e-03,1.066830e-03,1.678710e-04,-6.729570e-04,9.218060e-06,3.475910e-03,1.771900e-03,3.237810e-03,2.171620e-04,9.120180e-05,3.900480e-04,1.462280e-03,7.458020e-03,3.947920e-03,1.167390e-04,-2.755760e-04,6.088580e-04,5.276700e-03,4.365280e-03,4.008250e-04,7.444590e-04,-7.446270e-04,6.603490e-06,-1.239740e-04,-1.586110e-04,2.528570e-04,2.005400e-05,2.296280e-04,1.009400e-03,-3.894070e-05,1.112150e-04,9.336270e-04,-5.830190e-06,3.402720e-04,9.450090e-04,3.300000e-05,4.091040e-04,-3.519280e-04,1.009930e-03,9.181520e-06,4.470520e-04,5.836730e-04,-6.027590e-04,9.300120e-04,1.193350e-03,-6.457470e-04,1.461520e-03,3.107030e-03,6.804420e-04,3.414110e-03,7.849620e-03,8.134010e-03,3.983080e-03
4.831230e-04,6.576310e-04,7.398720e-06,3.615170e-04,8.413190e-04,2.383000e-05,4.888780e-04,9.211280e-04,9.934140e-04,-3.524320e-06,5.719950e-04,1.080620e-03,6.953140e-05,8.083170e-04,1.256250e-03,3.342940e-05,1.470940e-04,1.281750e-03,5.052520e-05,5.127330e-04,2.055250e-03,-5.478520e-05,4.278180e-04,9.383640e-04,5.591580e-05,6.529500e-04,1.489020e-03,7.215000e-05,5.153530e-05,8.300200e-04,1.202170e-05,2.268540e-04,7.017820e-04,1.091660e-03,1.284900e-05,1.720320e-04,6.637990e-04,3.807090e-04,9.866170e-05,4.476480e-04,1.884340e-03,5.870240e-05,5.071790e-04,9.001610e-04,3.848010e-04,1.081890e-03,2.328420e-03,4.600440e-03,1.183320e-03,5.035440e-05,-3.901780e-04,7.699290e-04,4.133430e-03,1.731120e-02,-2.934350e-04,1.288440e-05,-2.740990e-04,7.848550e-03,6.338730e-03,1.057220e-04,-6.219050e-04,1.156930e-03,5.253100e-04,8.694200e-05,5.756910e-05,2.345170e-05,3.101830e-04,4.534070e-04,1.776390e-04,1.789190e-05,-2.509590e-04,6.302320e-04,2.087810e-03,6.073300e-05,1.274040e-04,4.281690e-04,3.000390e-04,-3.250210e-04,1.522140e-03,1.896340e-03,-1.572830e-03,2.847060e-04,2.641960e-04,4.865630e-04,1.110960e-03,5.862720e-03,4.785770e-03,-2.610290e-04,9.021280e-05,2.114200e-03,-1.746140e-03,7.312240e-03,5.355510e-03,3.044780e-04,1.011680e-03,4.977280e-04,-9.250950e-04,6.471970e-03,8.290040e-03,3.247400e-04,2.284310e-03,1.621990e-03,9.342800e-03,8.249170e-03,5.013830e-04,-1.222520e-04,1.408410e-03,1.141740e-06,-2.415030e-04,2.313220e-04,1.252760e-03,-2.694430e-06,-7.174190e-04,7.157800e-04,-8.951450e-06,8.824700e-04,-7.767300e-04,2.930760e-05,1.010390e-03,1.017940e-03,1.806730e-03,3.324090e-04,1.523660e-03,4.307830e-04,2.951890e-03,1.106280e-04,-1.471950e-04,4.088500e-03,2.294290e-05,-1.897120e-03,5.904280e-03,1.266280e-02,1.362690e-03,4.467650e-04,8.983280e-04,-8.961650e-03,2.052130e-02,7.865740e-03
4.792160e-05,5.430470e-05,1.905320e-07,2.752040e-05,3.966390e-05,3.025970e-06,1.139470e-05,7.161310e-05,2.000960e-05,4.334340e-06,6.297760e-05,7.536270e-05,2.621600e-06,3.360880e-05,1.133840e-04,-5.278930e-06,7.690430e-05,6.362580e-05,1.147470e-05,-3.527220e-05,3.799770e-05,-7.452630e-06,-3.140210e-05,1.204190e-04,1.604820e-05,3.111830e-05,-6.022230e-05,7.031480e-06,-5.343610e-06,4.480840e-05,-1.413300e-07,6.185140e-06,4.927560e-05,1.967520e-05,5.355210e-07,1.174970e-05,5.227210e-05,1.383550e-04,-5.625710e-06,1.847080e-05,4.985860e-05,1.920430e-05,1.090620e-06,9.002940e-05,2.940830e-05,2.818140e-05,1.285920e-04,2.331650e-04,4.871390e-04,6.918040e-06,4.793520e-05,7.550230e-05,8.094270e-05,-2.934350e-04,2.200900e-04,3.628650e-05,2.929980e-04,-9.459430e-05,5.291010e-05,3.101180e-05,1.023580e-04,1.357720e-04,1.493580e-05,7.311420e-06,3.197260e-05,1.428100e-06,1.605290e-06,4.072550e-05,6.605600e-05,4.210700e-07,4.045140e-05,-2.175960e-05,-7.040910e-05,1.448670e-05,2.112210e-06,4.700720e-05,-9.431320e-06,4.845570e-05,-1.714070e-05,-6.810110e-05,1.641260e-04,4.789790e-06,2.766660e-05,1.615070e-04,2.437590e-04,2.266790e-05,-1.295620e-04,-7.005330e-05,4.989420e-06,-5.462370e-05,3.023040e-04,-1.539950e-04,1.245100e-04,-1.320520e-04,-2.950160e-05,1.176140e-04,3.172840e-04,8.931540e-05,-3.410540e-04,5.013490e-05,-7.925850e-05,1.475310e-04,-1.824190e-05,2.356550e-04,6.830860e-05,-3.676830e-06,-1.094630e-04,4.266080e-07,3.694820e-06,7.632360e-05,1.650700e-05,-4.098170e-06,7.074320e-05,1.288210e-05,3.537500e-06,-9.016500e-05,1.453180e-04,3.007760e-05,-2.381360e-05,4.706100e-05,-1.020200e-05,8.321920e-06,-9.586630e-05,1.601310e-04,8.053720e-05,1.708600e-04,3.258260e-05,-1.073740e-04,2.748420e-04,1.093020e-04,-2.242890e-04,-1.617520e-04,5.790910e-04,4.651420e-05,2.710720e-04,1.227360e-03,-2.748980e-04,3.741080e-04
1.002050e-04,3.218030e-05,2.041320e-06,-1.643470e-05,6.664200e-05,2.468100e-07,1.079610e-04,7.383930e-06,-4.867420e-05,6.813870e-06,1.010740e-04,1.674100e-04,4.194280e-06,1.402700e-04,-6.791670e-05,-3.550410e-07,-4.673930e-05,-2.470420e-05,1.821710e-05,-1.525220e-04,2.504160e-04,-7.193980e-06,-1.028700e-04,-2.016200e-04,1.785430e-05,-2.097730e-04,-1.288580e-04,-7.894030e-06,-2.227600e-05,-6.054810e-05,7.994330e-07,-2.180200e-05,1.339490e-05,1.401290e-04,-1.728400e-06,-1.796140e-04,-2.238810e-05,1.007390e-04,2.500920e-06,-5.805640e-05,1.057080e-04,-1.729120e-05,-1.609530e-04,3.774920e-04,5.225220e-05,1.733840e-04,1.073090e-04,-3.048320e-04,2.778340e-04,9.104460e-06,2.283720e-04,3.558620e-04,4.371160e-04,1.288440e-05,3.628650e-05,6.291310e-04,2.095550e-04,9.314860e-05,-2.023590e-05,-4.699840e-05,2.182460e-04,6.181630e-04,5.058630e-05,7.993870e-05,1.376550e-04,7.800020e-07,9.575540e-05,-4.769750e-05,-7.977480e-05,4.096410e-06,4.488110e-05,1.932720e-04,-1.862030e-04,1.358660e-05,2.800250e-05,-1.657480e-04,4.672890e-05,4.229790e-05,3.512170e-05,-1.624970e-04,2.864580e-04,-3.130070e-05,-7.664190e-05,-8.443080e-05,-1.462240e-04,1.033910e-04,1.027070e-04,1.824510e-05,-2.845590e-05,-4.074400e-04,1.674050e-05,1.415530e-04,6.070330e-04,-4.930800e-05,3.534100e-04,-1.710370e-06,1.533260e-06,9.692450e-04,9.868420e-04,-2.961310e-06,-4.857130e-05,-4.036740e-04,-4.427370e-04,8.060260e-04,3.007620e-05,-1.487760e-04,-4.090540e-04,3.062190e-06,-4.217650e-05,-1.657360e-05,5.002690e-05,4.594240e-07,2.736350e-04,8.763880e-05,-1.229830e-05,-1.291110e-04,-9.862440e-05,-1.414480e-05,1.555080e-04,1.951680e-04,1.596000e-04,8.128460e-06,-2.694550e-04,1.778650e-04,1.202020e-04,9.178510e-05,1.693440e-04,-7.377240e-05,1.057360e-04,2.419780e-04,-2.123180e-04,6.627300e-05,-3.390450e-04,9.560240e-05,2.998830e-04,1.510530e-03,-1.299430e-03,6.522080e-04
-7.709050e-07,2.249880e-04,9.693070e-07,1.483490e-04,3.452190e-04,8.919710e-06,1.137630e-04,1.522700e-04,3.145090e-04,7.094300e-06,1.627050e-04,5.712170e-04,-6.905620e-06,2.054480e-04,5.161350e-04,3.063430e-05,3.315170e-04,2.010060e-04,4.274830e-05,1.364520e-04,-6.674720e-04,1.584240e-05,1.187600e-04,1.625830e-04,-3.648790e-06,2.896250e-05,-4.529000e-04,3.737000e-05,2.869830e-04,2.709770e-04,1.016840e-05,-5.951290e-05,1.935970e-04,8.805210e-05,7.847380e-06,1.943440e-04,4.829960e-04,2.139870e-04,1.227740e-05,1.233380e-04,8.566290e-04,3.453270e-05,2.730090e-04,9.354170e-06,1.127010e-04,-3.151040e-04,1.371570e-03,7.960000e-04,8.112200e-04,5.622260e-05,2.322660e-04,1.896140e-03,9.712370e-04,-2.740990e-04,2.929980e-04,2.095550e-04,3.564350e-03,8.941090e-04,2.787880e-03,-4.904090e-05,3.627850e-04,2.976160e-04,1.961980e-04,-2.609990e-04,4.306520e-05,1.372190e-06,1.234860e-04,-1.043630e-04,6.429120e-04,-1.256600e-05,8.841700e-05,2.147690e-06,1.460090e-04,6.247930e-05,-2.184820e-04,6.523840e-04,5.255940e-05,1.121160e-04,-5.502870e-04,5.840120e-04,1.290090e-03,8.500410e-06,8.149160e-05,2.526510e-04,9.659350e-04,1.202320e-05,-1.921510e-04,1.229900e-04,1.829450e-04,-5.221470e-04,1.154880e-03,7.112460e-04,1.139320e-03,1.435350e-04,-1.407770e-04,8.665500e-04,1.955850e-03,1.892090e-03,3.578670e-04,1.458990e-04,-6.266510e-04,7.396130e-04,1.330660e-03,2.676660e-03,1.560420e-04,2.408550e-04,1.210620e-04,2.798490e-06,6.801380e-04,1.278280e-04,-2.977290e-04,2.624730e-05,2.655450e-04,-1.527300e-04,-7.947670e-05,1.627560e-04,3.658800e-04,3.340340e-06,4.969390e-05,1.135350e-05,4.487490e-04,-5.320630e-06,4.406530e-04,1.972570e-04,5.902990e-04,1.506610e-04,-3.109920e-04,-4.896790e-05,1.811280e-04,-3.479620e-05,-4.471320e-04,-4.924560e-04,1.420810e-03,-4.388120e-04,5.808590e-04,3.065250e-03,-3.509780e-04,1.647920e-03
5.153470e-04,4.608480e-04,9.731930e-06,4.187530e-04,7.356970e-04,1.079850e-05,3.609090e-04,8.254050e-04,3.308590e-04,1.586830e-05,2.828760e-04,1.024470e-03,-8.226180e-07,6.938380e-04,1.244280e-03,5.251860e-05,2.366770e-04,7.482570e-04,7.641660e-05,3.892720e-04,1.206580e-03,-6.255760e-06,3.638490e-04,6.030430e-04,-6.052610e-05,6.430810e-04,1.320020e-03,-8.881410e-06,-1.759450e-04,5.886560e-04,9.668790e-06,-8.455040e-05,3.557810e-04,1.397040e-03,3.931130e-06,4.960280e-05,4.940640e-04,1.663160e-03,1.821410e-05,3.579680e-04,1.675580e-03,1.279800e-04,2.234550e-04,6.267720e-04,2.336290e-04,6.450990e-04,1.222350e-03,3.671560e-03,-3.332470e-05,6.637130e-05,-2.094540e-04,3.097210e-04,3.944490e-03,7.848550e-03,-9.459430e-05,9.314860e-05,8.941090e-04,1.097830e-02,3.970160e-03,5.690760e-05,-8.770450e-04,2.969020e-03,3.252810e-04,4.553490e-04,2.413070e-04,1.571460e-05,2.593530e-04,3.904510e-04,-5.753900e-04,2.337910e-05,1.855140e-04,-3.535180e-05,7.244810e-04,9.039910e-05,3.739700e-04,-3.431130e-04,1.915730e-04,2.081840e-04,9.873840e-04,4.737000e-04,-1.598780e-03,3.903110e-04,-7.019700e-06,9.928320e-04,1.015210e-03,4.178790e-03,3.738970e-03,-2.729570e-05,2.107700e-06,1.980390e-03,-7.267040e-04,2.166780e-03,3.555600e-03,6.297230e-04,5.238600e-04,1.013200e-03,5.718730e-04,5.715780e-03,4.161390e-03,3.801220e-04,7.428520e-04,1.584990e-04,7.418930e-03,4.149250e-03,5.591940e-04,-1.006710e-04,2.245960e-04,1.077630e-06,-3.201730e-04,6.196760e-04,1.372740e-03,-7.831310e-06,-1.800630e-04,9.202440e-04,-1.393380e-05,9.330020e-05,-4.377090e-04,9.556610e-05,6.267070e-04,6.746530e-04,5.314980e-04,2.501460e-04,1.318590e-04,5.920080e-04,1.519900e-03,-2.854480e-04,1.050130e-04,1.878290e-03,9.098780e-06,-1.319790e-03,3.185620e-03,8.171730e-03,1.407150e-04,-4.659220e-04,1.410760e-03,-3.217580e-03,1.566060e-02,3.722760e-03
3.562480e-04,6.611050e-04,4.490040e-06,3.758160e-04,8.955010e-04,3.873040e-05,3.870150e-04,1.012220e-03,7.126000e-04,2.575260e-05,5.572140e-04,9.321580e-04,-2.888480e-06,5.550430e-04,1.262890e-03,1.344460e-04,9.852070e-04,2.428650e-03,6.219180e-05,1.362270e-04,-2.920960e-04,5.683140e-05,4.860670e-04,9.212130e-04,-1.772310e-05,5.029600e-04,1.042800e-03,6.815510e-05,3.510890e-04,5.067100e-04,2.204370e-05,2.850770e-04,6.886450e-04,2.890630e-04,2.097210e-05,1.210570e-04,6.548610e-04,1.205430e-03,5.950430e-05,6.905300e-04,2.428640e-03,1.746160e-04,9.219360e-04,2.696180e-04,1.128450e-04,-6.969510e-04,2.340840e-03,3.518610e-03,4.329580e-03,2.485150e-05,2.131090e-04,3.272690e-03,3.633040e-03,6.338730e-03,5.291010e-05,-2.023590e-05,2.787880e-03,3.970160e-03,1.743440e-02,2.222330e-04,3.974580e-04,4.539410e-04,5.811830e-04,-7.241160e-04,5.591000e-04,1.426100e-05,-4.484460e-05,5.210150e-04,1.598510e-03,-1.367120e-05,-3.868140e-04,2.907620e-04,1.345600e-03,6.958500e-05,-2.962450e-04,1.068890e-03,2.275070e-04,4.450100e-04,3.609620e-04,1.843240e-03,4.478260e-03,1.409490e-04,5.618740e-04,3.937870e-04,2.342420e-03,2.764550e-03,6.550300e-04,1.504830e-04,1.150210e-03,1.093920e-03,2.839750e-03,3.590730e-03,2.846150e-03,1.102610e-03,3.324820e-05,-4.951790e-04,4.822890e-03,4.685320e-03,1.973800e-03,5.092410e-04,-5.302440e-04,2.388510e-03,5.246710e-03,5.612440e-03,1.051760e-03,1.502290e-03,7.686770e-04,3.957200e-07,1.158240e-03,-6.350030e-04,-6.809860e-04,3.901930e-05,1.238440e-04,6.930820e-04,8.987960e-05,5.274800e-04,2.284720e-04,-1.628410e-04,1.612180e-04,3.350760e-04,4.032240e-04,1.114810e-04,5.782880e-04,-1.417150e-04,1.446260e-03,4.274380e-04,-2.492530e-04,1.877890e-03,4.388320e-04,-7.644150e-04,1.368230e-03,7.264250e-04,2.824110e-03,-8.364630e-05,1.752690e-03,5.140920e-03,2.172860e-02,2.154730e-03
6.496260e-05,3.689180e-05,1.491160e-06,4.528350e-05,6.701900e-05,1.747920e-06,-2.110830e-05,8.186380e-05,6.666810e-05,5.047680e-06,1.036570e-04,9.248510e-05,-6.471430e-07,7.864940e-05,1.837700e-04,3.794700e-06,4.202160e-05,8.996460e-05,1.322010e-05,3.971060e-05,9.068880e-05,-1.707740e-07,-2.305950e-05,8.936700e-05,2.229290e-05,6.118280e-05,1.967060e-04,5.242370e-06,1.482600e-05,1.121550e-04,-3.544950e-06,-2.264780e-05,5.643170e-05,1.449550e-04,-1.662590e-06,7.262110e-05,4.191780e-05,8.763560e-05,-4.357570e-06,-2.626220e-05,6.128320e-05,1.774970e-05,2.295280e-05,8.783020e-05,3.158240e-05,5.243640e-06,5.113680e-05,3.553330e-04,2.029300e-04,3.627730e-07,6.206620e-05,1.223730e-04,2.349140e-04,1.057220e-04,3.101180e-05,-4.699840e-05,-4.904090e-05,5.690760e-05,2.222330e-04,4.085630e-04,-3.684260e-05,-2.294870e-06,-7.601840e-06,4.461050e-05,-4.690970e-05,3.599810e-06,-1.326000e-06,7.753340e-05,-1.527290e-05,3.959340e-06,7.232900e-05,5.810660e-05,8.374880e-05,8.432010e-06,4.821350e-05,9.225320e-05,7.373210e-06,-2.749460e-05,1.063320e-04,2.022990e-04,-2.311980e-05,6.780260e-06,-3.847200e-05,1.009870e-04,2.379320e-04,2.103220e-04,-3.153560e-05,1.300430e-05,5.783010e-05,4.193690e-04,3.888690e-04,3.677890e-04,-2.388260e-04,1.698720e-05,2.256390e-05,1.959320e-04,-3.827520e-05,-4.434860e-04,-7.283240e-04,-4.394290e-05,8.392690e-05,1.861680e-04,2.371320e-04,-1.753490e-04,2.650260e-04,-7.627320e-05,-2.554680e-05,3.150310e-06,-1.589530e-05,4.442020e-05,-7.976500e-05,-4.827560e-06,5.220150e-07,-1.339910e-04,2.385600e-05,7.910440e-05,-5.925730e-05,1.884090e-05,-3.198810e-05,-9.654410e-05,-2.223540e-05,2.291420e-05,1.247170e-05,-9.975460e-05,-2.182280e-05,-4.361120e-06,3.134730e-05,3.299010e-04,3.437170e-04,1.238230e-05,2.184350e-04,3.861860e-04,9.601450e-05,8.100570e-05,4.284830e-04,5.970760e-04,9.605860e-04,2.416420e-04
5.236000e-05,8.826440e-05,1.023180e-06,3.036530e-05,5.003490e-05,4.690240e-06,1.650590e-05,1.261910e-04,6.003310e-05,4.876960e-06,6.153780e-05,3.077200e-05,1.958310e-05,-1.106240e-04,7.099290e-05,-7.253290e-06,2.470320e-04,2.403820e-04,1.240250e-05,-2.697130e-05,3.365800e-05,6.507830e-06,-1.186010e-04,-1.493490e-04,3.625050e-05,-2.841330e-04,-6.778910e-04,-9.731670e-06,3.108400e-05,1.357170e-05,1.883380e-06,3.998540e-05,2.100150e-05,-2.049680e-05,3.170690e-07,-4.723630e-05,1.492020e-04,1.081750e-04,-2.571380e-06,5.573630e-05,-2.774070e-04,6.832420e-06,1.124140e-04,2.806950e-04,8.102360e-05,-5.513330e-05,-8.404910e-05,-4.756980e-04,8.634210e-04,2.211370e-05,1.290470e-04,4.872560e-04,5.380940e-04,-6.219050e-04,1.023580e-04,2.182460e-04,3.627850e-04,-8.770450e-04,3.974580e-04,-3.684260e-05,1.192320e-03,1.740240e-04,6.670410e-05,-8.928670e-05,1.893190e-04,4.323910e-07,1.449770e-05,-7.121020e-05,1.454660e-04,6.322330e-06,-5.788290e-05,3.928790e-05,2.624600e-05,2.320780e-05,-9.236730e-05,1.462920e-04,5.432540e-05,1.176430e-04,9.043700e-05,2.340210e-04,1.026210e-03,-1.087480e-04,3.635080e-05,-6.729940e-05,3.580960e-04,-1.396830e-05,-3.307080e-04,2.260700e-05,3.893930e-05,-4.851820e-04,1.097090e-03,9.831600e-04,5.552040e-04,2.306360e-05,-2.522290e-05,-3.438680e-04,8.712820e-04,8.474220e-04,1.401180e-03,1.049620e-04,1.913880e-04,1.237770e-04,-4.108460e-04,1.476090e-03,8.647650e-05,-3.767260e-05,-1.994000e-05,1.711330e-06,1.223330e-04,1.114160e-04,-1.119130e-04,5.161740e-06,1.967890e-04,1.735040e-04,-3.646790e-05,-9.309600e-05,4.594830e-04,-3.320790e-05,3.248290e-05,4.249630e-04,3.965360e-04,-4.525940e-06,1.644030e-05,4.663290e-04,3.477230e-04,2.122070e-04,2.119710e-04,-4.790790e-05,1.677980e-04,3.056110e-04,-8.807590e-04,-1.285210e-03,6.130520e-04,-3.393190e-04,5.298720e-04,3.789650e-03,-1.656470e-03,7.120760e-04
3.485240e-04,3.463480e-04,4.972770e-06,4.016170e-04,2.902290e-04,4.201120e-06,2.944350e-04,7.333100e-04,2.535900e-04,1.607490e-06,1.347100e-04,8.163630e-04,1.969360e-05,4.431570e-04,3.455160e-04,-1.242350e-05,-2.342640e-05,-1.055640e-03,1.139990e-04,4.456300e-04,2.124900e-03,-1.295390e-05,-2.363790e-04,-1.978950e-04,8.580880e-05,1.874560e-04,5.171730e-04,-2.427340e-04,-2.518990e-04,-2.605570e-04,1.411130e-05,-3.396250e-04,3.090830e-04,8.781030e-04,-5.027100e-06,-3.920200e-04,-4.727700e-04,4.921970e-04,5.371580e-05,1.606420e-05,5.211700e-04,5.378980e-05,-3.001000e-04,1.470360e-03,2.090350e-04,7.582010e-04,1.508210e-03,8.868800e-04,-1.379940e-03,9.797950e-05,-1.058080e-04,1.250510e-03,1.698840e-03,1.156930e-03,1.357720e-04,6.181630e-04,2.976160e-04,2.969020e-03,4.539410e-04,-2.294870e-06,1.740240e-04,1.031630e-02,-1.883120e-04,4.497700e-04,7.461220e-04,-5.008400e-06,3.464220e-04,1.444260e-04,-3.431710e-04,2.227600e-05,4.802850e-04,5.304080e-04,-4.034440e-05,4.367360e-05,7.564370e-04,-2.062270e-04,4.892350e-05,5.874100e-04,-7.844220e-05,-9.163940e-04,-1.049020e-03,3.520830e-04,-1.007160e-04,5.545120e-04,6.234040e-04,1.973590e-03,2.897460e-03,-2.546350e-05,-7.972840e-04,-1.636240e-03,-1.039970e-03,1.657990e-03,5.626030e-03,-3.457570e-04,2.818010e-04,3.654400e-04,-2.590640e-03,4.704240e-03,2.185850e-03,9.126330e-05,-8.415070e-04,-1.365630e-03,-1.160350e-03,1.980680e-03,5.206840e-04,-2.571270e-04,-6.077040e-04,9.727600e-06,-5.028660e-04,-2.063700e-04,4.729580e-04,-8.391200e-06,-2.164810e-04,5.281510e-04,-7.692780e-05,-1.484470e-03,-4.189770e-04,3.401990e-04,1.146530e-04,9.896280e-04,1.212030e-03,-3.995230e-04,-4.281250e-04,1.586270e-03,1.082670e-03,-6.863390e-04,1.499590e-03,9.507240e-04,8.409350e-04,1.526300e-03,-1.180450e-04,4.156380e-03,1.452180e-03,-8.110460e-04,1.569100e-03,4.907590e-03,3.185780e-03,6.017410e-04
2.333720e-05,8.815900e-05,-6.561300e-07,2.000400e-05,1.136180e-04,3.787550e-06,7.150090e-05,1.074840e-04,1.214150e-04,-2.684400e-06,3.570670e-05,1.185740e-04,1.675440e-05,6.553560e-05,1.832050e-04,6.966730e-06,5.741400e-05,2.470170e-04,5.161850e-06,2.455940e-05,1.455910e-04,-1.619950e-06,8.226600e-05,8.836670e-05,3.723000e-05,-3.747510e-05,-4.645090e-05,3.530860e-06,3.861130e-05,1.911700e-05,2.486560e-06,4.273110e-05,5.990810e-05,2.195180e-05,5.236070e-06,1.595270e-05,2.021980e-05,1.073680e-04,1.344410e-06,7.414010e-05,1.121800e-04,-7.076770e-06,7.140060e-05,-8.629540e-05,3.278350e-05,-6.952810e-05,7.709860e-05,4.133820e-04,4.678580e-04,-2.218980e-08,-1.224350e-05,1.104770e-04,3.849730e-04,5.253100e-04,1.493580e-05,5.058630e-05,1.961980e-04,3.252810e-04,5.811830e-04,-7.601840e-06,6.670410e-05,-1.883120e-04,3.957260e-04,-1.665580e-05,4.967320e-06,2.653200e-06,1.060120e-06,1.000340e-06,8.749390e-05,-3.099230e-06,-2.876070e-05,1.316960e-05,1.675040e-04,1.943100e-05,1.928390e-06,1.245600e-04,3.449780e-05,5.656650e-05,-2.350220e-05,1.067590e-04,1.500940e-04,2.940000e-05,6.145090e-06,-2.041930e-05,2.759430e-04,3.423490e-04,1.559800e-04,-8.884270e-06,6.533700e-05,5.947480e-05,2.405200e-04,3.370870e-04,2.413980e-04,1.264250e-04,8.469790e-05,1.345520e-04,3.639190e-04,-8.323760e-05,1.702580e-05,1.275470e-04,1.470520e-04,-1.157530e-04,-2.676910e-04,-4.542020e-04,1.027660e-04,5.048760e-05,7.467520e-05,9.384190e-07,2.215630e-05,-3.527180e-05,-4.111240e-05,4.923570e-06,-1.802010e-05,4.814470e-06,-2.930820e-05,-1.604870e-05,-2.547100e-05,-2.303350e-05,2.524520e-05,-9.971710e-06,-5.728960e-05,-4.646780e-05,6.648500e-05,-1.991610e-05,4.131910e-05,4.108060e-05,8.099370e-05,4.002370e-05,-6.663500e-05,1.181350e-04,1.465170e-04,-9.798530e-05,3.428310e-04,1.882000e-04,-3.684060e-04,-5.815950e-04,-6.418130e-05,7.081730e-04
-1.381080e-05,1.030650e-04,-9.378730e-08,7.338340e-05,5.324740e-05,-2.461940e-06,6.003140e-05,1.913640e-05,-3.410500e-05,3.923660e-06,3.153250e-05,8.425490e-05,1.763060e-06,9.027490e-05,-9.494770e-05,-1.920090e-06,-1.510360e-04,-1.415930e-04,1.261650e-05,3.525470e-05,4.204610e-04,-1.169260e-06,-3.634150e-05,3.794640e-05,-1.839680e-06,1.830550e-05,1.294540e-04,-1.046520e-05,-7.279000e-05,-1.660380e-04,1.665930e-06,-5.674910e-05,-5.695800e-05,2.151090e-04,-5.261420e-06,-1.196970e-04,-6.051840e-06,3.222110e-04,-2.107640e-05,-5.907330e-05,-8.349880e-05,6.001320e-06,-8.539960e-05,3.416990e-04,2.911900e-05,2.849840e-04,-9.792170e-05,-9.934580e-05,4.025710e-04,-2.416220e-05,3.429110e-05,-2.941280e-04,2.794100e-04,8.694200e-05,7.311420e-06,7.993870e-05,-2.609990e-04,4.553490e-04,-7.241160e-04,4.461050e-05,-8.928670e-05,4.497700e-04,-1.665580e-05,5.323280e-04,2.831020e-06,7.051690e-08,-1.630720e-06,2.496250e-05,-7.781620e-05,6.111090e-06,3.068010e-05,1.207510e-04,-3.442040e-05,1.473290e-05,2.128540e-04,-5.848670e-05,1.302830e-05,1.488470e-04,1.807020e-04,-1.745000e-04,-3.752260e-04,1.741720e-05,-9.794310e-06,2.198700e-04,3.840150e-05,4.505780e-04,1.297680e-04,2.386680e-05,-2.332480e-04,1.049030e-05,1.830160e-04,4.615420e-04,7.483150e-05,-2.792740e-05,3.608080e-06,2.593020e-04,1.426930e-04,2.743820e-04,6.452820e-04,1.848300e-05,-1.180240e-05,-1.566240e-04,2.912810e-04,6.853910e-04,7.532040e-05,9.966510e-05,-1.176770e-04,3.142170e-06,-3.323040e-04,1.183860e-04,2.451990e-04,-1.189960e-05,-6.863550e-05,-1.253380e-04,2.265530e-05,-2.147870e-04,-1.592380e-04,2.887550e-05,1.325140e-04,-5.406010e-05,1.919750e-06,8.246390e-05,-2.140200e-04,9.270450e-05,-2.134360e-04,2.959960e-06,1.603000e-04,-1.542850e-04,3.502100e-04,2.166600e-04,-1.611480e-04,5.272320e-04,1.913140e-04,1.616000e-04,7.678000e-04,1.642330e-03,-1.964200e-03,7.934520e-04
1.980920e-04,-3.873600e-05,2.748990e-06,4.023070e-05,1.468750e-04,1.848320e-06,1.032010e-04,2.548470e-05,3.440120e-05,-1.087020e-06,5.765000e-05,6.682680e-05,2.806290e-06,7.727300e-05,5.127790e-05,-1.554060e-06,9.658060e-06,6.093990e-05,1.861500e-05,1.110380e-04,2.692930e-04,-2.548380e-06,3.837720e-06,-1.147290e-04,1.582170e-05,-6.084490e-06,2.375750e-05,-2.121610e-05,-1.430910e-04,-2.453680e-05,1.073390e-06,-8.275830e-06,1.799050e-05,6.198960e-05,3.946300e-07,-8.408950e-05,1.082420e-04,2.758160e-04,4.609240e-06,-1.060670e-05,2.755890e-04,7.605080e-06,-7.667780e-05,4.100860e-04,3.988540e-05,1.134740e-04,1.029210e-04,-8.273950e-05,3.806500e-04,7.654270e-06,-5.062560e-05,1.611890e-04,5.586510e-04,5.756910e-05,3.197260e-05,1.376550e-04,4.306520e-05,2.413070e-04,5.591000e-04,-4.690970e-05,1.893190e-04,7.461220e-04,4.967320e-06,2.831020e-06,5.383900e-04,-4.240120e-06,-1.968360e-06,-3.431550e-05,3.467100e-05,7.337340e-06,7.372710e-05,1.486120e-04,-1.743480e-04,1.223380e-05,1.444240e-04,1.694370e-05,2.027340e-05,2.176030e-04,1.269850e-04,-1.305260e-04,6.384180e-04,-2.777730e-05,4.527870e-05,1.772060e-04,1.405470e-04,6.505360e-04,2.869160e-04,-1.907990e-05,-2.145980e-04,-1.577230e-04,4.453870e-04,6.570940e-04,9.186620e-04,1.950520e-05,-7.105150e-06,1.080360e-04,5.239490e-04,1.572150e-03,8.972880e-04,5.875160e-05,-9.849900e-05,-2.446720e-05,4.370920e-04,1.373450e-03,3.623200e-05,7.411750e-05,-8.186420e-05,2.570890e-06,-9.197200e-05,-1.387220e-04,2.380830e-04,-1.128880e-06,1.714840e-04,3.231030e-04,1.776530e-05,-4.105380e-05,2.236070e-04,1.978810e-05,2.044050e-04,1.914790e-04,-5.988970e-06,8.215660e-05,-1.948350e-04,3.168060e-04,2.291320e-04,1.761170e-04,2.139040e-04,1.931850e-04,3.283910e-04,3.013070e-04,1.237630e-04,2.464800e-04,4.305830e-04,1.685960e-05,3.710850e-04,1.647600e-03,1.782040e-03,1.494890e-03
1.122980e-06,-1.981060e-06,1.366440e-06,4.988020e-07,-1.870910e-06,-2.306240e-07,-1.514920e-06,-2.233690e-06,-3.937370e-06,7.607600e-08,2.258190e-06,-1.913240e-06,7.003980e-07,1.143760e-06,-4.200520e-06,1.971420e-06,-9.704630e-07,-1.020100e-05,-1.502510e-06,-7.486120e-06,-1.216040e-05,1.608420e-06,-2.380520e-06,-2.926970e-06,-8.663020e-07,3.299530e-06,2.047310e-06,2.165530e-08,9.016230e-06,-1.245790e-06,-4.049270e-06,1.868010e-06,8.889590e-06,8.220460e-06,-1.747650e-07,-1.580610e-06,4.308740e-06,8.539930e-06,-3.695770e-07,3.005100e-06,5.990350e-06,-3.862690e-07,3.470790e-06,-6.948590e-06,1.543910e-07,5.546890e-06,-6.315120e-06,3.760920e-06,-1.088660e-06,6.769990e-08,1.816910e-06,-4.125110e-06,1.087600e-05,2.345170e-05,1.428100e-06,7.800020e-07,1.372190e-06,1.571460e-05,1.426100e-05,3.599810e-06,4.323910e-07,-5.008400e-06,2.653200e-06,7.051690e-08,-4.240120e-06,3.522710e-06,3.504260e-07,6.208620e-06,5.142890e-06,-4.248800e-07,-3.529750e-06,-1.509970e-06,5.811700e-06,6.129270e-07,-2.342020e-06,1.299630e-06,1.534090e-07,-1.824200e-06,4.793100e-06,1.080530e-05,9.446170e-07,-1.373180e-06,6.685440e-06,5.076410e-06,1.165680e-05,1.818560e-05,1.695980e-05,2.431320e-06,7.843450e-06,1.135310e-05,1.009750e-05,1.564180e-05,1.243630e-05,6.620880e-07,5.441520e-06,4.566020e-06,1.428410e-05,3.571990e-05,2.920630e-05,1.090720e-07,4.905820e-06,9.664810e-06,3.443300e-05,3.069130e-05,3.082730e-06,-8.459010e-06,-8.430650e-06,-1.877590e-06,-2.374380e-06,-2.032390e-06,-3.410580e-06,-4.528640e-07,-5.043510e-06,-5.228100e-08,3.314230e-07,-2.972100e-06,3.188400e-06,3.689300e-06,-2.798710e-06,8.439380e-06,1.291100e-05,2.031710e-06,3.993570e-06,1.093490e-05,2.129100e-05,8.416590e-06,5.237940e-06,1.616460e-05,-2.968330e-07,2.427410e-06,2.129900e-05,3.092300e-05,7.980020e-06,9.477390e-06,1.840010e-05,1.910200e-05,8.847190e-05,4.039660e-05
5.672460e-05,6.395120e-05,-2.333580e-06,-5.142760e-05,1.110370e-05,-3.175800e-07,7.126800e-05,8.052610e-05,1.388510e-05,4.135090e-07,3.987490e-05,-6.092860e-06,-7.050260e-07,5.703260e-05,7.369810e-05,4.792120e-06,8.303470e-07,-7.873360e-05,4.528710e-06,-5.569910e-05,2.141050e-04,-6.146890e-07,-6.723010e-05,-3.337130e-05,2.374070e-06,8.734520e-07,2.303100e-05,-4.780390e-06,-5.814030e-05,-1.663870e-06,4.992640e-06,3.309550e-05,2.189660e-05,1.440810e-04,-8.873870e-07,-4.935640e-05,-7.353290e-05,3.080790e-05,1.073230e-06,-1.922690e-05,1.956140e-04,5.371050e-06,-4.659610e-05,-9.534350e-05,1.365220e-05,1.163220e-04,1.391430e-04,8.699510e-05,-1.228600e-04,-7.634670e-07,2.626830e-05,1.360750e-04,-2.190570e-05,3.101830e-04,1.605290e-06,9.575540e-05,1.234860e-04,2.593530e-04,-4.484460e-05,-1.326000e-06,1.449770e-05,3.464220e-04,1.060120e-06,-1.630720e-06,-1.968360e-06,3.504260e-07,2.755370e-04,-2.970750e-05,-8.351500e-05,1.306630e-06,8.120270e-05,1.811370e-05,2.613480e-05,8.335450e-06,3.794950e-05,8.608710e-05,4.089700e-06,6.273950e-06,-3.273660e-05,1.289620e-04,-1.611660e-05,2.258490e-05,4.926120e-05,8.595660e-05,1.961870e-04,3.838050e-04,3.195010e-04,3.990900e-05,3.054270e-05,-1.043260e-04,-1.318330e-04,2.972160e-04,5.811960e-04,2.960700e-05,9.295030e-05,3.851290e-05,-1.465910e-04,6.730420e-04,5.658440e-04,1.052810e-05,-3.738050e-06,-1.228310e-04,2.716100e-04,8.149820e-04,-2.595730e-06,-9.572620e-05,-5.543380e-05,4.922840e-06,1.023930e-04,4.159200e-05,5.262490e-05,5.804780e-06,5.469140e-06,2.403730e-05,5.229610e-06,-2.008620e-04,-1.057010e-04,2.080590e-05,-5.744750e-05,1.176050e-04,3.230880e-04,-2.512310e-05,-2.051730e-05,2.320960e-04,3.724790e-04,-1.418290e-04,1.199190e-04,3.328060e-04,-3.351300e-06,6.687680e-05,3.224360e-04,8.290590e-04,1.645650e-04,9.159570e-05,4.501760e-04,6.293500e-04,1.171950e-03,3.329230e-04
1.159020e-04,7.027700e-05,3.822960e-07,5.279070e-05,6.460930e-06,5.828620e-06,3.028680e-05,2.696310e-04,7.887950e-05,-3.157660e-06,1.759050e-05,1.273490e-04,6.086520e-06,7.847860e-05,9.606240e-05,5.297910e-06,-1.250130e-04,2.194970e-04,-4.775870e-07,1.618150e-04,7.697210e-06,-8.986280e-06,2.966260e-08,1.890230e-04,8.648070e-06,1.172800e-04,4.941480e-05,-7.382100e-07,-4.310150e-05,4.102370e-05,1.770840e-06,-3.737220e-05,-3.497890e-05,-1.714040e-04,9.741030e-06,1.690670e-05,-1.977520e-04,1.132870e-05,9.237110e-06,-2.827030e-05,2.648310e-05,1.339100e-05,1.384510e-04,1.707950e-04,9.934920e-06,1.245400e-04,-9.800410e-05,4.641090e-04,1.430250e-04,1.121170e-05,3.851490e-05,-1.039660e-04,6.861510e-04,4.534070e-04,4.072550e-05,-4.769750e-05,-1.043630e-04,3.904510e-04,5.210150e-04,7.753340e-05,-7.121020e-05,1.444260e-04,1.000340e-06,2.496250e-05,-3.431550e-05,6.208620e-06,-2.970750e-05,6.166110e-04,1.135350e-04,-1.000370e-06,5.651840e-05,-2.866310e-05,3.817740e-05,2.351840e-05,1.244640e-04,-5.509660e-05,1.530010e-05,-2.009320e-06,3.336940e-04,2.969900e-04,6.560670e-04,-3.142860e-05,5.261550e-05,2.096570e-04,3.133560e-04,5.731410e-04,2.588160e-04,2.177170e-05,-6.747420e-05,3.065970e-04,3.799620e-04,1.181790e-04,3.603210e-04,8.946230e-05,3.553270e-05,3.654440e-05,2.972520e-05,8.803650e-04,1.244710e-04,4.628270e-05,1.173940e-04,3.086500e-04,1.207310e-03,8.307050e-04,5.819800e-05,2.830160e-04,-2.589470e-04,1.037440e-06,-3.018470e-05,3.493730e-05,3.359460e-05,-7.861960e-06,-9.079120e-05,2.265970e-04,-5.207270e-06,-3.868490e-05,1.908950e-04,6.505240e-05,-6.856740e-05,2.591570e-04,-7.148720e-06,5.107030e-05,-1.167030e-04,4.393210e-04,4.790230e-04,5.097040e-05,1.326400e-04,4.063720e-04,2.401840e-04,1.429590e-04,5.374260e-04,8.203880e-04,9.417350e-04,2.498460e-04,5.989160e-04,7.182730e-04,4.690510e-03,7.115200e-04
3.118310e-06,4.453850e-05,3.273730e-06,-5.641890e-06,1.663760e-04,5.708690e-06,-5.195540e-05,1.666510e-04,1.662570e-04,2.988150e-06,1.104920e-04,7.972730e-05,8.353050e-06,-1.500360e-04,1.644750e-04,5.740700e-06,1.543360e-04,1.234580e-04,-8.305170e-06,3.055480e-05,-2.675900e-04,8.784010e-06,1.048590e-04,-1.318390e-04,1.634710e-05,2.431110e-05,1.348660e-05,1.262310e-05,1.402210e-04,7.091700e-06,-5.052080e-06,1.033540e-04,-1.291730e-04,-3.047970e-04,1.444750e-06,1.160070e-04,-7.371070e-05,-4.139400e-04,1.820150e-05,1.156050e-04,7.010240e-05,-2.236270e-07,2.529030e-04,5.138610e-05,1.687840e-05,-1.310760e-04,6.267260e-04,3.031130e-04,5.673380e-04,4.065820e-05,3.829460e-05,8.914640e-04,3.008380e-04,1.776390e-04,6.605600e-05,-7.977480e-05,6.429120e-04,-5.753900e-04,1.598510e-03,-1.527290e-05,1.454660e-04,-3.431710e-04,8.749390e-05,-7.781620e-05,3.467100e-05,5.142890e-06,-8.351500e-05,1.135350e-04,9.996070e-04,-1.190140e-05,-1.036020e-04,1.790770e-04,4.111090e-04,1.235280e-05,-6.296360e-05,4.834650e-04,4.327550e-05,7.322500e-05,-1.681150e-04,3.507540e-04,6.241070e-04,2.547090e-05,6.821380e-05,4.786700e-05,4.690960e-04,-9.004220e-05,-1.381180e-04,3.156590e-06,1.026370e-04,-4.031430e-05,7.397990e-04,6.630450e-04,3.426540e-04,1.372410e-04,-9.723940e-05,2.173570e-04,1.183890e-03,3.224640e-04,4.324800e-04,1.095410e-04,-1.709300e-04,7.747620e-04,5.005510e-04,2.008870e-03,-6.637820e-06,3.972730e-04,2.413720e-04,-5.852090e-06,2.105790e-04,-4.331480e-06,-6.172390e-05,-2.327390e-05,-3.329810e-05,1.525350e-06,1.650540e-05,1.198500e-04,1.894350e-04,-1.749590e-06,-1.664520e-05,6.300140e-05,5.154090e-04,-8.027880e-06,2.643230e-04,9.507850e-05,6.147960e-04,3.889940e-04,1.053190e-05,5.809870e-04,3.190120e-04,1.873290e-04,3.643280e-04,1.708070e-04,1.446830e-03,-1.164920e-06,6.003630e-04,2.591040e-03,3.307540e-03,1.365130e-03
7.415200e-06,3.223350e-06,-3.893010e-07,3.354810e-06,4.777660e-06,3.928860e-07,8.526000e-06,5.627500e-07,-7.244920e-06,3.240540e-07,4.471500e-06,-2.227900e-06,-5.342900e-07,1.239090e-05,-6.341840e-06,-1.452750e-06,-1.955860e-06,1.345080e-05,3.183390e-06,2.682760e-07,1.433870e-05,1.024540e-07,-3.743560e-06,4.177820e-06,-3.154830e-06,2.780800e-07,6.384830e-07,1.519120e-06,-5.230790e-06,6.599030e-07,7.920650e-07,-8.314450e-06,-1.258610e-06,1.460720e-05,-2.750630e-06,-5.940770e-06,6.635720e-06,2.540850e-05,2.085670e-06,-6.819740e-06,5.416930e-06,2.343650e-06,-6.537830e-06,1.194190e-05,2.259300e-06,4.590680e-06,4.922400e-07,7.789900e-06,-7.027150e-06,-2.060770e-06,-4.795530e-08,-1.267220e-05,1.013730e-05,1.789190e-05,4.210700e-07,4.096410e-06,-1.256600e-05,2.337910e-05,-1.367120e-05,3.959340e-06,6.322330e-06,2.227600e-05,-3.099230e-06,6.111090e-06,7.337340e-06,-4.248800e-07,1.306630e-06,-1.000370e-06,-1.190140e-05,5.219070e-06,2.652360e-06,7.741550e-06,5.263680e-06,-2.784270e-06,1.391320e-06,1.343070e-06,8.926820e-07,-9.084600e-07,2.487970e-05,1.025480e-05,1.070970e-05,-6.489460e-07,1.132390e-06,1.698220e-05,1.653970e-05,3.412780e-05,1.699200e-05,-6.859110e-08,1.193870e-06,1.520590e-05,1.106040e-05,3.379540e-05,4.192560e-05,1.407870e-05,8.689450e-06,4.510940e-06,1.007030e-05,7.631550e-05,8.555300e-05,9.073340e-06,1.676080e-05,1.049260e-05,4.318860e-05,4.229250e-05,1.990130e-05,1.014110e-05,8.713050e-06,3.385740e-07,8.177540e-06,1.438240e-05,3.571620e-06,-4.578740e-06,1.651490e-05,1.941880e-05,1.495860e-06,7.311810e-06,2.154610e-05,8.988460e-06,9.422330e-06,3.648500e-05,3.579840e-05,1.323250e-05,-2.841820e-07,2.786220e-05,2.623400e-05,7.722680e-06,1.563970e-05,2.849890e-05,2.280520e-05,1.095670e-05,2.856790e-05,6.750050e-05,3.414390e-05,2.875250e-05,5.237960e-05,6.734300e-05,1.650940e-04,1.173860e-04
3.054280e-05,-2.278980e-05,-1.771310e-06,4.267630e-05,5.910470e-05,-1.729110e-06,-5.919900e-05,-1.201160e-05,-2.366980e-05,2.374250e-06,3.557640e-05,3.762610e-05,-1.301890e-05,1.420780e-05,1.219490e-04,7.972400e-06,1.958390e-05,-1.293490e-04,3.541920e-06,3.124480e-05,8.347270e-05,-7.521510e-06,-5.625380e-05,5.026420e-05,-4.658980e-06,2.118090e-05,-6.709170e-06,-7.477540e-06,-3.632270e-05,1.046170e-04,5.283120e-06,-8.064310e-05,-1.170130e-04,1.928680e-04,-3.179030e-06,1.746920e-04,-9.206500e-05,8.752140e-05,5.801750e-06,-6.936220e-05,7.320620e-05,2.352080e-05,-4.063500e-05,2.388860e-05,-2.144800e-05,5.890500e-05,-9.932470e-05,3.559310e-04,-1.678900e-04,-1.571400e-05,2.335060e-05,-1.095520e-04,4.095630e-04,-2.509590e-04,4.045140e-05,4.488110e-05,8.841700e-05,1.855140e-04,-3.868140e-04,7.232900e-05,-5.788290e-05,4.802850e-04,-2.876070e-05,3.068010e-05,7.372710e-05,-3.529750e-06,8.120270e-05,5.651840e-05,-1.036020e-04,2.652360e-06,4.411010e-04,8.874300e-05,-1.733000e-04,1.666040e-06,1.597240e-04,-4.251930e-05,-8.388000e-06,7.898880e-05,4.361460e-05,8.257310e-05,1.772040e-04,2.846180e-05,-8.468920e-05,1.825920e-04,3.011730e-04,2.024780e-04,1.435750e-04,5.886650e-05,-5.973460e-05,7.324430e-05,2.272050e-04,1.384770e-06,3.811330e-04,-5.179480e-05,4.396790e-05,2.638680e-04,-3.374900e-04,3.945770e-04,-1.986350e-04,3.094850e-05,-1.153890e-05,-1.158590e-04,3.818710e-04,2.314160e-04,-1.178440e-05,-8.782780e-05,-2.316840e-04,5.624550e-06,-5.669770e-05,-2.863500e-05,3.000530e-05,9.594910e-06,8.096620e-05,-4.381640e-06,1.693970e-05,-1.801830e-04,-4.712040e-05,6.438490e-05,-8.596530e-05,6.104930e-06,-2.858190e-05,8.111880e-06,-1.891060e-04,2.170270e-04,1.855500e-05,-1.153910e-04,1.702410e-04,3.662080e-05,3.142560e-04,2.135840e-04,-9.453500e-05,4.797410e-04,5.186410e-04,4.786490e-05,7.745830e-04,1.652160e-03,2.099780e-03,-1.330250e-04
-8.000180e-06,-2.082460e-05,-3.431740e-07,7.511880e-05,1.599800e-04,2.094020e-06,1.017010e-04,-2.510510e-04,5.909050e-05,4.960530e-06,1.158670e-04,2.290490e-04,-1.566640e-05,1.288950e-04,9.459370e-05,1.228890e-09,3.951870e-05,-2.809530e-04,2.045850e-05,-1.336310e-04,1.712240e-04,-1.103860e-05,2.550290e-05,-1.119610e-04,2.345600e-05,-1.044870e-06,1.305010e-05,-8.314770e-06,3.640640e-05,7.566800e-05,5.208930e-06,-6.544150e-05,-4.487260e-05,6.132730e-05,-3.359960e-06,-1.212980e-04,1.874400e-04,-2.576220e-04,3.486570e-05,-2.029670e-04,2.583310e-05,2.099300e-05,-2.201470e-05,3.694250e-04,4.133570e-05,2.227380e-04,6.355750e-04,4.140930e-06,-4.242860e-04,2.011390e-05,7.072270e-05,6.502400e-04,-1.188740e-05,6.302320e-04,-2.175960e-05,1.932720e-04,2.147690e-06,-3.535180e-05,2.907620e-04,5.810660e-05,3.928790e-05,5.304080e-04,1.316960e-05,1.207510e-04,1.486120e-04,-1.509970e-06,1.811370e-05,-2.866310e-05,1.790770e-04,7.741550e-06,8.874300e-05,1.286230e-03,4.919250e-04,-4.296760e-05,3.330050e-05,1.689170e-04,5.972120e-05,-8.844650e-06,6.718900e-05,9.597400e-05,-2.302070e-04,5.039310e-05,-8.978210e-05,1.505590e-04,3.973650e-04,6.199620e-04,6.186060e-04,4.401560e-05,-2.900010e-05,-2.453420e-05,1.962770e-04,1.411220e-03,1.281460e-03,8.967120e-05,1.426090e-04,1.987530e-04,6.316950e-04,1.158130e-03,1.359800e-03,2.312470e-05,5.129120e-05,-6.454380e-05,-1.022340e-04,2.272610e-03,4.737560e-05,-3.923040e-05,-2.233060e-05,7.812660e-06,-8.455120e-05,-4.076620e-04,-1.718550e-04,1.629220e-05,1.058300e-04,-7.416180e-05,2.647520e-05,-1.148310e-04,-3.187890e-04,2.082000e-05,4.823230e-06,9.263430e-06,3.935100e-04,1.000300e-04,-3.289150e-05,1.382000e-04,6.780600e-04,1.779680e-05,1.875080e-04,9.670560e-04,-1.612270e-05,2.434640e-04,1.160730e-03,1.282060e-03,-1.040340e-04,8.950820e-05,7.875760e-04,1.987040e-03,3.677690e-03,6.196210e-04
1.871700e-05,-5.049770e-05,1.159480e-06,4.578560e-05,2.058770e-04,1.008440e-05,3.070490e-05,1.313970e-04,2.946050e-05,1.055650e-05,2.728800e-05,-2.220960e-05,-8.149870e-07,8.891610e-05,1.698690e-04,1.699130e-05,5.909300e-05,2.056950e-04,-1.698730e-05,1.217140e-04,1.824420e-04,-1.239230e-06,5.675960e-05,2.907720e-04,4.233840e-06,1.526270e-04,-5.575670e-05,4.623760e-06,1.325460e-04,4.297690e-04,-7.043860e-07,5.464840e-05,-1.414350e-05,-2.726560e-04,4.425680e-06,1.040010e-04,-1.726310e-04,1.709800e-04,-2.369050e-05,1.704470e-04,-8.468980e-06,5.774320e-05,2.365790e-04,-1.185300e-04,1.759460e-05,-8.729500e-05,5.025380e-04,1.113320e-03,-1.936540e-04,2.631800e-05,7.370090e-06,3.051050e-05,1.773720e-04,2.087810e-03,-7.040910e-05,-1.862030e-04,1.460090e-04,7.244810e-04,1.345600e-03,8.374880e-05,2.624600e-05,-4.034440e-05,1.675040e-04,-3.442040e-05,-1.743480e-04,5.811700e-06,2.613480e-05,3.817740e-05,4.111090e-04,5.263680e-06,-1.733000e-04,4.919250e-04,2.075000e-03,-2.797280e-05,-6.839910e-05,8.482130e-04,2.632160e-05,-1.581770e-04,3.007160e-04,8.118790e-04,-6.450350e-04,1.026860e-04,1.058160e-04,-1.353840e-04,1.037240e-03,6.694910e-04,6.874450e-04,-4.743560e-05,3.358720e-04,1.632800e-04,2.755120e-04,1.776540e-03,3.987840e-04,2.233650e-04,1.539080e-04,4.679080e-06,4.406420e-04,-1.024540e-03,1.004370e-03,6.481510e-05,3.299510e-04,4.310510e-04,6.299270e-04,1.715870e-03,1.137210e-04,7.499630e-05,5.784340e-04,5.015190e-06,1.001120e-04,9.152950e-05,-2.461420e-04,7.242310e-06,-3.156810e-04,1.552060e-04,-2.728020e-05,-5.525640e-05,-2.093210e-04,6.050390e-06,-6.701320e-05,1.486130e-04,6.543670e-04,5.685250e-05,7.285130e-04,-3.093050e-04,5.807550e-04,3.810600e-04,2.871600e-04,1.066240e-03,1.812060e-04,1.094630e-04,1.342750e-03,2.680810e-03,1.574490e-03,2.763580e-04,1.793970e-03,3.165860e-03,4.868210e-03,8.450680e-04
7.052740e-06,1.513700e-05,6.379360e-07,9.698790e-06,7.207780e-06,-3.723790e-08,1.896920e-05,4.593370e-05,2.034370e-05,2.284310e-06,1.959750e-05,3.643880e-06,1.786510e-06,-5.051720e-06,3.218510e-05,3.228430e-06,8.373740e-06,-1.630810e-06,-2.458370e-06,9.865840e-06,2.648420e-05,-3.610720e-06,1.232230e-05,7.734330e-06,3.166880e-06,-3.256460e-06,-1.957960e-05,-5.238720e-07,8.454190e-06,-1.288600e-05,-2.609630e-08,-1.300940e-05,9.037140e-06,3.446880e-05,2.234590e-06,-1.556030e-05,-2.425630e-05,-8.821330e-06,-1.521130e-05,1.054760e-05,7.123340e-05,-1.662650e-06,-6.184490e-06,3.756650e-05,5.776010e-06,8.680350e-06,5.160770e-05,1.173660e-04,1.287420e-04,2.195790e-06,-5.862410e-06,2.893810e-05,8.641200e-05,6.073300e-05,1.448670e-05,1.358660e-05,6.247930e-05,9.039910e-05,6.958500e-05,8.432010e-06,2.320780e-05,4.367360e-05,1.943100e-05,1.473290e-05,1.223380e-05,6.129270e-07,8.335450e-06,2.351840e-05,1.235280e-05,-2.784270e-06,1.666040e-06,-4.296760e-05,-2.797280e-05,3.640040e-05,2.340130e-05,4.602620e-05,1.451610e-05,2.276990e-05,4.409870e-05,5.984370e-05,7.152920e-05,-3.220120e-06,1.808350e-05,6.465540e-05,7.593260e-05,1.173680e-04,5.693570e-05,3.482530e-06,-4.720070e-06,2.642400e-05,7.014570e-05,7.376100e-05,1.220230e-04,2.150400e-05,9.882300e-06,4.589380e-05,5.817110e-05,2.105320e-04,1.653180e-04,2.030080e-05,1.724280e-05,3.883940e-05,2.079930e-04,2.988900e-04,5.490540e-06,1.314960e-05,-5.102570e-07,-5.244410e-07,2.708310e-05,5.213970e-05,4.350060e-05,3.173930e-06,4.344510e-05,6.550390e-06,-2.940680e-05,3.249110e-05,2.748270e-05,-3.180580e-05,2.928340e-05,2.202380e-05,3.419370e-06,3.701990e-05,4.653210e-06,7.239860e-05,6.959700e-05,2.014930e-05,2.056820e-05,6.350750e-05,9.294120e-05,1.947820e-05,2.459600e-05,1.133660e-04,1.511360e-04,1.133900e-05,1.420170e-04,3.413470e-04,5.035570e-04,1.876300e-04
7.705770e-05,2.012190e-05,-3.288510e-07,4.386760e-05,3.987550e-05,7.011930e-08,6.704530e-05,1.233860e-04,3.820210e-05,1.721510e-06,-3.288250e-05,1.188820e-04,-2.093080e-06,1.132150e-04,4.934030e-05,-2.626820e-06,-7.828350e-05,-3.102400e-05,-2.109410e-06,2.030880e-04,2.438610e-04,1.196690e-06,-5.324110e-05,6.231090e-06,6.092470e-06,4.862250e-05,1.841520e-04,-1.834840e-05,-1.082480e-04,4.730810e-05,4.971610e-06,-3.258450e-05,-2.399600e-05,1.275030e-04,1.804410e-06,-7.120460e-05,-2.387110e-04,1.022300e-04,1.895470e-06,4.844370e-05,-9.293090e-05,2.063840e-05,-2.503780e-04,1.839680e-04,4.934650e-05,1.700140e-04,1.584400e-04,2.180300e-04,2.636560e-04,9.387330e-07,-4.444880e-05,-2.103070e-04,5.537000e-04,1.274040e-04,2.112210e-06,2.800250e-05,-2.184820e-04,3.739700e-04,-2.962450e-04,4.821350e-05,-9.236730e-05,7.564370e-04,1.928390e-06,2.128540e-04,1.444240e-04,-2.342020e-06,3.794950e-05,1.244640e-04,-6.296360e-05,1.391320e-06,1.597240e-04,3.330050e-05,-6.839910e-05,2.340130e-05,5.710820e-04,-3.226630e-05,8.953790e-06,1.791130e-04,1.810170e-05,-2.403150e-04,-5.846080e-05,1.893670e-05,7.556720e-05,3.607520e-04,1.613770e-04,6.006240e-04,4.077280e-04,-3.148930e-05,-2.376550e-04,-3.310450e-05,1.235520e-04,3.048730e-04,7.605420e-04,1.456340e-06,5.280210e-05,3.117810e-04,-1.060900e-05,9.867090e-04,4.210140e-04,4.667220e-06,-3.276340e-05,-8.690930e-05,1.138950e-04,9.359500e-04,3.947330e-05,-5.708820e-05,-3.096940e-04,4.117490e-06,-3.459630e-04,-1.940990e-04,1.748830e-04,7.536830e-06,-1.312790e-04,1.139150e-04,-2.081110e-05,-8.227050e-05,1.217420e-05,6.624450e-05,6.859730e-06,-1.245030e-04,-1.488240e-04,1.599250e-04,-2.741360e-04,1.824090e-04,-1.460980e-04,5.314780e-05,1.717710e-04,-3.531350e-04,4.200110e-04,4.614050e-04,-9.432120e-05,4.294560e-04,6.296560e-04,4.040350e-04,5.613500e-04,1.120000e-03,2.909580e-04,8.836180e-04
-2.092560e-05,1.990560e-05,1.466880e-07,3.619070e-05,1.137000e-04,7.622480e-06,1.885640e-05,1.497360e-04,2.336750e-04,7.551650e-06,1.787020e-04,-4.592020e-04,2.291330e-05,-1.949520e-05,4.901220e-04,-3.166920e-05,1.211920e-04,-3.371530e-04,1.795970e-05,-1.148680e-05,2.286690e-04,6.221240e-06,2.942820e-04,1.182580e-04,-4.805380e-06,-9.477280e-05,-1.159800e-04,1.363000e-05,1.428850e-04,2.512690e-04,3.958980e-06,1.629490e-06,1.622660e-04,-2.007860e-04,5.740810e-06,9.712110e-05,-7.939810e-05,-2.487620e-04,-1.912840e-05,1.401730e-05,7.803110e-04,4.254360e-06,1.507550e-04,-4.820870e-05,8.129500e-05,-7.871450e-05,6.685710e-04,5.896530e-04,7.646170e-04,-2.836480e-05,-7.943070e-06,5.289230e-04,5.679380e-05,4.281690e-04,4.700720e-05,-1.657480e-04,6.523840e-04,-3.431130e-04,1.068890e-03,9.225320e-05,1.462920e-04,-2.062270e-04,1.245600e-04,-5.848670e-05,1.694370e-05,1.299630e-06,8.608710e-05,-5.509660e-05,4.834650e-04,1.343070e-06,-4.251930e-05,1.689170e-04,8.482130e-04,4.602620e-05,-3.226630e-05,1.989100e-03,-5.593430e-06,1.050870e-04,1.453460e-04,4.703990e-04,-5.801530e-07,7.001150e-05,2.479590e-04,2.789070e-04,8.017400e-04,3.228650e-04,1.425830e-05,3.174340e-05,2.090250e-04,-2.362110e-04,8.013830e-04,1.619100e-03,2.436590e-04,2.207900e-04,-1.410450e-04,2.252660e-04,1.506360e-03,-6.910390e-04,1.742250e-04,1.655370e-04,-1.627060e-05,1.014950e-03,3.832490e-04,1.129320e-03,2.233030e-04,-1.863380e-04,4.638800e-04,6.372420e-06,2.441460e-04,2.514430e-04,-1.684200e-04,9.189490e-06,-5.070470e-05,-2.367960e-04,-5.602440e-05,-5.622380e-05,4.874120e-04,-5.745080e-07,-1.592830e-04,6.281660e-05,6.203480e-04,2.922550e-05,3.898600e-04,-2.113050e-04,3.930410e-04,5.222720e-04,-8.974260e-05,5.464060e-04,4.416680e-04,1.667000e-04,6.045770e-04,1.354550e-03,2.085900e-03,4.187660e-04,2.094450e-03,5.040650e-03,2.365590e-03,8.455520e-04
9.959830e-06,1.692530e-05,2.871910e-07,-5.543390e-06,4.276690e-05,7.141000e-07,3.864530e-05,1.648700e-05,2.089600e-05,1.239860e-06,3.520070e-05,1.009150e-04,8.945210e-06,2.284190e-05,-2.164630e-05,5.069350e-06,-1.205970e-05,4.362790e-05,6.906070e-06,-1.870680e-07,-1.230930e-05,5.264100e-07,4.280700e-06,-1.958960e-05,-6.658000e-06,-2.641010e-05,-1.402490e-05,4.375960e-06,9.631690e-06,1.393390e-05,1.881480e-06,8.080840e-06,-8.216550e-06,3.252790e-05,1.200020e-06,-1.783730e-05,2.121540e-05,2.032050e-05,4.625300e-06,-1.312170e-05,-4.118190e-05,-4.506410e-05,5.794460e-06,1.302530e-04,1.014010e-06,3.524590e-05,1.174630e-04,-4.547040e-05,6.488680e-05,7.958560e-06,3.830090e-05,1.868740e-04,2.538860e-04,3.000390e-04,-9.431320e-06,4.672890e-05,5.255940e-05,1.915730e-04,2.275070e-04,7.373210e-06,5.432540e-05,4.892350e-05,3.449780e-05,1.302830e-05,2.027340e-05,1.534090e-07,4.089700e-06,1.530010e-05,4.327550e-05,8.926820e-07,-8.388000e-06,5.972120e-05,2.632160e-05,1.451610e-05,8.953790e-06,-5.593430e-06,9.796570e-05,2.286310e-05,1.017680e-04,7.514680e-05,2.265140e-04,3.820130e-05,2.920460e-05,8.148090e-05,6.081860e-05,2.093290e-04,1.787870e-04,1.594620e-05,2.840790e-05,1.038700e-04,1.643390e-04,3.538050e-04,3.045420e-04,4.230110e-05,3.656530e-05,2.948600e-05,2.639380e-04,5.639160e-04,5.535380e-04,2.856140e-05,4.848010e-05,9.795080e-05,3.496440e-04,5.217230e-04,3.913750e-05,6.367360e-07,1.698880e-06,1.876700e-07,2.991200e-05,6.572100e-05,7.563690e-05,7.591530e-06,1.076540e-04,5.013900e-05,-3.826260e-05,1.320260e-04,4.832370e-05,-4.240830e-05,8.752810e-05,2.749460e-05,-8.649970e-05,-2.303950e-05,2.262260e-05,6.105440e-05,8.391310e-05,4.825480e-05,-6.232630e-06,1.340420e-04,1.665850e-04,-7.964050e-06,2.003450e-04,4.259400e-04,2.442690e-04,4.403590e-05,1.763780e-04,3.617760e-04,7.056580e-04,6.666500e-04
-1.665080e-06,7.513630e-05,-3.162460e-07,1.205240e-04,1.241990e-05,9.210470e-07,2.733720e-05,1.272860e-04,5.164570e-05,-6.210800e-07,4.488400e-05,-1.723470e-05,-1.931190e-06,-1.060690e-04,2.070930e-04,6.345200e-07,1.059950e-04,-1.709330e-04,1.238570e-05,6.248650e-05,3.203010e-04,-2.188700e-06,4.136120e-05,-5.873460e-05,-3.647870e-06,-2.095860e-05,1.563490e-05,-1.527310e-05,-1.941090e-05,-9.165600e-05,5.486880e-06,-1.157550e-04,7.806250e-05,6.240020e-05,3.123910e-06,-1.225400e-04,-4.057370e-05,1.287690e-04,3.417280e-06,-1.219820e-05,1.348930e-04,2.286710e-05,7.464380e-05,6.708370e-05,2.510210e-05,-1.528630e-04,-8.942660e-05,2.168910e-04,5.296630e-04,-2.096420e-05,-1.405770e-05,2.342360e-04,3.481670e-04,-3.250210e-04,4.845570e-05,4.229790e-05,1.121160e-04,2.081840e-04,4.450100e-04,-2.749460e-05,1.176430e-04,5.874100e-04,5.656650e-05,1.488470e-04,2.176030e-04,-1.824200e-06,6.273950e-06,-2.009320e-06,7.322500e-05,-9.084600e-07,7.898880e-05,-8.844650e-06,-1.581770e-04,2.276990e-05,1.791130e-04,1.050870e-04,2.286310e-05,7.091350e-04,6.463630e-05,-1.690760e-04,-3.039730e-06,2.363670e-05,4.248410e-05,6.880720e-05,2.930640e-04,5.268380e-04,2.383730e-04,2.209340e-05,-7.835580e-06,-2.488640e-04,3.612410e-04,2.279570e-04,7.204420e-04,1.745240e-07,-1.122410e-04,-5.016450e-05,4.415610e-04,6.198490e-04,8.572370e-05,1.111200e-04,-1.006620e-04,-2.270800e-05,-2.174230e-04,9.299790e-04,1.389250e-05,1.137440e-04,-7.245170e-05,8.536200e-07,-3.742150e-05,4.554270e-05,1.636210e-04,6.148110e-06,5.972800e-05,1.765100e-04,1.553950e-05,-3.980920e-04,1.208870e-05,3.314380e-05,2.226920e-04,2.668020e-04,3.618890e-04,1.173130e-04,-3.347810e-04,1.456950e-04,2.605520e-04,7.902170e-05,1.837450e-04,3.039880e-04,6.628130e-04,2.079860e-04,7.154860e-05,6.490440e-04,1.061260e-03,5.710740e-04,1.096500e-03,2.865280e-03,1.684380e-03,1.227230e-03
1.139690e-04,7.697670e-05,2.061880e-06,8.086330e-05,8.453970e-05,2.715710e-06,2.926940e-05,2.917800e-04,5.145330e-05,2.205040e-06,-3.900480e-05,3.213060e-04,2.758070e-05,2.557670e-04,-5.835890e-04,-2.125880e-05,-1.476050e-04,5.846230e-04,1.283880e-05,1.586930e-04,1.647330e-04,2.210030e-05,1.640370e-04,6.269500e-04,-2.712650e-05,-1.488800e-04,-6.953960e-05,2.305600e-05,-7.219750e-05,2.271810e-04,3.626240e-06,9.508280e-05,3.915360e-05,3.744930e-04,-3.166450e-06,1.462030e-05,9.079520e-05,5.235310e-04,-7.260680e-06,2.313300e-05,1.276360e-04,1.145360e-06,2.005910e-04,1.301640e-03,1.282440e-04,1.962990e-04,-3.926350e-04,-3.678300e-04,3.711590e-04,6.046150e-05,4.547110e-05,-6.023120e-04,6.544520e-04,1.522140e-03,-1.714070e-05,3.512170e-05,-5.502870e-04,9.873840e-04,3.609620e-04,1.063320e-04,9.043700e-05,-7.844220e-05,-2.350220e-05,1.807020e-04,1.269850e-04,4.793100e-06,-3.273660e-05,3.336940e-04,-1.681150e-04,2.487970e-05,4.361460e-05,6.718900e-05,3.007160e-04,4.409870e-05,1.810170e-05,1.453460e-04,1.017680e-04,6.463630e-05,2.303530e-03,1.435070e-03,1.231160e-03,-1.515550e-04,3.186620e-05,7.993910e-04,4.796810e-04,1.425750e-03,5.571240e-04,1.300660e-04,2.890620e-05,1.512940e-03,1.549290e-03,2.290090e-03,1.003020e-04,2.995460e-04,1.057550e-04,3.804610e-05,1.375660e-03,1.712560e-03,3.200620e-03,6.466010e-05,7.661040e-04,1.278690e-03,2.847910e-03,3.076390e-03,2.487880e-04,8.614110e-05,7.306250e-05,1.030330e-05,-1.079860e-04,3.533060e-04,2.390190e-04,-4.963220e-06,2.987610e-04,4.309670e-04,7.596770e-05,2.497370e-04,5.105970e-04,-6.362290e-06,1.621500e-04,8.837310e-04,1.124710e-04,1.206270e-04,-3.621540e-04,3.420850e-04,4.751950e-04,4.841390e-04,-1.898000e-04,1.022000e-03,9.477560e-04,-5.632010e-04,1.071530e-03,2.487710e-03,1.380790e-03,3.560740e-04,1.800820e-03,3.056380e-03,7.654420e-03,2.050330e-03
-2.313660e-05,8.642130e-05,3.278720e-06,1.265110e-04,8.917320e-05,5.734440e-06,-4.595360e-06,3.340850e-04,3.481300e-05,6.040430e-06,1.323950e-04,4.868060e-04,2.251630e-05,-6.132460e-05,-3.569190e-04,5.057250e-06,6.300990e-05,1.123120e-03,-2.944600e-05,-6.832550e-06,-3.307680e-04,3.034480e-05,3.147710e-04,2.028770e-04,-4.729130e-06,-8.167840e-05,-1.465170e-04,4.288580e-05,2.330100e-04,4.216300e-04,-1.713420e-06,-7.998500e-05,2.077100e-04,2.866090e-04,-3.867480e-06,1.932210e-04,9.258470e-05,1.774920e-04,4.259380e-06,5.069660e-05,4.788520e-04,-2.029460e-06,7.255490e-04,2.015840e-04,8.067930e-05,1.690290e-05,2.771610e-04,3.141740e-04,-3.080240e-04,1.344120e-04,1.052160e-04,3.300090e-04,3.395420e-04,1.896340e-03,-6.810110e-05,-1.624970e-04,5.840120e-04,4.737000e-04,1.843240e-03,2.022990e-04,2.340210e-04,-9.163940e-04,1.067590e-04,-1.745000e-04,-1.305260e-04,1.080530e-05,1.289620e-04,2.969900e-04,3.507540e-04,1.025480e-05,8.257310e-05,9.597400e-05,8.118790e-04,5.984370e-05,-2.403150e-04,4.703990e-04,7.514680e-05,-1.690760e-04,1.435070e-03,4.160140e-03,2.891640e-03,-2.451700e-04,-6.545130e-05,-1.876570e-05,1.631610e-03,8.091940e-04,8.069410e-04,1.479810e-04,3.659360e-04,1.075200e-03,1.756320e-03,3.550570e-03,1.052220e-03,4.166380e-04,9.268260e-05,3.914900e-04,1.032030e-03,1.300010e-03,2.314690e-03,-5.725440e-06,7.728340e-04,1.984250e-03,3.484850e-03,3.428200e-03,2.005650e-04,2.215140e-05,5.473950e-04,1.287620e-05,6.472980e-04,3.927720e-04,-3.241670e-04,2.194480e-05,2.968200e-04,-1.427910e-04,5.084940e-05,6.130950e-04,-1.323990e-04,4.775510e-05,-7.090310e-05,8.094280e-04,1.918560e-03,-3.490320e-04,4.928280e-04,-2.020120e-04,1.287450e-03,4.542520e-04,-1.656100e-04,1.648690e-03,6.976320e-04,-4.329590e-04,9.315710e-04,3.236190e-03,3.149700e-03,-7.615700e-06,2.347560e-03,4.239710e-03,1.112260e-02,2.321010e-03
-5.273140e-06,1.475600e-04,-1.216640e-06,-2.062260e-05,2.515790e-04,1.235640e-05,1.092900e-04,1.008520e-04,-2.210070e-04,6.165010e-06,2.648030e-04,3.736000e-04,4.895230e-05,8.019240e-05,-5.204720e-04,8.369940e-06,-1.001390e-04,1.985360e-03,1.799270e-05,2.756480e-04,-1.034040e-03,3.092700e-05,-4.750410e-05,2.542200e-04,-1.653110e-05,-2.433130e-04,-5.709120e-04,6.636180e-05,2.303410e-04,-5.276470e-05,1.763970e-05,1.397220e-04,-1.243320e-04,8.086170e-05,3.036500e-06,-1.732270e-05,4.938370e-04,1.433700e-03,9.165910e-06,1.972880e-05,6.942120e-04,-7.242820e-05,3.794140e-04,5.304470e-04,-3.006510e-05,1.823520e-05,-2.966920e-04,-1.177440e-03,1.571770e-03,4.732500e-05,2.375460e-04,9.778870e-04,2.663160e-03,-1.572830e-03,1.641260e-04,2.864580e-04,1.290090e-03,-1.598780e-03,4.478260e-03,-2.311980e-05,1.026210e-03,-1.049020e-03,1.500940e-04,-3.752260e-04,6.384180e-04,9.446170e-07,-1.611660e-05,6.560670e-04,6.241070e-04,1.070970e-05,1.772040e-04,-2.302070e-04,-6.450350e-04,7.152920e-05,-5.846080e-05,-5.801530e-07,2.265140e-04,-3.039730e-06,1.231160e-03,2.891640e-03,9.421060e-03,-3.439890e-04,4.437420e-04,3.852980e-04,1.024790e-03,1.603770e-03,-2.152770e-04,2.613490e-04,-5.335790e-05,1.959070e-04,4.043370e-03,2.851950e-03,2.584280e-03,4.037340e-04,-6.933690e-05,-3.447960e-04,2.963580e-03,6.407620e-03,2.069540e-03,-1.112230e-05,-3.793340e-04,1.855080e-03,3.715250e-03,4.904470e-03,3.160880e-04,1.043400e-03,-1.100040e-03,1.509470e-05,6.779470e-04,-5.849540e-04,-2.318200e-04,2.404890e-05,7.301950e-04,1.324030e-03,9.413730e-05,4.865820e-04,1.499070e-03,-1.238590e-04,-5.653210e-05,1.172520e-03,-3.252280e-04,-6.919960e-04,-3.984540e-04,1.041770e-03,5.049310e-04,6.547690e-04,4.497250e-04,3.443330e-04,7.627710e-04,1.080620e-03,-5.700590e-04,-2.660180e-03,3.945910e-03,1.260440e-04,1.778880e-04,3.843300e-03,1.085950e-02,2.310000e-03
1.866270e-06,-1.844100e-05,-6.719620e-07,-5.708190e-06,2.663130e-05,7.967290e-07,8.675810e-07,-4.048880e-07,-2.818940e-05,1.046890e-06,2.498290e-05,8.284820e-06,-1.656930e-06,-2.160320e-05,1.739770e-04,5.921810e-06,-4.429380e-07,-1.616830e-04,1.628770e-05,7.755810e-06,8.398710e-05,6.795040e-07,6.253110e-06,-2.980940e-05,-1.200220e-05,6.018250e-05,1.086690e-04,-7.122830e-06,8.473120e-06,7.397720e-05,3.158040e-06,-7.196520e-06,-7.331580e-07,3.039840e-06,1.399880e-06,2.966170e-05,-3.958200e-06,-1.594000e-05,9.535160e-06,3.967210e-05,3.789750e-05,-6.660200e-06,1.896490e-06,-5.829630e-05,-5.099360e-05,1.806950e-05,6.591710e-05,2.195600e-04,-1.112030e-04,-2.828720e-05,-2.840720e-06,-2.913570e-05,1.109120e-05,2.847060e-04,4.789790e-06,-3.130070e-05,8.500410e-06,3.903110e-04,1.409490e-04,6.780260e-06,-1.087480e-04,3.520830e-04,2.940000e-05,1.741720e-05,-2.777730e-05,-1.373180e-06,2.258490e-05,-3.142860e-05,2.547090e-05,-6.489460e-07,2.846180e-05,5.039310e-05,1.026860e-04,-3.220120e-06,1.893670e-05,7.001150e-05,3.820130e-05,2.363670e-05,-1.515550e-04,-2.451700e-04,-3.439890e-04,1.791240e-04,1.413250e-05,7.566950e-05,1.126600e-04,1.015490e-04,1.598090e-04,2.879660e-05,4.793580e-05,1.011660e-05,-1.299850e-04,7.129540e-05,2.622050e-04,5.575730e-05,2.550710e-05,1.373760e-04,9.310220e-05,-1.613100e-07,1.182030e-04,2.962440e-05,-6.371020e-05,-1.612990e-05,3.239710e-05,1.427330e-04,6.795970e-05,-8.570280e-05,3.485430e-05,9.250260e-07,-2.757920e-05,8.507630e-05,7.805250e-05,6.132330e-06,-3.659070e-05,-4.446560e-05,-5.307490e-06,-5.857790e-05,-6.626280e-05,3.432730e-06,3.400950e-05,-2.900090e-07,-3.203710e-05,-1.118270e-04,1.525590e-04,2.026950e-04,1.631090e-04,-8.646890e-05,1.846460e-04,2.206240e-04,5.196200e-06,1.108240e-04,3.324360e-04,6.476620e-04,2.023280e-05,-5.777140e-05,1.887100e-04,3.104150e-04,1.442020e-04,1.971420e-04
6.858680e-05,7.741860e-05,1.338610e-06,-6.058770e-05,5.330590e-06,1.645360e-06,6.457110e-05,7.283300e-05,4.167000e-05,-1.667530e-06,6.942950e-05,-9.888190e-05,1.019570e-05,1.036610e-04,1.351230e-04,-3.235830e-06,-1.335860e-04,2.749650e-04,2.678430e-06,-8.530230e-06,-1.371470e-05,9.835050e-06,8.518590e-06,3.593270e-05,-6.837740e-06,1.607110e-04,4.926310e-05,7.056410e-06,1.878160e-05,-1.087460e-04,2.312530e-07,7.373260e-05,1.024170e-04,-1.488620e-06,4.195620e-06,-4.837940e-05,7.031020e-05,1.084050e-04,3.367460e-06,-1.851070e-05,4.503130e-05,1.767930e-05,-1.629430e-04,-2.404900e-04,4.560380e-05,2.312610e-04,-1.611570e-05,-5.388480e-06,1.832070e-04,-5.940500e-06,-1.375170e-05,-2.185680e-04,1.650330e-04,2.641960e-04,2.766660e-05,-7.664190e-05,8.149160e-05,-7.019700e-06,5.618740e-04,-3.847200e-05,3.635080e-05,-1.007160e-04,6.145090e-06,-9.794310e-06,4.527870e-05,6.685440e-06,4.926120e-05,5.261550e-05,6.821380e-05,1.132390e-06,-8.468920e-05,-8.978210e-05,1.058160e-04,1.808350e-05,7.556720e-05,2.479590e-04,2.920460e-05,4.248410e-05,3.186620e-05,-6.545130e-05,4.437420e-04,1.413250e-05,6.326520e-04,2.809650e-04,1.574000e-04,5.557960e-04,3.180540e-04,-4.560930e-06,1.779930e-04,1.703590e-04,3.732660e-04,5.927910e-04,5.204220e-04,1.399500e-04,3.235090e-05,1.566550e-04,7.618290e-04,1.027400e-03,8.614400e-04,2.484040e-05,-1.738790e-05,5.253410e-04,1.099700e-03,1.350160e-03,8.890470e-05,1.897200e-04,1.249680e-04,1.536650e-07,1.067420e-04,-3.637960e-05,2.554600e-05,6.092290e-06,7.701820e-06,1.961990e-04,1.255680e-05,1.277370e-04,3.229540e-04,2.855250e-05,-7.565860e-06,6.849290e-06,-2.400590e-04,1.774430e-04,8.752630e-05,-2.092850e-05,-1.059670e-04,3.300280e-04,-8.047960e-05,-1.412190e-04,2.645500e-04,3.074630e-05,1.617380e-04,3.335940e-04,9.045700e-04,2.415910e-04,5.337360e-04,1.043740e-03,2.231490e-03,1.080430e-03
1.459870e-04,1.359640e-04,4.128780e-06,4.370890e-05,2.006640e-04,5.335200e-07,1.266520e-04,1.920630e-04,1.770000e-04,7.774550e-07,-4.069440e-05,4.318930e-04,1.299140e-05,3.413490e-04,2.464360e-04,-8.585790e-06,-6.795380e-05,-2.022920e-04,1.453850e-05,2.703970e-04,-1.070280e-04,1.997640e-05,6.617020e-05,3.086770e-04,-8.058550e-07,2.487780e-04,2.721340e-04,5.793180e-06,-2.189630e-05,1.086610e-04,2.799730e-06,2.468190e-05,7.730610e-05,4.141710e-04,-1.406320e-06,1.033850e-05,2.359610e-04,1.915850e-04,2.051260e-05,2.036460e-04,1.092980e-04,2.718070e-05,-2.494270e-04,5.542200e-04,1.182620e-04,2.649860e-04,1.143500e-03,3.637770e-04,6.845270e-04,2.571850e-05,-1.647010e-05,1.970400e-05,3.972710e-04,4.865630e-04,1.615070e-04,-8.443080e-05,2.526510e-04,9.928320e-04,3.937870e-04,1.009870e-04,-6.729940e-05,5.545120e-04,-2.041930e-05,2.198700e-04,1.772060e-04,5.076410e-06,8.595660e-05,2.096570e-04,4.786700e-05,1.698220e-05,1.825920e-04,1.505590e-04,-1.353840e-04,6.465540e-05,3.607520e-04,2.789070e-04,8.148090e-05,6.880720e-05,7.993910e-04,-1.876570e-05,3.852980e-04,7.566950e-05,2.809650e-04,2.027580e-03,9.126480e-04,1.555520e-03,3.619890e-04,7.125740e-05,-7.465420e-05,1.328360e-03,1.034440e-03,1.659780e-03,6.424320e-04,3.050660e-04,-8.160260e-05,5.663870e-04,1.721740e-03,1.978040e-03,2.179180e-03,2.371950e-04,-4.373430e-05,1.071470e-03,2.633400e-03,3.100260e-03,1.959450e-04,-1.069490e-04,-8.693020e-05,6.901100e-06,-1.209280e-04,4.304510e-04,4.841390e-04,-1.886240e-05,2.297260e-04,2.912890e-04,3.486620e-05,-1.591450e-04,4.894910e-04,1.239520e-04,-7.352990e-05,1.206110e-04,-2.809040e-04,3.152220e-04,-3.480330e-04,8.483070e-04,3.777570e-04,2.731360e-04,1.087990e-04,2.291050e-04,8.332620e-04,3.971190e-05,6.035340e-04,1.814100e-03,1.418280e-03,4.391490e-04,2.665700e-03,5.379580e-03,5.627320e-03,2.230800e-03
1.184330e-04,2.542250e-04,2.767490e-06,2.085510e-04,3.371870e-04,1.217690e-05,1.244220e-04,4.808450e-04,1.006270e-04,1.787070e-05,3.605740e-04,3.178180e-04,1.491970e-06,2.781510e-05,9.628910e-04,2.251390e-05,1.941280e-04,3.017520e-04,-2.375160e-05,2.996120e-04,3.824970e-04,-1.137660e-05,1.759380e-04,2.891150e-04,4.090520e-05,1.743590e-04,2.346330e-04,8.682270e-06,1.777300e-04,4.256060e-04,4.604880e-06,-1.349190e-04,2.972540e-04,3.724910e-04,-1.963420e-06,9.350530e-05,4.161330e-07,5.803980e-04,5.427500e-06,1.769640e-04,6.199490e-04,1.080570e-04,4.021720e-04,4.852220e-04,4.321700e-05,7.500090e-05,9.301580e-04,2.891090e-03,1.563920e-03,-4.952350e-05,9.963040e-05,2.612170e-04,1.548880e-03,1.110960e-03,2.437590e-04,-1.462240e-04,9.659350e-04,1.015210e-03,2.342420e-03,2.379320e-04,3.580960e-04,6.234040e-04,2.759430e-04,3.840150e-05,1.405470e-04,1.165680e-05,1.961870e-04,3.133560e-04,4.690960e-04,1.653970e-05,3.011730e-04,3.973650e-04,1.037240e-03,7.593260e-05,1.613770e-04,8.017400e-04,6.081860e-05,2.930640e-04,4.796810e-04,1.631610e-03,1.024790e-03,1.126600e-04,1.574000e-04,9.126480e-04,3.591100e-03,2.891890e-03,9.090600e-04,3.859330e-05,1.649810e-04,3.544560e-04,2.486120e-03,2.926540e-03,1.851960e-03,4.219980e-04,-8.845750e-05,7.773330e-04,1.990800e-03,1.988190e-03,1.955500e-03,3.545550e-04,3.794750e-05,7.643820e-04,2.313690e-03,4.485290e-03,1.870510e-04,-4.995270e-05,1.359100e-04,1.550410e-05,4.180400e-04,5.039180e-04,-7.845720e-05,1.365920e-05,4.251850e-04,3.012720e-04,6.619060e-06,-2.074980e-04,3.767680e-04,2.504640e-04,-1.306950e-04,5.349230e-04,1.245100e-03,1.265840e-04,1.673400e-05,6.983730e-04,1.679760e-03,2.548600e-04,5.403060e-04,1.519130e-03,1.018610e-03,6.346300e-04,1.211700e-03,3.732760e-03,4.053380e-03,9.147740e-04,5.229750e-03,1.206820e-02,1.159170e-02,3.677880e-03
3.261110e-04,4.340170e-04,4.278860e-06,2.280240e-04,6.188650e-04,1.158220e-05,3.774650e-04,4.761310e-04,3.722920e-04,1.322610e-05,4.930900e-04,3.881070e-04,2.038600e-05,5.005240e-04,1.052060e-03,1.412880e-05,-1.108600e-04,7.086220e-04,2.515300e-05,6.733630e-04,1.487000e-03,-1.036920e-06,1.126220e-04,5.954590e-04,5.291810e-05,2.449720e-04,7.536420e-04,-1.264550e-05,-6.756010e-05,1.777800e-04,1.296750e-05,-2.240150e-05,2.270950e-04,8.963440e-04,6.042330e-06,-2.362080e-04,4.370790e-04,9.742370e-04,2.016370e-05,5.362310e-05,1.352720e-03,9.897820e-05,-2.082520e-05,9.789500e-04,2.118250e-04,6.129720e-04,5.035390e-04,2.020370e-03,1.404440e-03,-7.867170e-05,-1.923470e-04,-5.595500e-04,1.658880e-03,5.862720e-03,2.266790e-05,1.033910e-04,1.202320e-05,4.178790e-03,2.764550e-03,2.103220e-04,-1.396830e-05,1.973590e-03,3.423490e-04,4.505780e-04,6.505360e-04,1.818560e-05,3.838050e-04,5.731410e-04,-9.004220e-05,3.412780e-05,2.024780e-04,6.199620e-04,6.694910e-04,1.173680e-04,6.006240e-04,3.228650e-04,2.093290e-04,5.268380e-04,1.425750e-03,8.091940e-04,1.603770e-03,1.015490e-04,5.557960e-04,1.555520e-03,2.891890e-03,9.168350e-03,4.183460e-03,-1.418100e-04,-3.118210e-05,1.543490e-03,1.189340e-03,6.106650e-03,4.692060e-03,6.394980e-04,5.488430e-04,8.452650e-04,1.361670e-03,6.434450e-03,5.369370e-03,4.396380e-04,8.664220e-04,-3.732690e-04,5.791730e-03,9.645850e-03,3.083410e-04,-1.975270e-04,-3.293940e-04,1.593040e-05,-2.439740e-04,2.463770e-04,1.436790e-03,-1.656160e-05,3.160560e-04,1.821090e-03,5.026050e-05,-6.873430e-05,6.441570e-04,2.693520e-04,3.931830e-04,1.070140e-03,8.385450e-04,3.761160e-04,-5.580350e-04,1.320630e-03,2.913490e-03,-1.693680e-04,7.429240e-04,3.815660e-03,6.991300e-04,3.527440e-04,4.811570e-03,8.224910e-03,3.980890e-03,1.769690e-03,3.764750e-03,3.603390e-03,2.057000e-02,7.317000e-03
6.927140e-05,2.557760e-04,4.553820e-06,1.921930e-04,3.281830e-04,3.317080e-06,2.586520e-04,4.242750e-04,3.760780e-04,8.966740e-07,2.386200e-04,3.217360e-04,1.391370e-05,3.248400e-04,5.812980e-04,1.082580e-05,-1.141200e-04,-1.200530e-04,-1.899290e-06,3.242100e-04,1.181930e-03,1.801550e-05,1.050410e-04,8.620050e-05,5.349150e-05,1.556440e-04,5.665580e-04,-6.697130e-05,1.109030e-04,5.995870e-05,4.373270e-06,-9.260780e-05,2.178080e-04,6.293790e-04,1.007360e-05,-2.378310e-04,4.143480e-05,6.396130e-05,3.675170e-05,9.348960e-06,9.475700e-04,3.769920e-05,-1.367660e-05,5.669500e-04,2.041890e-04,5.646040e-04,9.447370e-04,1.527120e-03,-2.063610e-03,1.247690e-04,-2.793550e-04,5.192990e-04,1.066830e-03,4.785770e-03,-1.295620e-04,1.027070e-04,-1.921510e-04,3.738970e-03,6.550300e-04,-3.153560e-05,-3.307080e-04,2.897460e-03,1.559800e-04,1.297680e-04,2.869160e-04,1.695980e-05,3.195010e-04,2.588160e-04,-1.381180e-04,1.699200e-05,1.435750e-04,6.186060e-04,6.874450e-04,5.693570e-05,4.077280e-04,1.425830e-05,1.787870e-04,2.383730e-04,5.571240e-04,8.069410e-04,-2.152770e-04,1.598090e-04,3.180540e-04,3.619890e-04,9.090600e-04,4.183460e-03,5.229350e-03,-8.954200e-05,7.988320e-05,4.927020e-04,-1.180510e-03,3.727490e-03,6.298380e-03,3.346760e-06,6.655560e-04,5.095450e-04,-7.151050e-04,7.703820e-03,5.430960e-03,1.469980e-04,8.102270e-04,-3.867190e-04,3.665390e-03,6.065130e-03,4.644800e-04,-5.985570e-05,2.256900e-04,6.439080e-06,6.243930e-05,-1.612110e-05,8.886510e-04,7.525410e-06,1.198330e-04,1.556210e-03,3.881670e-05,9.025320e-05,5.678040e-05,2.163620e-04,3.999540e-04,1.089040e-03,1.535220e-03,3.738650e-05,2.812880e-04,9.697880e-04,2.237770e-03,1.233010e-04,7.289710e-04,3.051400e-03,9.257320e-04,4.254130e-04,4.248420e-03,8.176430e-03,1.151610e-03,1.323510e-03,1.333430e-03,-2.037130e-03,1.698970e-02,5.627870e-03
2.170710e-07,-7.589310e-06,3.912770e-07,1.772770e-06,8.172370e-06,-9.129030e-07,-1.230440e-06,7.130910e-07,-3.866380e-05,-2.605680e-06,2.317540e-05,9.573910e-05,-4.982760e-06,-3.789870e-05,-2.889040e-05,1.615530e-05,6.564390e-06,-8.520260e-05,-1.106730e-05,-3.324550e-05,-6.568830e-05,2.050490e-05,-5.525680e-06,4.314640e-05,-3.928110e-06,7.352940e-06,-1.579120e-04,-1.837270e-06,-1.084020e-05,3.452060e-06,8.645250e-07,-2.044550e-05,-2.844730e-05,5.739820e-05,2.669130e-06,1.136040e-05,1.897610e-05,6.124040e-05,7.644310e-06,-5.895370e-05,5.515040e-05,5.030060e-06,4.820240e-05,5.120710e-05,-1.342260e-05,2.300190e-05,-1.385560e-04,-1.703510e-04,-1.377270e-04,-2.786590e-05,5.236220e-05,9.542840e-05,1.678710e-04,-2.610290e-04,-7.005330e-05,1.824510e-05,1.229900e-04,-2.729570e-05,1.504830e-04,1.300430e-05,2.260700e-05,-2.546350e-05,-8.884270e-06,2.386680e-05,-1.907990e-05,2.431320e-06,3.990900e-05,2.177170e-05,3.156590e-06,-6.859110e-08,5.886650e-05,4.401560e-05,-4.743560e-05,3.482530e-06,-3.148930e-05,3.174340e-05,1.594620e-05,2.209340e-05,1.300660e-04,1.479810e-04,2.613490e-04,2.879660e-05,-4.560930e-06,7.125740e-05,3.859330e-05,-1.418100e-04,-8.954200e-05,2.602340e-04,2.812110e-05,1.130470e-04,3.660690e-04,2.272000e-04,-2.858160e-05,1.783150e-04,-5.800500e-06,3.561060e-05,3.751120e-04,3.853230e-04,7.567380e-04,4.687030e-05,-2.655730e-06,3.125290e-04,5.904620e-04,6.535800e-04,9.125820e-05,1.066530e-04,-1.837310e-05,1.120510e-06,1.180260e-04,5.915130e-05,-8.357830e-05,8.767630e-06,1.237060e-04,-4.102660e-05,3.031400e-05,7.243150e-05,1.108350e-04,2.105200e-05,6.246490e-05,2.656720e-04,1.857920e-04,-4.917490e-05,4.319220e-05,3.040240e-04,2.099230e-04,-1.337990e-04,1.081050e-04,3.152730e-04,4.679650e-05,5.239800e-05,1.594850e-04,1.454200e-04,2.481140e-05,7.132260e-06,5.881900e-04,1.335440e-03,1.066200e-03,9.083920e-05
3.115220e-06,-1.578220e-05,1.098050e-06,-5.731100e-05,2.279700e-05,1.542900e-06,-5.636940e-05,-1.842020e-05,-5.019180e-06,2.189150e-06,4.782590e-05,-9.553240e-05,3.494690e-06,5.618500e-07,2.169570e-04,4.513550e-06,1.207590e-04,2.367850e-04,-4.069780e-06,-2.336940e-04,-4.410120e-04,2.747110e-05,3.522370e-05,3.375190e-05,-1.806680e-05,2.306020e-05,-4.243200e-05,1.634410e-05,1.584260e-04,1.364040e-04,-3.225720e-06,4.649470e-05,5.768760e-05,-6.505430e-05,1.456330e-06,1.655060e-04,1.388120e-04,-9.634900e-05,7.798070e-06,5.892470e-05,-3.863800e-05,1.113140e-05,1.187700e-04,-4.451030e-04,7.951960e-07,-3.904410e-04,-1.015940e-05,1.278900e-04,9.505010e-05,3.866240e-06,2.655310e-04,2.983610e-04,-6.729570e-04,9.021280e-05,4.989420e-06,-2.845590e-05,1.829450e-04,2.107700e-06,1.150210e-03,5.783010e-05,3.893930e-05,-7.972840e-04,6.533700e-05,-2.332480e-04,-2.145980e-04,7.843450e-06,3.054270e-05,-6.747420e-05,1.026370e-04,1.193870e-06,-5.973460e-05,-2.900010e-05,3.358720e-04,-4.720070e-06,-2.376550e-04,2.090250e-04,2.840790e-05,-7.835580e-06,2.890620e-05,3.659360e-04,-5.335790e-05,4.793580e-05,1.779930e-04,-7.465420e-05,1.649810e-04,-3.118210e-05,7.988320e-05,2.812110e-05,8.719790e-04,6.438200e-04,3.917450e-05,-2.285590e-04,-4.085100e-04,2.557940e-04,2.209070e-04,-1.588870e-04,4.436680e-04,-8.428980e-04,-3.623840e-04,9.795150e-05,1.574110e-04,6.297280e-04,8.901790e-04,5.150940e-04,5.812080e-05,6.446680e-05,4.416540e-04,1.218200e-06,4.015030e-04,2.156980e-04,-2.048190e-04,8.825380e-06,5.236110e-05,5.961310e-06,1.642950e-05,1.740300e-04,6.935530e-05,1.797800e-05,-1.406240e-04,1.797120e-05,2.521790e-04,1.790890e-05,3.014800e-04,-3.182620e-04,2.522030e-04,2.394270e-04,-7.981280e-05,4.994950e-04,1.942700e-04,-3.257910e-04,4.862330e-04,6.056170e-04,8.418270e-04,1.596940e-04,5.871440e-04,8.771850e-04,4.531910e-03,1.344170e-04
1.081680e-04,1.166150e-05,4.910260e-06,-1.169480e-05,2.766950e-04,-1.089120e-06,-5.597790e-05,-5.049120e-05,2.535570e-04,-6.795930e-06,-8.370710e-05,4.237640e-04,1.603170e-05,2.568380e-04,-5.603960e-05,9.218630e-06,3.816470e-05,8.630710e-04,-5.908580e-06,4.869610e-05,-4.134110e-04,3.230020e-05,3.679130e-04,4.073760e-04,-3.011380e-05,2.909750e-04,3.838370e-04,4.727830e-05,8.723560e-05,3.857780e-04,-4.005550e-06,1.880880e-04,-1.544460e-04,3.404430e-04,-6.692860e-08,4.258270e-04,5.948010e-04,1.040820e-04,3.186960e-05,2.068850e-04,9.097610e-05,9.327250e-06,2.025890e-04,-1.456200e-04,1.096640e-04,-7.911350e-05,-7.382550e-04,2.041440e-04,1.529400e-06,1.037580e-04,-7.232350e-05,-3.052640e-04,9.218060e-06,2.114200e-03,-5.462370e-05,-4.074400e-04,-5.221470e-04,1.980390e-03,1.093920e-03,4.193690e-04,-4.851820e-04,-1.636240e-03,5.947480e-05,1.049030e-05,-1.577230e-04,1.135310e-05,-1.043260e-04,3.065970e-04,-4.031430e-05,1.520590e-05,7.324430e-05,-2.453420e-05,1.632800e-04,2.642400e-05,-3.310450e-05,-2.362110e-04,1.038700e-04,-2.488640e-04,1.512940e-03,1.075200e-03,1.959070e-04,1.011660e-05,1.703590e-04,1.328360e-03,3.544560e-04,1.543490e-03,4.927020e-04,1.130470e-04,6.438200e-04,4.471100e-03,1.078740e-03,5.222720e-04,-2.505360e-03,7.566730e-04,1.803110e-04,7.804990e-04,1.274380e-03,-9.719190e-04,8.304690e-04,7.033210e-05,1.021830e-03,2.111060e-03,4.556430e-03,2.433250e-03,2.391820e-04,5.224500e-05,4.119670e-04,3.952100e-06,-2.006340e-05,4.638950e-04,5.551480e-04,-1.376180e-05,2.059580e-04,3.819360e-04,6.466080e-05,6.979730e-04,4.141980e-04,1.269360e-04,-2.824160e-05,1.113140e-04,-8.151660e-04,3.655220e-04,-1.460940e-04,5.158010e-05,6.322980e-04,1.849720e-04,-4.548570e-04,1.237630e-03,7.959370e-04,-1.591480e-03,1.908630e-03,3.466850e-03,1.935990e-03,-1.219110e-04,1.219070e-03,-4.408500e-04,1.493300e-02,1.011950e-03
2.015130e-04,2.292430e-04,4.076700e-06,1.521370e-04,4.414310e-04,1.098140e-05,9.857780e-05,2.649370e-04,1.232380e-04,4.734910e-06,3.493060e-04,7.184240e-04,1.721270e-05,8.921590e-05,6.687860e-05,1.521070e-05,1.154100e-04,1.508860e-03,1.043600e-05,6.128400e-05,-9.131500e-05,-3.755530e-06,3.658550e-04,5.404390e-04,3.577500e-06,-3.613200e-05,-6.231050e-04,8.135470e-05,9.407520e-05,3.076280e-04,6.560640e-06,1.365880e-04,1.381760e-04,3.731220e-04,7.528920e-07,2.150040e-04,3.530270e-04,1.318120e-03,2.565510e-05,1.825550e-04,-4.021660e-04,9.803880e-05,5.364680e-04,1.399800e-03,1.250660e-04,1.789840e-04,-4.639420e-04,-3.817200e-04,3.732250e-03,3.365450e-05,3.897540e-04,6.557450e-04,3.475910e-03,-1.746140e-03,3.023040e-04,1.674050e-05,1.154880e-03,-7.267040e-04,2.839750e-03,3.888690e-04,1.097090e-03,-1.039970e-03,2.405200e-04,1.830160e-04,4.453870e-04,1.009750e-05,-1.318330e-04,3.799620e-04,7.397990e-04,1.106040e-05,2.272050e-04,1.962770e-04,2.755120e-04,7.014570e-05,1.235520e-04,8.013830e-04,1.643390e-04,3.612410e-04,1.549290e-03,1.756320e-03,4.043370e-03,-1.299850e-04,3.732660e-04,1.034440e-03,2.486120e-03,1.189340e-03,-1.180510e-03,3.660690e-04,3.917450e-05,1.078740e-03,6.878850e-03,4.828580e-03,3.261090e-04,5.068490e-04,-5.049070e-04,7.218020e-04,6.047660e-03,2.624530e-03,3.331500e-03,1.552610e-04,-5.019540e-04,1.732600e-03,2.903130e-03,5.839290e-03,4.331880e-04,3.175740e-04,-2.075480e-04,1.528340e-05,2.415560e-04,8.214240e-04,-1.088330e-04,2.536460e-05,9.252520e-04,3.273150e-04,1.290090e-04,2.400960e-04,1.770600e-03,2.412620e-05,-1.587640e-04,8.269890e-04,1.965120e-04,3.389210e-04,-4.290660e-04,1.002550e-03,3.722300e-04,9.522090e-04,3.997310e-04,3.491040e-04,1.562910e-03,1.125100e-03,-9.917840e-04,-1.332550e-03,4.648930e-03,1.375750e-04,6.109880e-03,1.953890e-02,6.547650e-03,4.678180e-03
2.598960e-04,4.615510e-04,3.899340e-06,3.617870e-04,6.477530e-04,1.071280e-05,4.623800e-04,4.133390e-04,8.503500e-04,-8.409710e-06,4.955610e-04,1.287420e-03,3.244460e-05,5.202960e-04,4.264990e-04,-1.275380e-05,-2.745980e-04,7.255100e-04,1.259620e-04,4.864240e-04,1.875370e-03,4.394450e-06,3.987980e-04,8.062390e-04,2.480030e-05,1.366730e-04,-3.648160e-04,6.288840e-05,1.617100e-04,4.380950e-04,1.945770e-05,2.710720e-05,7.655090e-04,1.114040e-03,-1.388020e-06,-6.981670e-05,5.220750e-04,1.343570e-04,1.240450e-04,4.159500e-04,1.331930e-04,1.018050e-04,5.078990e-04,2.023680e-03,3.645120e-04,1.214440e-03,1.987600e-03,-1.337660e-03,8.594390e-04,1.626300e-04,1.383980e-06,5.873890e-04,1.771900e-03,7.312240e-03,-1.539950e-04,1.415530e-04,7.112460e-04,2.166780e-03,3.590730e-03,3.677890e-04,9.831600e-04,1.657990e-03,3.370870e-04,4.615420e-04,6.570940e-04,1.564180e-05,2.972160e-04,1.181790e-04,6.630450e-04,3.379540e-05,1.384770e-06,1.411220e-03,1.776540e-03,7.376100e-05,3.048730e-04,1.619100e-03,3.538050e-04,2.279570e-04,2.290090e-03,3.550570e-03,2.851950e-03,7.129540e-05,5.927910e-04,1.659780e-03,2.926540e-03,6.106650e-03,3.727490e-03,2.272000e-04,-2.285590e-04,5.222720e-04,4.828580e-03,1.705680e-02,8.187760e-03,1.811720e-04,1.402730e-04,1.016480e-03,5.762150e-03,8.745750e-03,1.251460e-02,1.636240e-04,6.099010e-04,1.222990e-03,4.445970e-03,1.367480e-02,7.940250e-04,-8.271810e-04,1.060490e-03,2.413870e-05,8.090520e-05,1.341670e-03,8.829390e-04,2.274840e-05,6.363640e-04,7.061350e-04,1.659670e-04,1.032000e-04,4.453070e-04,4.430160e-05,4.273750e-04,1.525260e-03,3.307370e-03,1.833900e-04,8.415690e-04,8.665660e-04,2.048410e-03,5.371560e-04,1.071860e-03,4.224450e-03,1.352850e-03,1.105190e-03,3.308580e-03,7.523470e-03,2.510950e-03,4.084400e-04,7.213530e-03,1.774690e-02,1.137240e-02,1.217190e-02
1.479290e-04,5.732000e-04,-1.030420e-06,4.485940e-04,5.742790e-04,1.392670e-05,6.402860e-04,6.668530e-04,6.015900e-04,4.733100e-06,5.708710e-04,7.821090e-04,9.766160e-06,4.781810e-04,1.078610e-03,1.503790e-09,-7.480720e-05,-6.023190e-04,1.239770e-04,4.767080e-04,1.940740e-03,-4.489550e-05,-7.486410e-05,4.018120e-05,7.190770e-05,1.839880e-04,2.912960e-04,-5.396150e-05,2.865250e-04,6.907600e-07,3.095980e-05,-2.847750e-04,6.008810e-04,1.024810e-03,2.944020e-06,-6.626470e-04,1.271330e-04,6.032790e-04,8.161080e-05,1.942790e-04,1.781090e-03,1.090770e-04,1.618610e-04,1.696780e-03,3.042700e-04,9.888170e-04,3.279790e-03,2.257110e-03,-1.449670e-03,1.409940e-04,-6.393820e-05,2.715700e-03,3.237810e-03,5.355510e-03,1.245100e-04,6.070330e-04,1.139320e-03,3.555600e-03,2.846150e-03,-2.388260e-04,5.552040e-04,5.626030e-03,2.413980e-04,7.483150e-05,9.186620e-04,1.243630e-05,5.811960e-04,3.603210e-04,3.426540e-04,4.192560e-05,3.811330e-04,1.281460e-03,3.987840e-04,1.220230e-04,7.605420e-04,2.436590e-04,3.045420e-04,7.204420e-04,1.003020e-04,1.052220e-03,2.584280e-03,2.622050e-04,5.204220e-04,6.424320e-04,1.851960e-03,4.692060e-03,6.298380e-03,-2.858160e-05,-4.085100e-04,-2.505360e-03,3.261090e-04,8.187760e-03,1.620410e-02,-6.469330e-04,5.894540e-04,4.234810e-04,9.052360e-04,1.906190e-02,1.057500e-02,3.061140e-04,8.170620e-05,-8.313100e-04,3.791090e-03,1.158620e-02,6.678330e-04,3.062060e-04,-7.796370e-05,2.067710e-05,4.300450e-04,-2.207220e-04,9.411510e-04,4.897920e-06,3.740380e-04,2.230750e-03,9.345090e-05,-6.156240e-04,3.833740e-04,1.813410e-04,2.845450e-04,2.698610e-03,3.879240e-03,-2.285040e-05,1.732190e-04,2.628660e-03,3.533910e-03,2.903270e-04,1.953100e-03,4.332500e-03,2.088280e-03,2.653520e-03,3.938660e-03,8.096250e-03,7.884010e-04,2.171710e-03,2.968640e-03,4.703060e-03,2.071060e-02,1.242900e-02
3.820090e-05,5.936050e-05,-3.722200e-06,-5.775480e-05,6.190020e-05,5.572420e-06,6.536890e-05,3.072540e-05,2.728230e-05,-3.861500e-07,2.601210e-05,1.596610e-04,-5.066670e-06,-2.382790e-05,-3.548500e-06,1.335370e-05,1.145340e-04,3.424350e-04,1.291040e-05,-4.961890e-05,-4.033100e-04,2.455530e-05,8.227690e-05,-3.882360e-05,-2.401480e-05,-6.975800e-05,1.660020e-04,9.225420e-06,2.449300e-05,4.284250e-05,1.201400e-05,1.093830e-04,9.434230e-06,-5.841460e-05,3.125360e-06,1.073760e-04,1.355610e-04,-2.890140e-05,1.753850e-05,8.791830e-05,1.723640e-04,2.681560e-05,8.881020e-05,-4.324410e-05,1.614190e-05,-7.025660e-05,3.601690e-05,1.714290e-04,2.237450e-04,-3.132410e-05,-1.290510e-05,8.134490e-06,2.171620e-04,3.044780e-04,-1.320520e-04,-4.930800e-05,1.435350e-04,6.297230e-04,1.102610e-03,1.698720e-05,2.306360e-05,-3.457570e-04,1.264250e-04,-2.792740e-05,1.950520e-05,6.620880e-07,2.960700e-05,8.946230e-05,1.372410e-04,1.407870e-05,-5.179480e-05,8.967120e-05,2.233650e-04,2.150400e-05,1.456340e-06,2.207900e-04,4.230110e-05,1.745240e-07,2.995460e-04,4.166380e-04,4.037340e-04,5.575730e-05,1.399500e-04,3.050660e-04,4.219980e-04,6.394980e-04,3.346760e-06,1.783150e-04,2.557940e-04,7.566730e-04,5.068490e-04,1.811720e-04,-6.469330e-04,9.479060e-04,1.343320e-04,2.293820e-04,1.100700e-03,-9.424460e-05,1.439720e-03,1.864290e-04,1.934310e-04,8.089460e-04,1.856900e-03,1.787280e-03,3.919100e-05,1.655890e-04,2.247120e-04,7.339000e-06,1.284230e-04,3.407220e-05,-1.214310e-05,1.688680e-07,2.578820e-05,3.029650e-05,6.610810e-06,2.769510e-04,1.902610e-04,5.711620e-05,1.060310e-04,1.245450e-04,1.091050e-04,1.505070e-04,2.921550e-04,3.013960e-04,6.331030e-04,1.582890e-04,1.898300e-04,5.741480e-04,-4.022590e-04,6.617690e-05,1.015260e-03,8.013160e-04,1.096850e-03,2.469970e-04,1.204800e-03,2.178330e-03,5.683010e-03,1.203070e-03
1.060640e-04,1.591620e-05,5.586120e-07,-4.602360e-05,5.260810e-05,1.833920e-06,4.040610e-05,4.873920e-05,-4.576090e-05,7.491970e-06,4.086500e-05,5.325660e-05,7.348500e-07,1.617250e-04,1.178940e-05,9.203780e-06,-6.170260e-05,1.083560e-04,2.246900e-06,-8.626470e-05,1.491910e-04,2.055230e-06,-1.323570e-04,-8.908570e-05,7.656110e-06,-4.837450e-05,3.876420e-05,-8.370420e-06,1.282370e-05,2.399480e-05,4.211010e-07,4.717710e-05,-3.600890e-06,3.769150e-05,-5.143480e-07,-2.299000e-05,-1.193280e-05,5.856320e-05,-1.895380e-06,-1.190600e-05,1.063960e-04,7.981760e-06,-1.286770e-04,2.046450e-05,2.962910e-05,1.146110e-04,-1.768380e-05,2.113220e-04,-2.554400e-04,1.058760e-05,1.093350e-04,-1.032430e-04,9.120180e-05,1.011680e-03,-2.950160e-05,3.534100e-04,-1.407770e-04,5.238600e-04,3.324820e-05,2.256390e-05,-2.522290e-05,2.818010e-04,8.469790e-05,3.608080e-06,-7.105150e-06,5.441520e-06,9.295030e-05,3.553270e-05,-9.723940e-05,8.689450e-06,4.396790e-05,1.426090e-04,1.539080e-04,9.882300e-06,5.280210e-05,-1.410450e-04,3.656530e-05,-1.122410e-04,1.057550e-04,9.268260e-05,-6.933690e-05,2.550710e-05,3.235090e-05,-8.160260e-05,-8.845750e-05,5.488430e-04,6.655560e-04,-5.800500e-06,2.209070e-04,1.803110e-04,-5.049070e-04,1.402730e-04,5.894540e-04,1.343320e-04,5.524300e-04,2.124940e-04,-4.964180e-04,7.291450e-04,9.483780e-04,6.514820e-05,3.873350e-04,-2.244070e-04,6.518570e-04,8.988050e-04,1.107580e-04,-8.732880e-05,-1.503650e-04,4.344710e-06,-1.567370e-05,-7.824860e-05,8.801170e-05,-4.247830e-07,3.706980e-05,1.592440e-04,-6.002070e-06,3.557260e-05,-1.757920e-04,4.267270e-05,5.724550e-05,1.917170e-04,2.965740e-04,3.764230e-05,4.127610e-05,1.207580e-04,4.112950e-04,8.219920e-05,2.761890e-04,5.813170e-04,1.650570e-05,2.101530e-04,7.922590e-04,1.323210e-03,3.172490e-05,3.128590e-04,1.257190e-04,-8.468220e-04,2.927220e-03,8.152420e-04
1.521980e-04,5.666360e-05,1.406660e-06,3.916950e-05,1.959000e-04,5.033720e-06,1.541230e-05,4.160290e-05,4.728140e-05,9.901850e-06,2.970340e-05,2.460570e-04,-1.002530e-05,3.314010e-04,1.074350e-04,2.548290e-05,-2.053260e-04,1.667530e-04,5.149390e-06,2.065860e-04,2.841350e-04,7.611850e-06,6.870480e-05,-2.376090e-04,7.144080e-06,2.291120e-04,2.318370e-04,7.841210e-07,-5.452050e-06,1.323950e-04,3.556790e-06,4.701570e-05,3.975210e-05,-1.056450e-05,3.778900e-06,1.540990e-04,2.707100e-04,3.184960e-04,-2.719620e-06,-8.347060e-05,3.908010e-04,4.958700e-05,-1.116670e-04,2.977740e-04,3.794130e-05,3.676920e-04,-5.648590e-07,5.100650e-04,4.887650e-04,2.459030e-05,-3.139680e-06,-3.797260e-04,3.900480e-04,4.977280e-04,1.176140e-04,-1.710370e-06,8.665500e-04,1.013200e-03,-4.951790e-04,1.959320e-04,-3.438680e-04,3.654400e-04,1.345520e-04,2.593020e-04,1.080360e-04,4.566020e-06,3.851290e-05,3.654440e-05,2.173570e-04,4.510940e-06,2.638680e-04,1.987530e-04,4.679080e-06,4.589380e-05,3.117810e-04,2.252660e-04,2.948600e-05,-5.016450e-05,3.804610e-05,3.914900e-04,-3.447960e-04,1.373760e-04,1.566550e-04,5.663870e-04,7.773330e-04,8.452650e-04,5.095450e-04,3.561060e-05,-1.588870e-04,7.804990e-04,7.218020e-04,1.016480e-03,4.234810e-04,2.293820e-04,2.124940e-04,2.270390e-03,9.206710e-04,9.476950e-04,6.627320e-04,1.909010e-04,1.790030e-04,4.663590e-04,1.527270e-03,1.906000e-03,2.835430e-04,-3.358660e-04,-1.011100e-04,5.572020e-06,-3.295180e-04,2.250890e-04,5.072540e-04,-1.475970e-06,9.367940e-06,-3.469520e-04,5.857300e-06,2.252760e-04,4.503210e-05,1.586450e-04,8.395790e-05,-2.580540e-04,2.659010e-04,1.534800e-04,7.508340e-05,3.879130e-04,3.523610e-04,1.768240e-04,1.690900e-04,1.041360e-04,5.599840e-04,4.329510e-04,3.166950e-04,1.753290e-03,1.326900e-03,-5.468420e-05,1.559290e-03,3.483020e-03,2.953610e-03,1.929800e-03
2.556980e-04,2.788940e-04,1.983500e-06,2.277730e-05,5.651550e-04,1.555490e-05,4.030810e-04,1.375470e-04,3.609010e-04,6.290440e-06,3.525670e-04,7.683540e-04,9.939260e-06,1.095170e-04,2.690570e-04,-1.003210e-05,3.406860e-04,1.234780e-03,7.154160e-05,-2.737610e-04,-4.072460e-04,9.019550e-05,5.808840e-04,8.808240e-04,-8.484700e-05,1.070420e-04,-5.776250e-04,1.395710e-04,1.544120e-04,3.102020e-04,1.436750e-05,4.322620e-04,3.961170e-04,2.079790e-04,9.189520e-06,-1.925230e-05,8.010050e-04,7.152130e-04,8.115760e-05,3.434720e-04,1.536550e-04,9.232080e-05,4.443430e-04,1.585970e-03,2.616330e-04,2.752670e-04,7.218490e-04,-1.147840e-03,4.101120e-03,6.518230e-05,4.476970e-04,8.067490e-04,1.462280e-03,-9.250950e-04,3.172840e-04,1.533260e-06,1.955850e-03,5.718730e-04,4.822890e-03,-3.827520e-05,8.712820e-04,-2.590640e-03,3.639190e-04,1.426930e-04,5.239490e-04,1.428410e-05,-1.465910e-04,2.972520e-05,1.183890e-03,1.007030e-05,-3.374900e-04,6.316950e-04,4.406420e-04,5.817110e-05,-1.060900e-05,1.506360e-03,2.639380e-04,4.415610e-04,1.375660e-03,1.032030e-03,2.963580e-03,9.310220e-05,7.618290e-04,1.721740e-03,1.990800e-03,1.361670e-03,-7.151050e-04,3.751120e-04,4.436680e-04,1.274380e-03,6.047660e-03,5.762150e-03,9.052360e-04,1.100700e-03,-4.964180e-04,9.206710e-04,1.084770e-02,4.243450e-03,7.324470e-03,3.269460e-04,-5.096050e-04,3.878570e-03,2.964190e-03,9.877030e-03,5.796220e-04,2.743530e-04,7.310660e-04,1.409110e-05,3.990170e-04,1.016380e-03,1.523030e-04,3.733160e-05,1.116910e-03,1.535280e-04,1.853530e-04,8.708220e-04,1.790980e-03,6.960370e-05,2.974550e-04,5.364160e-04,7.353730e-05,4.735430e-04,1.786040e-04,8.957800e-04,9.318100e-04,1.765720e-03,-2.992020e-05,6.742180e-04,1.445140e-03,5.182970e-04,1.172920e-03,8.815240e-05,3.554100e-03,1.453460e-04,5.626770e-03,1.892900e-02,7.971580e-03,8.174020e-03
3.661410e-04,8.450740e-04,6.735020e-06,4.624820e-04,1.051240e-03,1.755540e-05,1.058230e-03,8.327270e-04,4.857000e-04,6.000550e-06,6.037670e-04,1.779290e-03,2.086240e-05,1.007730e-03,5.967730e-04,1.645440e-05,-2.394040e-04,5.117240e-04,1.261390e-04,8.334070e-04,1.729680e-03,-3.297670e-06,4.207250e-05,2.815250e-04,2.513690e-05,2.511770e-04,5.673930e-04,5.025930e-05,3.950900e-04,-7.169140e-05,2.936250e-05,-6.070680e-05,5.499200e-04,1.817470e-03,3.074690e-06,-9.524190e-04,1.261870e-03,2.404690e-03,1.154680e-04,2.523960e-04,2.786550e-03,9.729180e-05,6.338510e-05,3.484560e-03,6.180710e-04,1.814680e-03,3.190400e-03,2.392260e-03,5.226990e-05,2.062600e-04,-1.510700e-04,3.766610e-03,7.458020e-03,6.471970e-03,8.931540e-05,9.692450e-04,1.892090e-03,5.715780e-03,4.685320e-03,-4.434860e-04,8.474220e-04,4.704240e-03,-8.323760e-05,2.743820e-04,1.572150e-03,3.571990e-05,6.730420e-04,8.803650e-04,3.224640e-04,7.631550e-05,3.945770e-04,1.158130e-03,-1.024540e-03,2.105320e-04,9.867090e-04,-6.910390e-04,5.639160e-04,6.198490e-04,1.712560e-03,1.300010e-03,6.407620e-03,-1.613100e-07,1.027400e-03,1.978040e-03,1.988190e-03,6.434450e-03,7.703820e-03,3.853230e-04,-8.428980e-04,-9.719190e-04,2.624530e-03,8.745750e-03,1.906190e-02,-9.424460e-05,7.291450e-04,9.476950e-04,4.243450e-03,3.368390e-02,1.985100e-02,1.373200e-04,2.219230e-04,1.227360e-03,1.275460e-02,2.127830e-02,8.779580e-04,1.136180e-03,-8.884060e-04,3.257110e-05,7.113220e-04,-2.121820e-04,1.858210e-03,-1.510230e-05,1.474110e-03,3.973340e-03,2.844790e-04,5.683020e-04,2.480740e-03,3.411740e-04,1.071360e-03,4.356580e-03,3.823120e-03,3.644350e-04,-3.521960e-04,5.015190e-03,5.319030e-03,1.336610e-03,2.124660e-03,5.227280e-03,3.700120e-03,2.828400e-03,5.847650e-03,1.111570e-02,1.443480e-03,3.296050e-03,4.467660e-03,5.824260e-03,3.353490e-02,2.146710e-02
4.815610e-04,6.156150e-04,-6.663810e-07,2.879060e-06,6.534160e-04,1.937140e-05,8.879160e-04,5.646570e-04,4.944680e-04,-9.665300e-06,2.924740e-04,1.747810e-03,1.585020e-05,6.719090e-04,1.589000e-04,3.940060e-05,3.531490e-05,-6.214260e-05,1.044780e-04,2.263030e-04,1.750800e-03,4.447280e-05,-1.378850e-05,1.672560e-04,-2.620270e-06,-2.883940e-04,-2.798230e-04,9.080630e-05,6.053530e-05,5.520890e-05,3.579680e-05,3.950060e-04,7.754230e-04,1.065500e-03,8.670430e-06,-5.360890e-04,1.000890e-03,8.761920e-04,1.297550e-04,7.483150e-04,3.399100e-04,9.728480e-05,-3.736470e-04,3.483150e-03,5.007020e-04,1.670230e-03,2.122940e-03,6.683360e-05,1.117740e-03,9.908130e-05,-1.345160e-04,1.408250e-03,3.947920e-03,8.290040e-03,-3.410540e-04,9.868420e-04,3.578670e-04,4.161390e-03,1.973800e-03,-7.283240e-04,1.401180e-03,2.185850e-03,1.702580e-05,6.452820e-04,8.972880e-04,2.920630e-05,5.658440e-04,1.244710e-04,4.324800e-04,8.555300e-05,-1.986350e-04,1.359800e-03,1.004370e-03,1.653180e-04,4.210140e-04,1.742250e-04,5.535380e-04,8.572370e-05,3.200620e-03,2.314690e-03,2.069540e-03,1.182030e-04,8.614400e-04,2.179180e-03,1.955500e-03,5.369370e-03,5.430960e-03,7.567380e-04,-3.623840e-04,8.304690e-04,3.331500e-03,1.251460e-02,1.057500e-02,1.439720e-03,9.483780e-04,6.627320e-04,7.324470e-03,1.985100e-02,2.898050e-02,9.952490e-05,1.328270e-03,2.764180e-03,8.254860e-03,2.512620e-02,6.326000e-04,-8.904160e-05,7.059920e-04,3.577290e-05,3.639820e-05,1.429500e-03,1.622580e-03,-2.148450e-05,1.229740e-03,1.602410e-03,1.507150e-04,4.867370e-04,1.293690e-03,2.903710e-04,1.802480e-03,4.139340e-03,4.139710e-03,6.712530e-04,1.273290e-03,3.730040e-03,3.528840e-03,1.538980e-03,2.176330e-03,3.895380e-03,1.257750e-03,1.573650e-03,4.441130e-03,9.346890e-03,4.707240e-04,1.840000e-03,5.908040e-03,1.284600e-02,1.312050e-02,1.908150e-02
5.721850e-05,6.982990e-05,-1.752750e-06,-1.458200e-05,5.952280e-05,4.462470e-06,3.992880e-06,5.678050e-05,1.040870e-04,-1.246600e-06,1.116800e-04,-9.276280e-05,9.643650e-06,-9.398530e-06,1.530980e-04,6.084800e-06,8.650840e-05,1.083850e-04,-3.782850e-06,5.157690e-05,3.651180e-05,1.147270e-05,-5.231700e-05,-6.185630e-05,1.418340e-06,2.591860e-05,1.657900e-05,-6.135500e-07,2.221110e-05,-1.801560e-05,6.179310e-06,5.344160e-05,6.488590e-05,-7.425090e-05,2.904580e-06,4.128040e-05,5.244440e-05,4.400220e-05,4.715210e-06,2.154300e-05,1.220310e-04,1.133060e-05,-6.114600e-06,5.273640e-05,2.929230e-05,-7.068420e-05,1.855720e-04,4.094490e-04,2.974360e-04,-6.892980e-06,2.653470e-05,-4.282340e-05,1.167390e-04,3.247400e-04,5.013490e-05,-2.961310e-06,1.458990e-04,3.801220e-04,5.092410e-04,-4.394290e-05,1.049620e-04,9.126330e-05,1.275470e-04,1.848300e-05,5.875160e-05,1.090720e-07,1.052810e-05,4.628270e-05,1.095410e-04,9.073340e-06,3.094850e-05,2.312470e-05,6.481510e-05,2.030080e-05,4.667220e-06,1.655370e-04,2.856140e-05,1.111200e-04,6.466010e-05,-5.725440e-06,-1.112230e-05,2.962440e-05,2.484040e-05,2.371950e-04,3.545550e-04,4.396380e-04,1.469980e-04,4.687030e-05,9.795150e-05,7.033210e-05,1.552610e-04,1.636240e-04,3.061140e-04,1.864290e-04,6.514820e-05,1.909010e-04,3.269460e-04,1.373200e-04,9.952490e-05,4.773490e-04,1.487430e-04,1.451190e-04,9.147760e-04,-1.906090e-05,1.286470e-04,4.344090e-05,7.972170e-05,4.217450e-06,-3.277600e-05,1.447200e-05,1.345080e-04,-1.104920e-05,5.466180e-06,1.367890e-04,-1.408790e-05,2.329470e-05,2.039040e-04,4.239000e-05,1.712660e-04,2.291080e-04,1.792590e-04,9.583780e-05,1.256590e-04,4.371260e-04,5.340760e-04,2.164300e-05,1.864610e-04,5.213650e-04,1.543770e-04,1.227260e-04,5.385230e-04,7.424040e-04,4.997400e-04,2.413990e-04,1.205850e-03,2.337940e-03,3.657500e-03,1.916700e-04
6.446140e-05,-9.430710e-06,-6.793590e-07,3.119360e-05,3.733350e-05,2.189200e-06,-4.314570e-05,1.012720e-04,4.600480e-05,8.785200e-06,2.796630e-05,-5.957490e-05,9.490190e-06,-4.348970e-05,-2.327520e-05,-4.020880e-06,-2.971260e-05,2.756140e-04,-8.572340e-06,1.260780e-04,2.155070e-04,1.391420e-05,3.064630e-05,1.990470e-04,2.774060e-06,-1.897960e-04,-2.989680e-04,1.098910e-05,2.901670e-05,2.369870e-04,1.215840e-06,7.302990e-05,-3.946870e-05,7.555690e-05,-2.852740e-06,8.837090e-05,4.207990e-05,-6.287880e-05,-8.157780e-06,1.829720e-05,1.215740e-04,7.444430e-06,1.573360e-04,-1.245910e-04,8.536910e-05,1.256530e-04,-5.009470e-04,6.206380e-04,-3.788030e-04,2.025590e-05,-5.013420e-05,-7.383480e-04,-2.755760e-04,2.284310e-03,-7.925850e-05,-4.857130e-05,-6.266510e-04,7.428520e-04,-5.302440e-04,8.392690e-05,1.913880e-04,-8.415070e-04,1.470520e-04,-1.180240e-05,-9.849900e-05,4.905820e-06,-3.738050e-06,1.173940e-04,-1.709300e-04,1.676080e-05,-1.153890e-05,5.129120e-05,3.299510e-04,1.724280e-05,-3.276340e-05,-1.627060e-05,4.848010e-05,-1.006620e-04,7.661040e-04,7.728340e-04,-3.793340e-04,-6.371020e-05,-1.738790e-05,-4.373430e-05,3.794750e-05,8.664220e-04,8.102270e-04,-2.655730e-06,1.574110e-04,1.021830e-03,-5.019540e-04,6.099010e-04,8.170620e-05,1.934310e-04,3.873350e-04,1.790030e-04,-5.096050e-04,2.219230e-04,1.328270e-03,1.487430e-04,1.517270e-03,6.184670e-04,1.893370e-03,7.462240e-04,1.957070e-04,-1.080070e-04,2.150790e-04,6.062700e-06,-5.762750e-05,-1.112160e-05,1.835890e-04,-3.458090e-07,-2.103490e-05,1.313040e-04,-7.889850e-06,4.505960e-04,2.810130e-05,3.211820e-05,1.335720e-04,3.635230e-04,2.661910e-04,1.477060e-04,8.726780e-05,-5.060690e-06,7.117170e-04,7.976460e-05,-3.159110e-04,1.216900e-03,3.354980e-04,-7.101370e-04,1.656560e-03,2.524150e-03,3.968030e-04,4.750140e-04,-3.802880e-04,-3.791530e-03,6.571510e-03,1.060840e-03
1.711740e-04,1.166190e-04,1.160550e-06,1.075210e-04,3.192740e-04,8.855510e-06,4.280300e-05,1.879190e-04,4.648600e-04,-3.175610e-06,2.869510e-04,-5.161190e-06,3.341040e-05,-1.109950e-04,1.950900e-04,-2.108890e-05,1.317590e-04,5.800750e-04,-3.686490e-06,1.379360e-04,-7.462430e-04,9.552980e-05,3.600540e-04,5.324670e-04,-2.913540e-05,2.271410e-04,7.684110e-05,3.548450e-05,1.947070e-04,5.643800e-04,8.407230e-06,2.399800e-04,2.098410e-04,1.286760e-04,6.080420e-06,4.227880e-04,5.959630e-04,1.562230e-04,5.826000e-05,1.999390e-04,6.452320e-04,9.148010e-05,5.259770e-04,6.664610e-04,2.128940e-04,1.299010e-04,1.108980e-03,1.073210e-03,1.797690e-03,7.033950e-05,3.639290e-04,9.791530e-04,6.088580e-04,1.621990e-03,1.475310e-04,-4.036740e-04,7.396130e-04,1.584990e-04,2.388510e-03,1.861680e-04,1.237770e-04,-1.365630e-03,-1.157530e-04,-1.566240e-04,-2.446720e-05,9.664810e-06,-1.228310e-04,3.086500e-04,7.747620e-04,1.049260e-05,-1.158590e-04,-6.454380e-05,4.310510e-04,3.883940e-05,-8.690930e-05,1.014950e-03,9.795080e-05,-2.270800e-05,1.278690e-03,1.984250e-03,1.855080e-03,-1.612990e-05,5.253410e-04,1.071470e-03,7.643820e-04,-3.732690e-04,-3.867190e-04,3.125290e-04,6.297280e-04,2.111060e-03,1.732600e-03,1.222990e-03,-8.313100e-04,8.089460e-04,-2.244070e-04,4.663590e-04,3.878570e-03,1.227360e-03,2.764180e-03,1.451190e-04,6.184670e-04,6.731120e-03,6.117830e-03,6.035290e-03,4.421170e-04,6.847960e-04,1.121110e-03,1.595320e-05,5.417020e-04,4.666160e-04,-1.631690e-04,3.579130e-05,2.698820e-04,-1.688610e-04,1.705670e-04,1.384460e-03,1.009140e-03,1.845590e-04,4.337950e-04,4.754160e-04,4.460970e-04,2.296130e-04,8.576620e-04,1.232280e-04,7.166660e-04,1.526190e-03,-6.404560e-04,5.176680e-04,2.463190e-03,-9.634310e-04,1.306270e-03,3.899140e-03,5.396290e-03,4.260570e-04,3.329320e-03,6.180380e-03,1.276890e-02,4.746000e-03
5.051470e-04,5.731820e-04,2.106670e-06,3.395710e-04,1.052860e-03,2.002120e-05,2.272270e-04,8.308300e-04,5.145900e-04,1.019580e-06,5.421390e-04,9.460370e-04,3.481350e-05,3.958050e-04,7.706780e-04,3.911660e-05,-2.633860e-04,2.265410e-03,-2.271730e-05,9.122960e-04,-5.766640e-04,9.948890e-05,4.673070e-04,9.009150e-04,-8.730680e-05,7.286510e-04,1.170210e-03,1.346150e-04,2.396110e-04,1.035880e-03,2.663840e-05,2.878770e-04,2.521690e-05,1.252360e-03,2.173630e-05,8.205850e-04,1.488160e-03,2.147710e-03,5.765360e-05,4.193270e-04,2.053190e-03,2.524310e-04,1.089540e-03,1.273250e-03,4.474690e-04,9.571380e-04,1.718990e-03,4.103270e-03,2.148670e-03,6.084490e-05,3.824380e-04,1.120270e-03,5.276700e-03,9.342800e-03,-1.824190e-05,-4.427370e-04,1.330660e-03,7.418930e-03,5.246710e-03,2.371320e-04,-4.108460e-04,-1.160350e-03,-2.676910e-04,2.912810e-04,4.370920e-04,3.443300e-05,2.716100e-04,1.207310e-03,5.005510e-04,4.318860e-05,3.818710e-04,-1.022340e-04,6.299270e-04,2.079930e-04,1.138950e-04,3.832490e-04,3.496440e-04,-2.174230e-04,2.847910e-03,3.484850e-03,3.715250e-03,3.239710e-05,1.099700e-03,2.633400e-03,2.313690e-03,5.791730e-03,3.665390e-03,5.904620e-04,8.901790e-04,4.556430e-03,2.903130e-03,4.445970e-03,3.791090e-03,1.856900e-03,6.518570e-04,1.527270e-03,2.964190e-03,1.275460e-02,8.254860e-03,9.147760e-04,1.893370e-03,6.117830e-03,2.878610e-02,1.611480e-02,1.451020e-04,1.070460e-03,6.583350e-04,3.869070e-05,9.254590e-04,1.352790e-03,1.911390e-03,3.153420e-05,8.769480e-04,1.986550e-03,3.118470e-04,2.734450e-03,2.553540e-03,3.939820e-04,1.117790e-03,2.331290e-03,1.577210e-03,1.110580e-03,1.337780e-03,3.150830e-03,5.380330e-03,2.075500e-03,-9.020180e-05,6.981380e-03,4.066330e-03,-1.238430e-03,8.624310e-03,1.708170e-02,1.014940e-02,2.223600e-03,1.143730e-02,1.139560e-02,4.961250e-02,1.599720e-02
6.169230e-04,8.695190e-04,-6.574370e-06,2.839200e-04,1.201670e-03,3.831730e-05,8.554340e-04,8.155040e-04,9.854310e-04,6.481610e-06,9.329890e-04,1.304570e-03,1.533480e-05,3.885580e-04,1.577310e-03,2.822270e-05,3.086580e-04,2.546530e-04,1.016750e-04,4.042220e-04,1.104110e-03,7.774350e-05,-1.884650e-05,3.126920e-04,4.019380e-05,3.592130e-04,-1.551480e-04,1.221520e-04,1.119580e-04,5.341560e-04,5.493480e-05,3.231940e-04,3.870130e-04,6.177630e-04,4.297690e-05,-2.735600e-04,1.294080e-03,1.024660e-03,1.018160e-04,4.447340e-04,1.490560e-03,3.513800e-04,1.559520e-04,4.197350e-03,5.404150e-04,1.461510e-03,3.091780e-03,1.342380e-03,3.543970e-03,1.619790e-04,5.735130e-04,3.935390e-03,4.365280e-03,8.249170e-03,2.356550e-04,8.060260e-04,2.676660e-03,4.149250e-03,5.612440e-03,-1.753490e-04,1.476090e-03,1.980680e-03,-4.542020e-04,6.853910e-04,1.373450e-03,3.069130e-05,8.149820e-04,8.307050e-04,2.008870e-03,4.229250e-05,2.314160e-04,2.272610e-03,1.715870e-03,2.988900e-04,9.359500e-04,1.129320e-03,5.217230e-04,9.299790e-04,3.076390e-03,3.428200e-03,4.904470e-03,1.427330e-04,1.350160e-03,3.100260e-03,4.485290e-03,9.645850e-03,6.065130e-03,6.535800e-04,5.150940e-04,2.433250e-03,5.839290e-03,1.367480e-02,1.158620e-02,1.787280e-03,8.988050e-04,1.906000e-03,9.877030e-03,2.127830e-02,2.512620e-02,-1.906090e-05,7.462240e-04,6.035290e-03,1.611480e-02,4.145580e-02,3.394020e-04,8.125650e-04,6.680270e-04,5.155000e-05,5.582440e-04,1.292520e-03,2.598500e-03,3.217460e-05,1.230340e-03,2.698370e-03,2.555880e-04,7.393100e-04,2.052470e-03,4.641630e-04,1.390960e-03,3.172880e-03,4.780850e-03,1.381070e-03,6.938240e-04,4.128650e-03,7.203960e-03,2.528300e-03,1.867320e-03,7.637580e-03,4.107790e-03,1.612510e-03,8.104540e-03,1.488720e-02,1.026280e-02,2.194860e-03,1.061500e-02,2.262270e-02,3.887570e-02,2.245410e-02
7.139260e-05,1.304700e-04,-2.535990e-06,1.313260e-04,1.184910e-04,6.493390e-06,3.087100e-05,2.426970e-04,4.299940e-05,7.086010e-06,1.323930e-04,1.992320e-04,5.327550e-06,1.138050e-04,1.320330e-04,2.003960e-05,8.505400e-05,2.391880e-04,-6.133950e-06,-2.184540e-05,1.726280e-04,4.556640e-05,4.291410e-05,5.770790e-05,1.983980e-05,6.977650e-05,2.761780e-05,-2.637320e-05,3.106230e-05,1.052450e-04,4.198530e-06,-4.395250e-05,5.646090e-05,1.229890e-04,-1.966640e-06,-5.008950e-05,8.135570e-05,2.054940e-04,8.516270e-06,-1.193990e-05,2.751620e-04,3.471390e-05,7.356100e-06,2.940660e-04,5.012840e-05,9.279790e-05,2.518840e-04,1.024520e-04,3.140830e-04,4.830940e-05,7.641540e-06,1.823980e-04,4.008250e-04,5.013830e-04,6.830860e-05,3.007620e-05,1.560420e-04,5.591940e-04,1.051760e-03,2.650260e-04,8.647650e-05,5.206840e-04,1.027660e-04,7.532040e-05,3.623200e-05,3.082730e-06,-2.595730e-06,5.819800e-05,-6.637820e-06,1.990130e-05,-1.178440e-05,4.737560e-05,1.137210e-04,5.490540e-06,3.947330e-05,2.233030e-04,3.913750e-05,1.389250e-05,2.487880e-04,2.005650e-04,3.160880e-04,6.795970e-05,8.890470e-05,1.959450e-04,1.870510e-04,3.083410e-04,4.644800e-04,9.125820e-05,5.812080e-05,2.391820e-04,4.331880e-04,7.940250e-04,6.678330e-04,3.919100e-05,1.107580e-04,2.835430e-04,5.796220e-04,8.779580e-04,6.326000e-04,1.286470e-04,1.957070e-04,4.421170e-04,1.451020e-04,3.394020e-04,1.165200e-03,7.304860e-05,6.796670e-05,6.071030e-06,1.092130e-04,1.886530e-04,-3.172360e-06,-9.573470e-06,1.605110e-04,1.214590e-04,6.290480e-05,1.729020e-04,1.604180e-04,-4.243410e-06,1.227600e-04,2.493140e-04,1.580940e-04,-3.567860e-05,1.581950e-04,1.424480e-04,-1.214590e-05,1.309150e-04,2.471240e-04,3.931970e-04,5.335200e-04,3.209080e-04,3.980520e-04,6.097340e-04,1.413930e-04,5.178830e-04,3.148830e-04,-1.673870e-04,-1.364070e-03,-5.710630e-04
1.683130e-04,2.993280e-04,-7.812170e-06,1.194340e-04,2.151080e-04,1.216470e-06,1.096100e-04,1.136500e-04,4.574250e-05,1.203840e-05,-1.136310e-04,-1.607240e-04,3.196840e-06,5.878310e-05,1.294060e-04,-5.534430e-06,-7.289330e-05,4.282010e-04,-7.739650e-06,9.582370e-05,-3.292600e-04,8.065120e-06,-3.425680e-05,2.573240e-04,7.671640e-06,1.984180e-04,8.384410e-05,-7.127480e-06,-3.281740e-04,-6.098080e-04,2.330080e-05,-1.141370e-04,-3.273700e-04,1.075700e-04,-1.176140e-05,1.006630e-04,4.055730e-05,2.359390e-04,-3.324190e-05,1.295290e-04,1.442740e-04,4.452540e-05,3.328240e-04,9.175490e-05,1.481460e-05,-1.036850e-04,8.597220e-05,7.104890e-04,1.163490e-04,-3.984400e-06,-1.418970e-05,3.280100e-04,7.444590e-04,-1.222520e-04,-3.676830e-06,-1.487760e-04,2.408550e-04,-1.006710e-04,1.502290e-03,-7.627320e-05,-3.767260e-05,-2.571270e-04,5.048760e-05,9.966510e-05,7.411750e-05,-8.459010e-06,-9.572620e-05,2.830160e-04,3.972730e-04,1.014110e-05,-8.782780e-05,-3.923040e-05,7.499630e-05,1.314960e-05,-5.708820e-05,-1.863380e-04,6.367360e-07,1.137440e-04,8.614110e-05,2.215140e-05,1.043400e-03,-8.570280e-05,1.897200e-04,-1.069490e-04,-4.995270e-05,-1.975270e-04,-5.985570e-05,1.066530e-04,6.446680e-05,5.224500e-05,3.175740e-04,-8.271810e-04,3.062060e-04,1.655890e-04,-8.732880e-05,-3.358660e-04,2.743530e-04,1.136180e-03,-8.904160e-05,4.344090e-05,-1.080070e-04,6.847960e-04,1.070460e-03,8.125650e-04,7.304860e-05,2.370860e-03,9.241620e-04,-6.000250e-06,7.099950e-04,-2.017620e-04,-5.117320e-04,-2.212740e-05,-2.653540e-04,1.642450e-04,9.674230e-05,-2.282460e-04,3.315900e-05,2.152040e-05,-1.926350e-04,1.968660e-04,-1.982980e-04,9.874430e-05,-5.879550e-05,9.336210e-05,1.910930e-04,1.891160e-04,-9.434550e-05,3.005660e-04,3.912290e-04,-7.168210e-05,3.695090e-04,-2.536600e-04,1.057140e-03,1.441140e-04,-6.633590e-04,-1.535910e-03,5.445030e-03,5.827620e-04
1.292380e-04,1.498680e-04,-4.605370e-06,7.459860e-05,1.250480e-04,-1.182560e-06,7.885110e-05,3.299340e-06,2.614780e-04,1.168610e-06,-1.061710e-04,-1.676580e-04,1.052950e-05,-7.042050e-05,2.549920e-04,-2.549940e-05,8.724210e-05,8.910150e-05,4.421520e-06,-4.883030e-05,-2.025310e-04,1.877570e-05,2.575170e-04,8.083820e-05,7.185260e-06,1.085290e-04,2.798450e-05,-9.515420e-07,-1.398580e-04,-2.793330e-04,1.554450e-05,-7.007010e-05,1.397560e-04,8.296700e-05,-7.439870e-06,2.334960e-04,2.526790e-04,-5.169330e-04,6.546280e-07,2.436190e-04,1.236910e-05,2.064620e-05,4.222030e-04,4.539630e-05,5.980840e-05,-2.446110e-04,6.218360e-04,2.581150e-04,-1.875910e-04,4.245850e-05,-7.483570e-05,3.413510e-04,-7.446270e-04,1.408410e-03,-1.094630e-04,-4.090540e-04,1.210620e-04,2.245960e-04,7.686770e-04,-2.554680e-05,-1.994000e-05,-6.077040e-04,7.467520e-05,-1.176770e-04,-8.186420e-05,-8.430650e-06,-5.543380e-05,-2.589470e-04,2.413720e-04,8.713050e-06,-2.316840e-04,-2.233060e-05,5.784340e-04,-5.102570e-07,-3.096940e-04,4.638800e-04,1.698880e-06,-7.245170e-05,7.306250e-05,5.473950e-04,-1.100040e-03,3.485430e-05,1.249680e-04,-8.693020e-05,1.359100e-04,-3.293940e-04,2.256900e-04,-1.837310e-05,4.416540e-04,4.119670e-04,-2.075480e-04,1.060490e-03,-7.796370e-05,2.247120e-04,-1.503650e-04,-1.011100e-04,7.310660e-04,-8.884060e-04,7.059920e-04,7.972170e-05,2.150790e-04,1.121110e-03,6.583350e-04,6.680270e-04,6.796670e-05,9.241620e-04,2.048600e-03,-3.284470e-06,6.178380e-04,6.081200e-04,-7.043860e-05,-2.077340e-05,-2.131820e-04,-2.859240e-04,4.733760e-05,1.480430e-04,-2.340240e-04,1.930370e-05,-1.367960e-04,-3.131240e-04,5.030420e-04,7.955320e-05,7.931290e-04,-6.097520e-04,1.749280e-04,3.572810e-04,-2.769270e-04,5.418180e-04,1.057700e-04,-5.660760e-04,7.243410e-04,1.364770e-03,5.108030e-04,-2.957180e-04,2.381600e-04,4.580980e-05,2.798590e-03,1.291050e-03
1.206170e-06,2.121750e-06,-9.859590e-07,1.902140e-06,6.547300e-06,1.653330e-07,4.598370e-06,9.468040e-06,2.442050e-06,-3.018550e-07,6.070700e-06,8.491990e-06,-2.218670e-07,3.456980e-06,5.467910e-06,-1.335380e-06,9.297770e-07,1.340430e-05,1.676410e-06,1.982720e-06,1.086100e-05,-1.169610e-06,-1.933030e-06,5.993710e-06,7.903310e-08,-4.724530e-06,-3.049590e-06,5.484670e-07,2.771500e-06,1.287000e-05,2.419590e-06,2.191430e-06,1.531760e-07,1.693230e-06,1.979330e-07,1.399330e-06,-1.056330e-06,3.558310e-06,1.171330e-06,-3.569210e-06,2.830070e-06,1.364600e-06,-2.885180e-06,7.820900e-06,2.786210e-06,1.537390e-06,9.299240e-06,1.445220e-05,6.597600e-06,1.315490e-07,2.524900e-06,3.879100e-06,6.603490e-06,1.141740e-06,4.266080e-07,3.062190e-06,2.798490e-06,1.077630e-06,3.957200e-07,3.150310e-06,1.711330e-06,9.727600e-06,9.384190e-07,3.142170e-06,2.570890e-06,-1.877590e-06,4.922840e-06,1.037440e-06,-5.852090e-06,3.385740e-07,5.624550e-06,7.812660e-06,5.015190e-06,-5.244410e-07,4.117490e-06,6.372420e-06,1.876700e-07,8.536200e-07,1.030330e-05,1.287620e-05,1.509470e-05,9.250260e-07,1.536650e-07,6.901100e-06,1.550410e-05,1.593040e-05,6.439080e-06,1.120510e-06,1.218200e-06,3.952100e-06,1.528340e-05,2.413870e-05,2.067710e-05,7.339000e-06,4.344710e-06,5.572020e-06,1.409110e-05,3.257110e-05,3.577290e-05,4.217450e-06,6.062700e-06,1.595320e-05,3.869070e-05,5.155000e-05,6.071030e-06,-6.000250e-06,-3.284470e-06,3.547370e-06,1.968870e-06,-2.427590e-10,-2.320290e-06,4.033000e-07,9.176340e-06,3.133430e-06,5.384250e-07,9.095030e-06,5.135910e-06,1.103700e-06,6.621870e-06,1.415470e-05,1.232030e-05,9.241980e-07,2.385490e-06,1.077580e-05,1.196010e-05,3.888900e-07,8.032710e-06,2.137790e-05,1.726840e-05,9.705480e-06,2.378870e-05,5.505830e-05,4.754920e-05,1.736190e-05,5.894380e-05,1.121710e-04,1.352330e-04,4.327560e-05
-5.846250e-05,7.888950e-05,-4.243280e-06,1.094050e-04,1.113940e-04,-3.666250e-07,1.420140e-04,4.952340e-05,4.919720e-05,4.239190e-06,8.358780e-05,-2.875880e-05,-2.908580e-06,-1.149610e-04,2.131060e-04,1.353310e-05,1.775510e-04,1.415840e-04,-1.821400e-05,-2.035530e-04,-4.819650e-04,1.901430e-05,7.561310e-05,5.077920e-05,-2.847090e-07,8.885630e-05,-1.801220e-04,3.951400e-06,1.212500e-04,-1.962860e-05,1.045450e-05,-2.271720e-04,-1.317240e-04,1.487510e-04,-9.311320e-06,7.267390e-06,-3.094700e-05,-1.981380e-04,-2.601160e-06,-1.557240e-05,2.674690e-04,-4.295460e-06,3.682740e-04,-4.153900e-04,-1.463290e-05,-2.030220e-04,4.511430e-04,4.309020e-04,-4.040360e-04,1.594890e-05,8.234680e-05,7.665920e-04,-1.239740e-04,-2.415030e-04,3.694820e-06,-4.217650e-05,6.801380e-04,-3.201730e-04,1.158240e-03,-1.589530e-05,1.223330e-04,-5.028660e-04,2.215630e-05,-3.323040e-04,-9.197200e-05,-2.374380e-06,1.023930e-04,-3.018470e-05,2.105790e-04,8.177540e-06,-5.669770e-05,-8.455120e-05,1.001120e-04,2.708310e-05,-3.459630e-04,2.441460e-04,2.991200e-05,-3.742150e-05,-1.079860e-04,6.472980e-04,6.779470e-04,-2.757920e-05,1.067420e-04,-1.209280e-04,4.180400e-04,-2.439740e-04,6.243930e-05,1.180260e-04,4.015030e-04,-2.006340e-05,2.415560e-04,8.090520e-05,4.300450e-04,1.284230e-04,-1.567370e-05,-3.295180e-04,3.990170e-04,7.113220e-04,3.639820e-05,-3.277600e-05,-5.762750e-05,5.417020e-04,9.254590e-04,5.582440e-04,1.092130e-04,7.099950e-04,6.178380e-04,1.968870e-06,1.260280e-03,5.811920e-04,-4.056790e-04,-2.806830e-06,6.764100e-04,1.804650e-04,-1.547500e-05,4.248630e-04,2.830070e-04,-1.942630e-05,-3.025270e-04,2.999410e-04,7.153410e-04,-5.329700e-05,2.253460e-05,-1.924370e-04,6.703250e-04,1.072260e-04,-3.804220e-04,8.889680e-04,3.124430e-04,-3.765550e-04,6.338790e-04,1.015980e-03,1.113840e-03,1.174370e-04,6.632740e-04,1.112980e-03,5.424840e-03,8.094990e-04
2.604710e-05,5.395890e-05,-3.893210e-06,1.821620e-04,9.546760e-05,2.773880e-06,1.467910e-04,1.925960e-04,-4.241290e-05,3.446380e-06,-3.346370e-05,2.198760e-04,-5.561220e-06,-8.758540e-05,8.366740e-05,1.443730e-05,7.310330e-06,-5.343180e-05,-9.799780e-07,-1.595790e-04,1.239600e-04,1.605600e-06,1.115040e-04,3.985780e-05,-7.170180e-07,6.457680e-05,-1.803820e-04,-5.230410e-06,-1.052570e-05,8.521440e-05,1.198680e-05,-2.793380e-04,-1.556210e-04,-4.185520e-06,-1.041870e-08,-3.622290e-05,-7.560400e-05,2.292010e-05,-1.070290e-05,9.753730e-05,-3.137440e-04,-2.240390e-06,3.539660e-04,1.891680e-04,-1.187180e-05,9.367980e-05,-3.510630e-05,-2.970800e-04,7.633880e-04,-1.588080e-05,1.560570e-04,-2.165620e-04,-1.586110e-04,2.313220e-04,7.632360e-05,-1.657360e-05,1.278280e-04,6.196760e-04,-6.350030e-04,4.442020e-05,1.114160e-04,-2.063700e-04,-3.527180e-05,1.183860e-04,-1.387220e-04,-2.032390e-06,4.159200e-05,3.493730e-05,-4.331480e-06,1.438240e-05,-2.863500e-05,-4.076620e-04,9.152950e-05,5.213970e-05,-1.940990e-04,2.514430e-04,6.572100e-05,4.554270e-05,3.533060e-04,3.927720e-04,-5.849540e-04,8.507630e-05,-3.637960e-05,4.304510e-04,5.039180e-04,2.463770e-04,-1.612110e-05,5.915130e-05,2.156980e-04,4.638950e-04,8.214240e-04,1.341670e-03,-2.207220e-04,3.407220e-05,-7.824860e-05,2.250890e-04,1.016380e-03,-2.121820e-04,1.429500e-03,1.447200e-05,-1.112160e-05,4.666160e-04,1.352790e-03,1.292520e-03,1.886530e-04,-2.017620e-04,6.081200e-04,-2.427590e-10,5.811920e-04,2.141370e-03,8.523950e-04,-5.439640e-05,8.318330e-04,2.383070e-04,-2.279680e-05,5.979870e-05,5.530900e-04,4.134690e-05,-8.288390e-05,3.339880e-04,7.904390e-04,-5.268140e-06,-8.934320e-06,2.002660e-04,3.238930e-04,4.661090e-04,2.015460e-05,2.786460e-04,8.993710e-04,-1.660410e-04,-1.682260e-04,2.081210e-03,1.401680e-03,6.595320e-06,2.855820e-03,6.785600e-03,6.766210e-04,2.711570e-03
5.465040e-06,6.012950e-05,-2.690410e-06,2.559200e-05,9.852570e-05,4.366190e-06,1.009080e-04,3.866550e-05,3.652880e-05,-4.282580e-07,1.004890e-05,2.014550e-05,4.163950e-06,2.417630e-05,5.056950e-05,9.546740e-07,-1.282560e-04,-1.428060e-04,1.673710e-05,1.233250e-04,4.825180e-04,-1.557170e-05,2.070290e-05,-1.366160e-04,9.001950e-06,2.842880e-05,1.617640e-04,-1.898830e-05,-2.538920e-05,-1.132170e-04,1.198610e-05,1.855830e-05,-8.611880e-05,-1.842300e-04,1.357180e-05,-1.622160e-04,9.993850e-05,1.866360e-04,-7.816940e-06,5.679560e-05,1.317420e-04,-1.394210e-05,-7.432370e-05,4.251710e-04,2.970810e-05,3.226900e-04,-2.030290e-04,-3.780950e-04,4.234160e-04,1.036340e-06,-6.739960e-05,-2.651720e-04,2.528570e-04,1.252760e-03,1.650700e-05,5.002690e-05,-2.977290e-04,1.372740e-03,-6.809860e-04,-7.976500e-05,-1.119130e-04,4.729580e-04,-4.111240e-05,2.451990e-04,2.380830e-04,-3.410580e-06,5.262490e-05,3.359460e-05,-6.172390e-05,3.571620e-06,3.000530e-05,-1.718550e-04,-2.461420e-04,4.350060e-05,1.748830e-04,-1.684200e-04,7.563690e-05,1.636210e-04,2.390190e-04,-3.241670e-04,-2.318200e-04,7.805250e-05,2.554600e-05,4.841390e-04,-7.845720e-05,1.436790e-03,8.886510e-04,-8.357830e-05,-2.048190e-04,5.551480e-04,-1.088330e-04,8.829390e-04,9.411510e-04,-1.214310e-05,8.801170e-05,5.072540e-04,1.523030e-04,1.858210e-03,1.622580e-03,1.345080e-04,1.835890e-04,-1.631690e-04,1.911390e-03,2.598500e-03,-3.172360e-06,-5.117320e-04,-7.043860e-05,-2.320290e-06,-4.056790e-04,8.523950e-04,1.679230e-03,-5.421160e-05,2.016150e-04,9.615940e-04,-6.413300e-06,-1.002760e-04,5.189430e-04,5.224910e-05,2.642250e-04,4.172280e-05,-1.367760e-04,8.881590e-05,-1.930020e-04,6.045150e-04,5.423980e-04,3.016780e-04,3.074610e-04,4.730080e-04,5.464710e-04,1.425190e-04,8.266800e-04,2.121160e-03,4.966780e-04,1.598550e-04,7.053270e-04,6.954850e-04,2.755540e-03,2.689080e-03
-1.281720e-05,-4.428220e-06,-4.476800e-07,-4.591300e-06,-1.011360e-05,-3.175540e-07,-1.174260e-05,-5.590920e-06,1.402540e-05,2.963450e-07,-7.166460e-06,6.798740e-06,3.192950e-07,-6.522080e-06,-6.107360e-06,1.208990e-06,3.950730e-06,-1.572080e-05,-3.011760e-06,-5.247760e-06,-1.911830e-05,1.924310e-06,3.748920e-07,4.539520e-06,9.420990e-07,-7.588980e-06,-1.761840e-05,-3.613530e-06,3.881840e-06,3.325000e-05,8.315340e-07,1.160760e-05,1.581060e-05,3.858740e-06,2.457770e-06,1.249590e-05,9.142650e-06,2.611280e-06,-2.846420e-06,4.756140e-06,-1.457860e-06,-2.304800e-06,5.192930e-06,-1.581840e-05,-2.910350e-06,-5.238210e-06,-7.590380e-06,1.456500e-05,3.505810e-06,2.080690e-06,2.743510e-06,1.106650e-05,2.005400e-05,-2.694430e-06,-4.098170e-06,4.594240e-07,2.624730e-05,-7.831310e-06,3.901930e-05,-4.827560e-06,5.161740e-06,-8.391200e-06,4.923570e-06,-1.189960e-05,-1.128880e-06,-4.528640e-07,5.804780e-06,-7.861960e-06,-2.327390e-05,-4.578740e-06,9.594910e-06,1.629220e-05,7.242310e-06,3.173930e-06,7.536830e-06,9.189490e-06,7.591530e-06,6.148110e-06,-4.963220e-06,2.194480e-05,2.404890e-05,6.132330e-06,6.092290e-06,-1.886240e-05,1.365920e-05,-1.656160e-05,7.525410e-06,8.767630e-06,8.825380e-06,-1.376180e-05,2.536460e-05,2.274840e-05,4.897920e-06,1.688680e-07,-4.247830e-07,-1.475970e-06,3.733160e-05,-1.510230e-05,-2.148450e-05,-1.104920e-05,-3.458090e-07,3.579130e-05,3.153420e-05,3.217460e-05,-9.573470e-06,-2.212740e-05,-2.077340e-05,4.033000e-07,-2.806830e-06,-5.439640e-05,-5.421160e-05,1.845110e-05,-6.091420e-06,-5.235390e-05,-5.393310e-06,2.162380e-05,-3.031390e-05,-1.038940e-05,7.418230e-06,-2.269540e-05,-4.062610e-05,-1.537060e-06,1.870290e-05,-1.856400e-05,-1.140660e-05,-2.859440e-06,-1.089620e-05,1.303780e-06,2.216450e-05,-4.737550e-06,1.386160e-05,4.487600e-05,6.201090e-05,-9.946560e-06,6.810390e-05,1.791690e-04,1.454730e-04,-2.314490e-05
-7.967210e-05,-3.226940e-05,-2.276960e-06,1.354300e-04,1.027490e-04,-1.054790e-06,2.076560e-04,-1.657760e-05,-3.712770e-05,-2.289680e-07,2.441510e-04,2.958920e-04,-6.109320e-06,9.699750e-06,-8.583220e-05,2.343210e-05,1.195380e-04,1.835700e-05,-1.554650e-05,-2.157860e-04,-4.740460e-05,1.332180e-05,4.595590e-05,8.917280e-07,-2.410850e-06,-7.954250e-05,-2.184200e-04,-6.857030e-07,1.408720e-04,1.448230e-04,8.308650e-06,-1.979260e-04,-1.545660e-04,2.448470e-04,-8.846980e-06,-2.413740e-04,-1.548380e-04,8.540030e-06,1.434510e-05,-3.019580e-04,-1.111650e-05,-3.924310e-05,-3.467030e-05,2.001400e-04,4.144290e-06,1.313050e-04,4.952390e-05,-2.003980e-04,1.310210e-04,2.123830e-06,1.265710e-04,2.554600e-04,2.296280e-04,-7.174190e-04,7.074320e-05,2.736350e-04,2.655450e-04,-1.800630e-04,1.238440e-04,5.220150e-07,1.967890e-04,-2.164810e-04,-1.802010e-05,-6.863550e-05,1.714840e-04,-5.043510e-06,5.469140e-06,-9.079120e-05,-3.329810e-05,1.651490e-05,8.096620e-05,1.058300e-04,-3.156810e-04,4.344510e-05,-1.312790e-04,-5.070470e-05,1.076540e-04,5.972800e-05,2.987610e-04,2.968200e-04,7.301950e-04,-3.659070e-05,7.701820e-06,2.297260e-04,4.251850e-04,3.160560e-04,1.198330e-04,1.237060e-04,5.236110e-05,2.059580e-04,9.252520e-04,6.363640e-04,3.740380e-04,2.578820e-05,3.706980e-05,9.367940e-06,1.116910e-03,1.474110e-03,1.229740e-03,5.466180e-06,-2.103490e-05,2.698820e-04,8.769480e-04,1.230340e-03,1.605110e-04,-2.653540e-04,-2.131820e-04,9.176340e-06,6.764100e-04,8.318330e-04,2.016150e-04,-6.091420e-06,1.519070e-03,4.926410e-04,-7.117430e-05,9.579640e-04,7.137350e-04,-3.238950e-05,3.637760e-04,4.596410e-04,1.860670e-04,1.087600e-04,-3.281950e-04,1.085360e-04,3.230760e-04,3.039230e-04,-2.382790e-04,3.686040e-04,8.723950e-04,-1.499120e-04,1.925820e-04,1.118390e-03,9.086740e-04,1.874920e-04,1.827060e-03,4.863820e-03,4.131540e-03,2.109360e-03
-7.321700e-05,3.960600e-05,-2.546240e-06,4.219730e-05,1.734820e-04,6.836790e-06,1.370510e-04,5.766040e-05,-4.278180e-05,3.168350e-06,1.172880e-04,2.403950e-05,-6.826940e-06,6.977490e-05,8.908990e-06,9.215810e-06,-5.245930e-05,3.816430e-04,-8.761530e-06,1.710070e-04,2.532660e-05,-5.376710e-06,1.548440e-05,2.369710e-04,6.356690e-06,3.177490e-05,-1.180020e-04,-2.262410e-05,1.524980e-04,-1.480080e-05,1.120150e-05,2.062890e-05,-2.138580e-04,-8.895340e-05,5.458930e-06,-1.998280e-04,-5.156440e-05,2.781610e-04,7.716890e-06,6.321740e-06,2.363260e-04,3.643880e-05,-1.325930e-05,2.763220e-04,4.700260e-05,8.534490e-05,-2.419450e-04,1.156080e-04,-4.563530e-04,2.181560e-05,-9.619320e-05,-2.585100e-06,1.009400e-03,7.157800e-04,1.288210e-05,8.763880e-05,-1.527300e-04,9.202440e-04,6.930820e-04,-1.339910e-04,1.735040e-04,5.281510e-04,4.814470e-06,-1.253380e-04,3.231030e-04,-5.228100e-08,2.403730e-05,2.265970e-04,1.525350e-06,1.941880e-05,-4.381640e-06,-7.416180e-05,1.552060e-04,6.550390e-06,1.139150e-04,-2.367960e-04,5.013900e-05,1.765100e-04,4.309670e-04,-1.427910e-04,1.324030e-03,-4.446560e-05,1.961990e-04,2.912890e-04,3.012720e-04,1.821090e-03,1.556210e-03,-4.102660e-05,5.961310e-06,3.819360e-04,3.273150e-04,7.061350e-04,2.230750e-03,3.029650e-05,1.592440e-04,-3.469520e-04,1.535280e-04,3.973340e-03,1.602410e-03,1.367890e-04,1.313040e-04,-1.688610e-04,1.986550e-03,2.698370e-03,1.214590e-04,1.642450e-04,-2.859240e-04,3.133430e-06,1.804650e-04,2.383070e-04,9.615940e-04,-5.235390e-05,4.926410e-04,2.264950e-03,5.710190e-05,1.446450e-04,1.154750e-03,9.357980e-05,1.576050e-04,7.147010e-04,-2.368150e-04,1.601960e-04,-3.103500e-04,6.982220e-04,9.143960e-04,4.407650e-04,5.131220e-04,9.966810e-04,6.222980e-04,4.785170e-04,1.530330e-03,2.185790e-03,1.262600e-03,8.109320e-04,8.903860e-04,8.809450e-04,9.673180e-03,2.770760e-03
1.399210e-05,9.628840e-06,-1.177720e-07,-1.631640e-05,1.997030e-05,-1.587880e-07,-3.193500e-05,-4.225480e-05,-3.534010e-05,1.644550e-06,4.477970e-06,3.712280e-06,-1.189870e-05,-1.411150e-05,-1.458680e-05,-2.285240e-06,-4.653290e-05,8.471920e-05,-4.280380e-06,-1.086430e-05,-1.495130e-05,3.777240e-06,1.950900e-05,1.134290e-05,5.231330e-06,2.731520e-05,6.559370e-05,-3.794410e-06,-2.610190e-05,-1.634440e-05,-3.486960e-08,2.258080e-05,-2.775930e-07,4.253660e-05,-1.066060e-06,3.884290e-05,9.085660e-05,8.155810e-05,8.770440e-06,2.637900e-05,3.554860e-05,4.238750e-05,6.730720e-05,9.608250e-05,8.759750e-06,2.890100e-05,-1.217290e-05,-1.005910e-04,6.581970e-06,7.195580e-07,2.096060e-05,-5.323860e-05,-3.894070e-05,-8.951450e-06,3.537500e-06,-1.229830e-05,-7.947670e-05,-1.393380e-05,8.987960e-05,2.385600e-05,-3.646790e-05,-7.692780e-05,-2.930820e-05,2.265530e-05,1.776530e-05,3.314230e-07,5.229610e-06,-5.207270e-06,1.650540e-05,1.495860e-06,1.693970e-05,2.647520e-05,-2.728020e-05,-2.940680e-05,-2.081110e-05,-5.602440e-05,-3.826260e-05,1.553950e-05,7.596770e-05,5.084940e-05,9.413730e-05,-5.307490e-06,1.255680e-05,3.486620e-05,6.619060e-06,5.026050e-05,3.881670e-05,3.031400e-05,1.642950e-05,6.466080e-05,1.290090e-04,1.659670e-04,9.345090e-05,6.610810e-06,-6.002070e-06,5.857300e-06,1.853530e-04,2.844790e-04,1.507150e-04,-1.408790e-05,-7.889850e-06,1.705670e-04,3.118470e-04,2.555880e-04,6.290480e-05,9.674230e-05,4.733760e-05,5.384250e-07,-1.547500e-05,-2.279680e-05,-6.413300e-06,-5.393310e-06,-7.117430e-05,5.710190e-05,1.228260e-04,-9.592260e-05,5.469940e-06,5.850290e-05,-4.336290e-05,1.128060e-04,1.965810e-04,-1.908910e-05,-2.900720e-05,4.638520e-05,8.154010e-05,8.668760e-05,4.844770e-05,1.739300e-04,6.845680e-05,4.260080e-05,1.524600e-04,1.951010e-04,1.130670e-05,1.292360e-04,2.116900e-04,2.768160e-04,4.672180e-04,2.834980e-04
-4.992570e-05,-1.198820e-04,-3.433850e-07,9.959140e-07,6.323910e-05,7.507600e-07,6.895440e-05,-1.058880e-05,9.406700e-05,-9.019080e-06,3.311800e-04,2.459030e-04,1.420290e-05,1.056420e-04,-2.065260e-04,1.606650e-05,5.311280e-05,6.390300e-04,-4.644690e-05,1.879340e-05,-6.983440e-04,5.026050e-05,1.396660e-04,1.996410e-04,-2.910640e-05,-2.558340e-05,8.703710e-06,3.181400e-05,1.713470e-04,4.551630e-04,1.604350e-06,1.237090e-04,-8.992860e-05,7.372080e-05,-3.392540e-06,3.926830e-05,-8.650330e-05,-2.323580e-04,3.181980e-05,-4.293550e-04,-1.476900e-04,-6.265380e-05,-1.275870e-04,1.160820e-04,4.429400e-05,-1.948250e-05,2.029740e-04,9.521650e-06,5.433890e-05,3.775930e-05,1.239650e-04,1.057950e-04,1.112150e-04,8.824700e-04,-9.016500e-05,-1.291110e-04,1.627560e-04,9.330020e-05,5.274800e-04,7.910440e-05,-9.309600e-05,-1.484470e-03,-1.604870e-05,-2.147870e-04,-4.105380e-05,-2.972100e-06,-2.008620e-04,-3.868490e-05,1.198500e-04,7.311810e-06,-1.801830e-04,-1.148310e-04,-5.525640e-05,3.249110e-05,-8.227050e-05,-5.622380e-05,1.320260e-04,-3.980920e-04,2.497370e-04,6.130950e-04,4.865820e-04,-5.857790e-05,1.277370e-04,-1.591450e-04,-2.074980e-04,-6.873430e-05,9.025320e-05,7.243150e-05,1.740300e-04,6.979730e-04,2.400960e-04,1.032000e-04,-6.156240e-04,2.769510e-04,3.557260e-05,2.252760e-04,8.708220e-04,5.683020e-04,4.867370e-04,2.329470e-05,4.505960e-04,1.384460e-03,2.734450e-03,7.393100e-04,1.729020e-04,-2.282460e-04,1.480430e-04,9.095030e-06,4.248630e-04,5.979870e-05,-1.002760e-04,2.162380e-05,9.579640e-04,1.446450e-04,-9.592260e-05,2.640860e-03,9.403110e-04,-1.422960e-04,9.234960e-04,1.996870e-04,-3.206970e-04,1.628260e-04,8.409000e-04,-1.830240e-04,2.182470e-04,4.928350e-04,-7.327670e-04,5.037970e-04,4.774340e-04,-7.067310e-04,1.022050e-03,1.270320e-03,1.108340e-03,-2.289630e-04,-1.938330e-04,-1.638440e-03,4.745480e-03,2.222600e-03
-4.790040e-05,-2.211170e-05,6.909870e-07,6.126620e-06,1.267260e-04,6.955020e-06,4.414830e-05,8.805800e-05,1.120820e-07,-8.447970e-06,1.689660e-04,-1.042920e-05,2.688760e-05,6.356940e-05,2.109460e-05,-2.735420e-05,4.724880e-05,4.624160e-04,-9.312970e-06,8.196400e-05,-2.381430e-04,2.214450e-05,1.365690e-04,3.601600e-04,-1.996700e-05,-9.414430e-05,-4.503450e-04,1.072670e-05,1.475980e-04,2.219050e-04,1.950850e-06,8.818040e-05,-1.400010e-04,-1.486460e-04,2.847600e-06,-2.788040e-05,-1.527810e-06,3.552740e-04,2.707130e-05,-6.797470e-05,-5.750210e-05,-1.129970e-05,-5.219930e-05,1.891440e-04,1.204760e-04,-7.857770e-06,-6.065860e-04,-4.339390e-04,1.133940e-03,-1.652050e-05,5.001090e-05,-4.793150e-05,9.336270e-04,-7.767300e-04,1.453180e-04,-9.862440e-05,3.658800e-04,-4.377090e-04,2.284720e-04,-5.925730e-05,4.594830e-04,-4.189770e-04,-2.547100e-05,-1.592380e-04,2.236070e-04,3.188400e-06,-1.057010e-04,1.908950e-04,1.894350e-04,2.154610e-05,-4.712040e-05,-3.187890e-04,-2.093210e-04,2.748270e-05,1.217420e-05,4.874120e-04,4.832370e-05,1.208870e-05,5.105970e-04,-1.323990e-04,1.499070e-03,-6.626280e-05,3.229540e-04,4.894910e-04,3.767680e-04,6.441570e-04,5.678040e-05,1.108350e-04,6.935530e-05,4.141980e-04,1.770600e-03,4.453070e-04,3.833740e-04,1.902610e-04,-1.757920e-04,4.503210e-05,1.790980e-03,2.480740e-03,1.293690e-03,2.039040e-04,2.810130e-05,1.009140e-03,2.553540e-03,2.052470e-03,1.604180e-04,3.315900e-05,-2.340240e-04,5.135910e-06,2.830070e-04,5.530900e-04,5.189430e-04,-3.031390e-05,7.137350e-04,1.154750e-03,5.469940e-06,9.403110e-04,2.369340e-03,1.549000e-04,4.110230e-04,1.001470e-03,-2.917540e-04,1.708110e-04,1.781070e-04,1.300520e-03,8.969960e-04,7.938450e-04,7.073290e-05,4.623190e-04,9.095020e-04,2.259180e-04,5.897570e-04,6.175710e-04,2.661950e-03,2.085480e-04,1.600400e-03,4.660950e-03,6.751820e-03,3.351470e-03
8.189310e-06,3.216100e-05,1.457780e-06,2.039290e-06,1.525410e-05,4.786440e-07,3.667300e-06,5.765150e-05,-1.035210e-05,-7.322390e-06,-5.538070e-05,9.011880e-05,9.733080e-06,9.765900e-06,7.489670e-05,-2.431540e-05,2.381190e-06,-7.786380e-05,-3.846250e-07,-1.610740e-06,8.018880e-05,9.179070e-06,-6.891350e-05,3.826880e-05,-4.448740e-06,1.069760e-04,6.682890e-05,-1.162570e-05,-6.728770e-06,-1.221300e-05,-3.563010e-06,-2.971860e-05,3.000680e-05,3.361840e-05,-1.988000e-06,1.658360e-05,-5.368480e-06,2.222840e-05,3.533400e-05,6.094350e-05,4.424120e-05,2.300180e-06,2.480860e-05,-6.421040e-05,6.678700e-05,7.535430e-05,-4.230190e-05,2.371540e-04,-8.583040e-05,-7.073790e-06,1.049590e-06,-1.051480e-04,-5.830190e-06,2.930760e-05,3.007760e-05,-1.414480e-05,3.340340e-06,9.556610e-05,-1.628410e-04,1.884090e-05,-3.320790e-05,3.401990e-04,-2.303350e-05,2.887550e-05,1.978810e-05,3.689300e-06,2.080590e-05,6.505240e-05,-1.749590e-06,8.988460e-06,6.438490e-05,2.082000e-05,6.050390e-06,-3.180580e-05,6.624450e-05,-5.745080e-07,-4.240830e-05,3.314380e-05,-6.362290e-06,4.775510e-05,-1.238590e-04,3.432730e-06,2.855250e-05,1.239520e-04,2.504640e-04,2.693520e-04,2.163620e-04,2.105200e-05,1.797800e-05,1.269360e-04,2.412620e-05,4.430160e-05,1.813410e-04,5.711620e-05,4.267270e-05,1.586450e-04,6.960370e-05,3.411740e-04,2.903710e-04,4.239000e-05,3.211820e-05,1.845590e-04,3.939820e-04,4.641630e-04,-4.243410e-06,2.152040e-05,1.930370e-05,1.103700e-06,-1.942630e-05,4.134690e-05,5.224910e-05,-1.038940e-05,-3.238950e-05,9.357980e-05,5.850290e-05,-1.422960e-04,1.549000e-04,2.803660e-04,-3.807490e-05,1.401970e-04,2.382400e-04,-5.968720e-07,-1.544760e-05,2.246770e-04,3.697360e-04,1.334410e-04,1.372220e-04,1.822650e-04,1.927230e-04,1.088860e-04,4.028290e-04,9.802080e-04,5.985270e-04,1.103230e-04,5.873750e-04,1.143140e-03,2.376070e-03,8.354730e-04
6.754160e-05,2.076190e-05,-3.258940e-07,4.170700e-05,1.022570e-05,2.396250e-06,2.517260e-05,7.903930e-05,8.099460e-05,-7.745910e-06,2.845170e-04,1.470100e-04,6.228970e-06,1.431260e-04,1.207730e-04,1.436630e-05,1.425220e-04,1.220090e-04,-9.984580e-06,1.513810e-04,4.574560e-04,9.824320e-06,-7.668300e-06,-9.409380e-05,-4.702630e-06,-7.955140e-05,1.477190e-04,-4.772360e-06,-4.476720e-05,9.087400e-05,4.226000e-06,8.550760e-05,1.486050e-04,5.989420e-05,5.043600e-07,-1.731140e-04,-3.092390e-05,6.358370e-05,2.111400e-05,-2.017080e-04,-6.905780e-05,-6.615120e-06,-4.155790e-04,5.435810e-05,5.071150e-05,-1.214260e-04,-2.271620e-04,7.163110e-06,5.590580e-04,1.851680e-06,-9.474480e-05,3.739850e-05,3.402720e-04,1.010390e-03,-2.381360e-05,1.555080e-04,4.969390e-05,6.267070e-04,1.612180e-04,-3.198810e-05,3.248290e-05,1.146530e-04,2.524520e-05,1.325140e-04,2.044050e-04,-2.798710e-06,-5.744750e-05,-6.856740e-05,-1.664520e-05,9.422330e-06,-8.596530e-05,4.823230e-06,-6.701320e-05,2.928340e-05,6.859730e-06,-1.592830e-04,8.752810e-05,2.226920e-04,1.621500e-04,-7.090310e-05,-5.653210e-05,3.400950e-05,-7.565860e-06,-7.352990e-05,-1.306950e-04,3.931830e-04,3.999540e-04,6.246490e-05,-1.406240e-04,-2.824160e-05,-1.587640e-04,4.273750e-04,2.845450e-04,1.060310e-04,5.724550e-05,8.395790e-05,2.974550e-04,1.071360e-03,1.802480e-03,1.712660e-04,1.335720e-04,4.337950e-04,1.117790e-03,1.390960e-03,1.227600e-04,-1.926350e-04,-1.367960e-04,6.621870e-06,-3.025270e-04,-8.288390e-05,2.642250e-04,7.418230e-06,3.637760e-04,1.576050e-04,-4.336290e-05,9.234960e-04,4.110230e-04,-3.807490e-05,1.727050e-03,9.325730e-04,-4.684260e-05,1.226380e-04,1.095410e-03,9.216900e-04,3.810860e-04,2.801960e-04,5.982660e-04,6.012570e-04,5.203960e-04,-5.652340e-05,6.867700e-04,1.504650e-03,4.430500e-04,1.738740e-04,4.554480e-04,3.225380e-04,1.256130e-03,3.186100e-03
9.402210e-05,2.963080e-05,2.274470e-06,9.088030e-05,1.196280e-04,6.505490e-06,-1.616290e-07,2.183210e-04,-5.385420e-05,-2.982940e-06,2.745650e-04,2.786830e-04,-4.297150e-06,6.413530e-05,-2.841720e-05,1.517460e-05,2.905990e-04,3.608280e-04,6.216080e-06,3.648220e-05,7.391940e-04,-9.956340e-06,1.067160e-04,2.621920e-04,-6.263460e-06,-1.540840e-04,-2.703370e-04,-7.667430e-06,3.053930e-05,3.141210e-04,-7.795200e-07,-1.626300e-05,2.778120e-05,1.841020e-04,-8.694010e-06,-1.448470e-04,5.228630e-05,5.627680e-04,2.560210e-05,-6.799300e-05,2.610340e-04,7.023090e-05,7.931350e-05,-1.142380e-06,8.942710e-05,-2.252650e-04,-7.494430e-04,-3.979540e-05,2.530210e-05,2.802140e-05,-1.665950e-04,1.650700e-04,9.450090e-04,1.017940e-03,4.706100e-05,1.951680e-04,1.135350e-05,6.746530e-04,3.350760e-04,-9.654410e-05,4.249630e-04,9.896280e-04,-9.971710e-06,-5.406010e-05,1.914790e-04,8.439380e-06,1.176050e-04,2.591570e-04,6.300140e-05,3.648500e-05,6.104930e-06,9.263430e-06,1.486130e-04,2.202380e-05,-1.245030e-04,6.281660e-05,2.749460e-05,2.668020e-04,8.837310e-04,8.094280e-04,1.172520e-03,-2.900090e-07,6.849290e-06,1.206110e-04,5.349230e-04,1.070140e-03,1.089040e-03,2.656720e-04,1.797120e-05,1.113140e-04,8.269890e-04,1.525260e-03,2.698610e-03,1.245450e-04,1.917170e-04,-2.580540e-04,5.364160e-04,4.356580e-03,4.139340e-03,2.291080e-04,3.635230e-04,4.754160e-04,2.331290e-03,3.172880e-03,2.493140e-04,1.968660e-04,-3.131240e-04,1.415470e-05,2.999410e-04,3.339880e-04,4.172280e-05,-2.269540e-05,4.596410e-04,7.147010e-04,1.128060e-04,1.996870e-04,1.001470e-03,1.401970e-04,9.325730e-04,3.291700e-03,2.319780e-03,-1.460220e-04,5.953780e-04,2.603180e-03,2.566640e-03,2.079540e-04,1.292730e-03,2.587470e-03,7.629510e-04,4.952130e-04,1.307890e-03,3.200950e-03,1.859300e-03,3.228140e-04,2.022100e-03,4.557300e-03,1.034770e-02,4.917330e-03
4.509820e-05,8.062900e-05,4.816400e-06,1.541850e-04,9.989960e-05,6.986960e-06,2.042370e-05,1.904490e-04,1.351820e-04,1.789430e-06,2.843200e-04,9.103490e-05,-3.712540e-05,-2.132750e-04,1.961540e-04,3.872270e-05,3.482140e-04,-4.070130e-04,-2.299500e-06,-2.580780e-04,8.419680e-04,-3.229050e-05,1.710270e-04,-3.910440e-04,2.105390e-05,9.794700e-06,-1.494990e-04,-5.727310e-06,1.121010e-04,2.596990e-04,-6.902870e-06,-2.579340e-04,3.245130e-04,8.030170e-05,-1.563730e-05,-9.236890e-05,1.274220e-04,8.494200e-05,2.931600e-05,-4.001990e-05,5.678960e-04,1.728050e-04,6.722100e-04,-4.968140e-05,5.552880e-05,-9.593670e-05,8.961330e-04,7.289840e-04,-3.716020e-04,8.019560e-05,-8.640980e-05,1.394840e-03,3.300000e-05,1.806730e-03,-1.020200e-05,1.596000e-04,4.487490e-04,5.314980e-04,4.032240e-04,-2.223540e-05,3.965360e-04,1.212030e-03,-5.728960e-05,1.919750e-06,-5.988970e-06,1.291100e-05,3.230880e-04,-7.148720e-06,5.154090e-04,3.579840e-05,-2.858190e-05,3.935100e-04,6.543670e-04,3.419370e-06,-1.488240e-04,6.203480e-04,-8.649970e-05,3.618890e-04,1.124710e-04,1.918560e-03,-3.252280e-04,-3.203710e-05,-2.400590e-04,-2.809040e-04,1.245100e-03,8.385450e-04,1.535220e-03,1.857920e-04,2.521790e-04,-8.151660e-04,1.965120e-04,3.307370e-03,3.879240e-03,1.091050e-04,2.965740e-04,2.659010e-04,7.353730e-05,3.823120e-03,4.139710e-03,1.792590e-04,2.661910e-04,4.460970e-04,1.577210e-03,4.780850e-03,1.580940e-04,-1.982980e-04,5.030420e-04,1.232030e-05,7.153410e-04,7.904390e-04,-1.367760e-04,-4.062610e-05,1.860670e-04,-2.368150e-04,1.965810e-04,-3.206970e-04,-2.917540e-04,2.382400e-04,-4.684260e-05,2.319780e-03,5.821490e-03,7.258690e-05,5.214480e-04,1.483930e-03,3.292390e-03,1.285140e-05,1.159000e-03,3.427710e-03,6.643020e-04,9.342710e-04,1.210680e-03,4.356020e-03,2.243480e-03,6.962120e-04,3.805380e-03,7.804180e-03,8.069680e-03,5.466060e-03
4.058330e-05,3.144840e-05,1.912840e-06,8.857860e-06,3.545550e-05,-1.131890e-06,5.300740e-06,3.662480e-05,2.140530e-04,4.443160e-06,8.172160e-07,-2.302310e-04,-2.556820e-05,1.320240e-04,5.435330e-05,3.186070e-05,-8.232690e-05,-1.497860e-04,-1.432380e-05,-1.045630e-05,-4.736290e-05,-1.058660e-05,1.403280e-05,-3.047350e-05,-1.931240e-05,1.213620e-04,-5.285240e-05,2.635940e-05,-3.200910e-05,-5.415160e-05,-8.172020e-07,1.501550e-05,4.080980e-05,1.266220e-04,-7.207570e-06,-3.709210e-05,4.307660e-06,2.133420e-05,-2.244390e-05,2.248700e-05,-8.224500e-05,1.136890e-04,-5.017980e-05,1.323920e-04,7.082060e-07,1.116350e-04,2.598850e-04,6.026170e-04,7.603540e-04,2.561530e-05,1.590300e-05,8.696060e-05,4.091040e-04,3.324090e-04,8.321920e-06,8.128460e-06,-5.320630e-06,2.501460e-04,1.114810e-04,2.291420e-05,-4.525940e-06,-3.995230e-04,-4.646780e-05,8.246390e-05,8.215660e-05,2.031710e-06,-2.512310e-05,5.107030e-05,-8.027880e-06,1.323250e-05,8.111880e-06,1.000300e-04,5.685250e-05,3.701990e-05,1.599250e-04,2.922550e-05,-2.303950e-05,1.173130e-04,1.206270e-04,-3.490320e-04,-6.919960e-04,-1.118270e-04,1.774430e-04,3.152220e-04,1.265840e-04,3.761160e-04,3.738650e-05,-4.917490e-05,1.790890e-05,3.655220e-04,3.389210e-04,1.833900e-04,-2.285040e-05,1.505070e-04,3.764230e-05,1.534800e-04,4.735430e-04,3.644350e-04,6.712530e-04,9.583780e-05,1.477060e-04,2.296130e-04,1.110580e-03,1.381070e-03,-3.567860e-05,9.874430e-05,7.955320e-05,9.241980e-07,-5.329700e-05,-5.268140e-06,8.881590e-05,-1.537060e-06,1.087600e-04,1.601960e-04,-1.908910e-05,1.628260e-04,1.708110e-04,-5.968720e-07,1.226380e-04,-1.460220e-04,7.258690e-05,1.035760e-03,-7.987200e-05,-1.320890e-04,-1.943100e-04,1.626240e-04,-8.136550e-05,8.606910e-05,5.590310e-04,3.322690e-05,2.416940e-04,2.410440e-04,6.031360e-04,6.900860e-04,1.585960e-03,2.558990e-03,3.424260e-03,1.200760e-03
3.486370e-05,4.109760e-06,-7.912410e-07,-6.849070e-05,-1.709300e-05,5.119850e-06,-1.371580e-04,9.192820e-05,1.346920e-04,-4.386800e-06,1.325540e-04,-2.529620e-05,-2.173880e-06,5.198290e-05,4.110470e-04,2.443050e-05,1.612020e-04,1.604110e-04,-1.720790e-05,1.087610e-04,-6.549160e-05,1.915600e-05,1.184700e-04,-1.092490e-05,-8.622870e-06,7.687310e-05,4.467040e-05,1.056850e-05,1.082840e-04,2.180740e-04,3.123370e-07,1.901710e-04,2.322610e-04,-2.258520e-04,4.816620e-06,2.351270e-04,6.719140e-05,-4.133260e-04,2.143800e-05,1.083120e-04,-2.382840e-04,4.100530e-05,-4.506990e-05,-5.829120e-04,-2.074280e-05,-3.490140e-04,2.692650e-04,2.994760e-04,-2.488900e-06,3.905420e-05,-1.369010e-04,2.436620e-04,-3.519280e-04,1.523660e-03,-9.586630e-05,-2.694550e-04,4.406530e-04,1.318590e-04,5.782880e-04,1.247170e-05,1.644030e-05,-4.281250e-04,6.648500e-05,-2.140200e-04,-1.948350e-04,3.993570e-06,-2.051730e-05,-1.167030e-04,2.643230e-04,-2.841820e-07,-1.891060e-04,-3.289150e-05,7.285130e-04,4.653210e-06,-2.741360e-04,3.898600e-04,2.262260e-05,-3.347810e-04,-3.621540e-04,4.928280e-04,-3.984540e-04,1.525590e-04,8.752630e-05,-3.480330e-04,1.673400e-05,-5.580350e-04,2.812880e-04,4.319220e-05,3.014800e-04,-1.460940e-04,-4.290660e-04,8.415690e-04,1.732190e-04,2.921550e-04,4.127610e-05,7.508340e-05,1.786040e-04,-3.521960e-04,1.273290e-03,1.256590e-04,8.726780e-05,8.576620e-04,1.337780e-03,6.938240e-04,1.581950e-04,-5.879550e-05,7.931290e-04,2.385490e-06,2.253460e-05,-8.934320e-06,-1.930020e-04,1.870290e-05,-3.281950e-04,-3.103500e-04,-2.900720e-05,8.409000e-04,1.781070e-04,-1.544760e-05,1.095410e-03,5.953780e-04,5.214480e-04,-7.987200e-05,2.336160e-03,8.707560e-04,6.156260e-04,3.280100e-04,9.591520e-04,9.646340e-04,-2.442840e-04,3.651310e-04,1.043300e-03,1.387980e-03,9.100740e-04,-4.235180e-04,1.207870e-04,-1.717480e-04,1.124040e-03,2.413990e-03
2.129400e-04,6.276130e-05,2.629130e-06,1.778220e-05,1.787950e-04,7.011300e-06,-2.144490e-06,2.191240e-04,-1.334330e-06,-2.191010e-06,1.997950e-04,2.632480e-04,-3.100760e-06,1.195330e-04,2.427810e-04,1.804000e-05,1.635190e-04,8.944160e-05,3.653280e-05,2.251570e-04,8.389400e-04,-1.952880e-05,-2.579850e-05,2.381720e-04,-1.803110e-06,-6.700510e-05,-2.084440e-04,-1.806820e-05,-7.486600e-05,1.879270e-04,2.005640e-07,2.326720e-05,-1.040860e-04,5.120580e-05,1.917260e-06,-1.666310e-04,1.676380e-04,5.769520e-04,1.810960e-05,1.460070e-05,3.593490e-04,6.412450e-05,-9.793970e-05,8.617940e-05,5.613810e-05,8.099250e-05,-1.106580e-03,-4.134230e-04,5.334180e-04,8.267350e-06,-2.199260e-04,-2.211650e-05,1.009930e-03,4.307830e-04,1.601310e-04,1.778650e-04,1.972570e-04,5.920080e-04,-1.417150e-04,-9.975460e-05,4.663290e-04,1.586270e-03,-1.991610e-05,9.270450e-05,3.168060e-04,1.093490e-05,2.320960e-04,4.393210e-04,9.507850e-05,2.786220e-05,2.170270e-04,1.382000e-04,-3.093050e-04,7.239860e-05,1.824090e-04,-2.113050e-04,6.105440e-05,1.456950e-04,3.420850e-04,-2.020120e-04,1.041770e-03,2.026950e-04,-2.092850e-05,8.483070e-04,6.983730e-04,1.320630e-03,9.697880e-04,3.040240e-04,-3.182620e-04,5.158010e-05,1.002550e-03,8.665660e-04,2.628660e-03,3.013960e-04,1.207580e-04,3.879130e-04,8.957800e-04,5.015190e-03,3.730040e-03,4.371260e-04,-5.060690e-06,1.232280e-04,3.150830e-03,4.128650e-03,1.424480e-04,9.336210e-05,-6.097520e-04,1.077580e-05,-1.924370e-04,2.002660e-04,6.045150e-04,-1.856400e-05,1.085360e-04,6.982220e-04,4.638520e-05,-1.830240e-04,1.300520e-03,2.246770e-04,9.216900e-04,2.603180e-03,1.483930e-03,-1.320890e-04,8.707560e-04,5.054430e-03,4.046040e-03,-1.178150e-04,2.055460e-03,2.891150e-03,5.780170e-04,1.217750e-03,2.155810e-03,3.101120e-03,2.279830e-03,-3.019170e-04,2.199970e-03,5.928590e-03,1.137450e-02,5.694980e-03
8.630590e-05,8.023580e-05,5.028450e-06,8.213280e-05,3.159740e-04,1.117300e-05,1.042260e-04,2.431640e-04,2.337200e-04,2.658340e-06,3.927140e-04,2.569240e-04,2.759660e-06,-3.103930e-04,2.734910e-04,-1.493540e-05,4.137500e-04,2.565140e-04,5.310880e-05,-1.045800e-04,5.839690e-04,-1.810220e-05,1.103690e-04,2.225980e-04,-2.058100e-06,-3.478240e-05,-5.695900e-05,-1.165250e-05,2.004700e-04,4.078230e-04,-6.022800e-06,-1.213450e-04,-7.573760e-05,-6.044060e-05,4.717180e-06,-1.224960e-04,2.600530e-04,-1.692550e-04,4.249660e-05,-3.626040e-05,1.159300e-03,4.751050e-05,6.907000e-04,3.837730e-05,1.826360e-04,1.114970e-04,-3.667490e-04,3.175450e-04,-1.163380e-03,8.778260e-05,-1.215310e-04,6.149220e-04,9.181520e-06,2.951890e-03,8.053720e-05,1.202020e-04,5.902990e-04,1.519900e-03,1.446260e-03,-2.182280e-05,3.477230e-04,1.082670e-03,4.131910e-05,-2.134360e-04,2.291320e-04,2.129100e-05,3.724790e-04,4.790230e-04,6.147960e-04,2.623400e-05,1.855500e-05,6.780600e-04,5.807550e-04,6.959700e-05,-1.460980e-04,3.930410e-04,8.391310e-05,2.605520e-04,4.751950e-04,1.287450e-03,5.049310e-04,1.631090e-04,-1.059670e-04,3.777570e-04,1.679760e-03,2.913490e-03,2.237770e-03,2.099230e-04,2.522030e-04,6.322980e-04,3.722300e-04,2.048410e-03,3.533910e-03,6.331030e-04,4.112950e-04,3.523610e-04,9.318100e-04,5.319030e-03,3.528840e-03,5.340760e-04,7.117170e-04,7.166660e-04,5.380330e-03,7.203960e-03,-1.214590e-05,1.910930e-04,1.749280e-04,1.196010e-05,6.703250e-04,3.238930e-04,5.423980e-04,-1.140660e-05,3.230760e-04,9.143960e-04,8.154010e-05,2.182470e-04,8.969960e-04,3.697360e-04,3.810860e-04,2.566640e-03,3.292390e-03,-1.943100e-04,6.156260e-04,4.046040e-03,6.902040e-03,1.937730e-04,1.166690e-03,6.263230e-03,6.863470e-04,1.860180e-04,5.755810e-03,8.555150e-03,3.795640e-03,-1.149670e-05,3.001460e-03,4.798110e-03,2.495850e-02,7.450310e-03
3.688930e-05,1.643300e-05,3.119290e-06,-2.090970e-05,1.239500e-04,6.445670e-06,6.644690e-05,1.865280e-04,3.677380e-06,1.009850e-05,-7.667600e-06,1.925370e-04,1.942350e-06,-6.217780e-06,-2.564480e-04,-2.976160e-05,3.496600e-05,4.023250e-04,5.666320e-06,-1.308050e-04,-4.300410e-04,5.187180e-06,5.421450e-05,7.097250e-05,1.566870e-05,-2.014800e-04,1.567450e-04,-9.308920e-06,5.828160e-05,9.158270e-05,-4.756570e-06,1.074860e-04,-3.956890e-06,-2.037110e-04,6.504750e-06,4.751580e-05,8.150090e-05,7.806700e-05,-2.770070e-06,1.161070e-04,-3.740040e-05,2.173640e-05,5.065140e-05,3.605880e-04,1.645650e-04,1.224780e-04,3.953930e-04,-8.783580e-05,9.956720e-04,2.732060e-05,1.606510e-04,5.535430e-05,4.470520e-04,1.106280e-04,1.708600e-04,9.178510e-05,1.506610e-04,-2.854480e-04,4.274380e-04,-4.361120e-06,2.122070e-04,-6.863390e-04,4.108060e-05,2.959960e-06,1.761170e-04,8.416590e-06,-1.418290e-04,5.097040e-05,3.889940e-04,7.722680e-06,-1.153910e-04,1.779680e-05,3.810600e-04,2.014930e-05,5.314780e-05,5.222720e-04,4.825480e-05,7.902170e-05,4.841390e-04,4.542520e-04,6.547690e-04,-8.646890e-05,3.300280e-04,2.731360e-04,2.548600e-04,-1.693680e-04,1.233010e-04,-1.337990e-04,2.394270e-04,1.849720e-04,9.522090e-04,5.371560e-04,2.903270e-04,1.582890e-04,8.219920e-05,1.768240e-04,1.765720e-03,1.336610e-03,1.538980e-03,2.164300e-05,7.976460e-05,1.526190e-03,2.075500e-03,2.528300e-03,1.309150e-04,1.891160e-04,3.572810e-04,3.888900e-07,1.072260e-04,4.661090e-04,3.016780e-04,-2.859440e-06,3.039230e-04,4.407650e-04,8.668760e-05,4.928350e-04,7.938450e-04,1.334410e-04,2.801960e-04,2.079540e-04,1.285140e-05,1.626240e-04,3.280100e-04,-1.178150e-04,1.937730e-04,1.898900e-03,4.181220e-05,-2.711220e-04,1.229810e-03,3.157830e-04,3.068720e-04,1.638020e-03,2.512730e-03,5.544470e-04,2.190530e-03,5.965100e-03,4.437230e-03,3.785980e-03
1.429660e-04,8.488020e-05,-1.757310e-06,-1.826410e-05,4.290710e-05,5.594430e-06,-6.413910e-05,1.359850e-04,-6.439280e-05,5.534690e-06,5.549150e-05,1.335940e-04,-2.923360e-05,8.322120e-05,2.630210e-04,4.747790e-05,1.519660e-04,-1.730930e-04,1.166430e-05,6.752210e-05,8.070460e-04,-2.291590e-05,-5.015640e-05,-8.875050e-06,2.126530e-05,6.986290e-05,1.482180e-05,-3.447070e-05,-4.145950e-05,-1.227160e-04,6.309580e-06,7.285430e-05,1.032820e-04,-1.123610e-04,2.673780e-06,-2.017910e-05,-5.165650e-06,2.676380e-04,-6.765830e-07,1.379640e-04,-1.208890e-04,1.079860e-04,-1.554690e-04,-7.912870e-05,-5.932130e-05,-1.100340e-04,-3.301780e-04,-9.644050e-05,1.243870e-04,1.206050e-05,-2.433400e-04,-7.571460e-05,5.836730e-04,-1.471950e-04,3.258260e-05,1.693440e-04,-3.109920e-04,1.050130e-04,-2.492530e-04,3.134730e-05,2.119710e-04,1.499590e-03,8.099370e-05,1.603000e-04,2.139040e-04,5.237940e-06,1.199190e-04,1.326400e-04,1.053190e-05,1.563970e-05,1.702410e-04,1.875080e-04,2.871600e-04,2.056820e-05,1.717710e-04,-8.974260e-05,-6.232630e-06,1.837450e-04,-1.898000e-04,-1.656100e-04,4.497250e-04,1.846460e-04,-8.047960e-05,1.087990e-04,5.403060e-04,7.429240e-04,7.289710e-04,1.081050e-04,-7.981280e-05,-4.548570e-04,3.997310e-04,1.071860e-03,1.953100e-03,1.898300e-04,2.761890e-04,1.690900e-04,-2.992020e-05,2.124660e-03,2.176330e-03,1.864610e-04,-3.159110e-04,-6.404560e-04,-9.020180e-05,1.867320e-03,2.471240e-04,-9.434550e-05,-2.769270e-04,8.032710e-06,-3.804220e-04,2.015460e-05,3.074610e-04,-1.089620e-05,-2.382790e-04,5.131220e-04,4.844770e-05,-7.327670e-04,7.073290e-05,1.372220e-04,5.982660e-04,1.292730e-03,1.159000e-03,-8.136550e-05,9.591520e-04,2.055460e-03,1.166690e-03,4.181220e-05,2.541390e-03,1.327110e-03,5.872740e-05,2.172770e-03,7.962490e-04,1.325530e-03,1.197440e-03,3.850150e-04,2.186150e-03,6.118110e-03,2.761520e-03,3.198270e-03
8.108500e-05,9.469270e-05,-6.450030e-07,1.582910e-04,3.830050e-04,7.808220e-06,3.135770e-05,1.574220e-04,4.478350e-04,7.337620e-06,5.428220e-04,1.045810e-06,-2.335950e-05,-3.936410e-04,5.719780e-04,1.722980e-05,2.974180e-04,1.154550e-04,4.505720e-05,4.788700e-07,8.574610e-04,6.157080e-06,2.310780e-04,4.913450e-04,-1.767220e-05,3.228830e-04,-1.130470e-04,1.096360e-05,2.976550e-04,4.184390e-04,8.525630e-06,-8.911260e-05,8.152010e-06,1.786620e-04,7.700760e-07,2.686430e-05,2.289490e-04,-3.849830e-04,3.848770e-05,7.720460e-05,1.085010e-03,1.340170e-04,9.941390e-04,1.285480e-04,1.208180e-04,2.158680e-05,1.515450e-04,6.972220e-04,-2.157800e-03,1.459170e-04,-1.365830e-04,9.086430e-04,-6.027590e-04,4.088500e-03,-1.073740e-04,-7.377240e-05,-4.896790e-05,1.878290e-03,1.877890e-03,3.299010e-04,-4.790790e-05,9.507240e-04,4.002370e-05,-1.542850e-04,1.931850e-04,1.616460e-05,3.328060e-04,4.063720e-04,5.809870e-04,2.849890e-05,3.662080e-05,9.670560e-04,1.066240e-03,6.350750e-05,-3.531350e-04,5.464060e-04,1.340420e-04,3.039880e-04,1.022000e-03,1.648690e-03,3.443330e-04,2.206240e-04,-1.412190e-04,2.291050e-04,1.519130e-03,3.815660e-03,3.051400e-03,3.152730e-04,4.994950e-04,1.237630e-03,3.491040e-04,4.224450e-03,4.332500e-03,5.741480e-04,5.813170e-04,1.041360e-04,6.742180e-04,5.227280e-03,3.895380e-03,5.213650e-04,1.216900e-03,5.176680e-04,6.981380e-03,7.637580e-03,3.931970e-04,3.005660e-04,5.418180e-04,2.137790e-05,8.889680e-04,2.786460e-04,4.730080e-04,1.303780e-06,3.686040e-04,9.966810e-04,1.739300e-04,5.037970e-04,4.623190e-04,1.822650e-04,6.012570e-04,2.587470e-03,3.427710e-03,8.606910e-05,9.646340e-04,2.891150e-03,6.263230e-03,-2.711220e-04,1.327110e-03,8.979530e-03,1.389250e-03,1.219180e-04,8.470980e-03,1.094820e-02,3.209590e-03,1.134150e-03,3.476940e-03,1.728650e-03,2.993640e-02,8.187600e-03
1.210250e-04,3.982300e-05,-3.579640e-07,2.987410e-04,3.400460e-04,3.162610e-06,6.031100e-05,4.556480e-04,1.777770e-04,1.163510e-05,1.604950e-04,-9.979980e-05,6.716130e-06,7.393270e-05,2.150460e-04,-1.544570e-05,-2.848810e-04,-1.176440e-04,-1.450000e-05,2.018890e-04,6.089200e-04,3.215800e-05,-3.070100e-05,1.074920e-04,2.823030e-07,2.174830e-04,-2.647580e-04,-1.334990e-05,3.973320e-05,3.435970e-04,1.175820e-05,-2.159300e-04,-1.804750e-04,3.555470e-04,-2.074060e-06,-5.090310e-05,-1.146010e-04,7.724390e-04,-2.076140e-05,8.676810e-05,3.157600e-04,6.550640e-05,3.433010e-04,9.626410e-04,1.602670e-04,2.694220e-04,4.490970e-04,1.275430e-03,1.571950e-03,8.582220e-05,4.089000e-04,6.120210e-04,9.300120e-04,2.294290e-05,2.748420e-04,1.057360e-04,1.811280e-04,9.098780e-06,4.388320e-04,3.437170e-04,1.677980e-04,8.409350e-04,-6.663500e-05,3.502100e-04,3.283910e-04,-2.968330e-07,-3.351300e-06,2.401840e-04,3.190120e-04,2.280520e-05,3.142560e-04,-1.612270e-05,1.812060e-04,9.294120e-05,4.200110e-04,4.416680e-04,1.665850e-04,6.628130e-04,9.477560e-04,6.976320e-04,7.627710e-04,5.196200e-06,2.645500e-04,8.332620e-04,1.018610e-03,6.991300e-04,9.257320e-04,4.679650e-05,1.942700e-04,7.959370e-04,1.562910e-03,1.352850e-03,2.088280e-03,-4.022590e-04,1.650570e-05,5.599840e-04,1.445140e-03,3.700120e-03,1.257750e-03,1.543770e-04,3.354980e-04,2.463190e-03,4.066330e-03,4.107790e-03,5.335200e-04,3.912290e-04,1.057700e-04,1.726840e-05,3.124430e-04,8.993710e-04,5.464710e-04,2.216450e-05,8.723950e-04,6.222980e-04,6.845680e-05,4.774340e-04,9.095020e-04,1.927230e-04,5.203960e-04,7.629510e-04,6.643020e-04,5.590310e-04,-2.442840e-04,5.780170e-04,6.863470e-04,1.229810e-03,5.872740e-05,1.389250e-03,4.739150e-03,1.183660e-04,9.740870e-04,5.620420e-03,5.058350e-03,1.313960e-03,5.013740e-03,1.021880e-02,1.165350e-02,6.218090e-03
9.836230e-05,9.732900e-05,-3.836500e-06,-2.726910e-05,1.232690e-05,7.910090e-06,3.080170e-05,1.509540e-04,-1.382220e-04,1.055280e-05,1.749150e-06,8.766950e-05,-2.724280e-05,8.928350e-05,5.295180e-05,4.708620e-05,-2.155360e-05,-3.007520e-04,-7.596960e-06,7.455400e-05,4.438400e-04,-1.708840e-05,-1.046440e-04,-1.633970e-04,4.343020e-05,6.372190e-05,-5.424270e-05,-3.922320e-05,1.907680e-06,-2.547210e-04,1.113840e-05,6.778000e-05,1.201320e-04,-3.170700e-04,5.274680e-06,-8.070120e-05,-2.042700e-04,4.102960e-04,-9.911330e-06,6.849280e-05,-2.590540e-04,1.011940e-04,-1.986270e-04,5.277520e-04,-7.338760e-05,1.205450e-04,4.273360e-04,-2.495800e-05,7.793740e-04,-2.531640e-05,-6.525650e-05,1.824000e-04,1.193350e-03,-1.897120e-03,1.093020e-04,2.419780e-04,-3.479620e-05,-1.319790e-03,-7.644150e-04,1.238230e-05,3.056110e-04,1.526300e-03,1.181350e-04,2.166600e-04,3.013070e-04,2.427410e-06,6.687680e-05,1.429590e-04,1.873290e-04,1.095670e-05,2.135840e-04,2.434640e-04,1.094630e-04,1.947820e-05,4.614050e-04,1.667000e-04,-7.964050e-06,2.079860e-04,-5.632010e-04,-4.329590e-04,1.080620e-03,1.108240e-04,3.074630e-05,3.971190e-05,6.346300e-04,3.527440e-04,4.254130e-04,5.239800e-05,-3.257910e-04,-1.591480e-03,1.125100e-03,1.105190e-03,2.653520e-03,6.617690e-05,2.101530e-04,4.329510e-04,5.182970e-04,2.828400e-03,1.573650e-03,1.227260e-04,-7.101370e-04,-9.634310e-04,-1.238430e-03,1.612510e-03,3.209080e-04,-7.168210e-05,-5.660760e-04,9.705480e-06,-3.765550e-04,-1.660410e-04,1.425190e-04,-4.737550e-06,-1.499120e-04,4.785170e-04,4.260080e-05,-7.067310e-04,2.259180e-04,1.088860e-04,-5.652340e-05,4.952130e-04,9.342710e-04,3.322690e-05,3.651310e-04,1.217750e-03,1.860180e-04,3.157830e-04,2.172770e-03,1.219180e-04,1.183660e-04,3.371350e-03,-1.332080e-04,-8.511040e-04,1.562400e-03,1.322600e-03,2.734080e-03,8.542780e-03,-2.660070e-03,2.907450e-03
2.177260e-05,1.524870e-04,-3.515400e-06,7.276480e-05,4.005470e-04,7.781350e-06,2.511740e-04,2.100610e-04,5.058500e-04,-6.304410e-07,3.878520e-04,8.319120e-05,1.041920e-05,-3.036220e-04,6.697280e-04,-3.370960e-05,1.574080e-04,7.851740e-05,3.674610e-05,5.277080e-05,2.897480e-04,6.471470e-05,3.014280e-04,8.230780e-04,-6.435850e-05,6.571460e-04,5.809810e-04,3.405150e-05,4.357850e-04,3.834580e-04,1.364540e-05,7.902620e-05,5.120020e-05,1.984000e-04,1.013380e-05,1.495280e-05,2.085380e-04,-1.009040e-03,1.007340e-04,1.350030e-04,1.597790e-03,3.605530e-05,7.839420e-04,1.807380e-04,2.514990e-04,4.575330e-04,9.909540e-04,1.622910e-03,-3.110580e-03,1.094300e-04,-2.730380e-04,3.215950e-04,-6.457470e-04,5.904280e-03,-2.242890e-04,-2.123180e-04,-4.471320e-04,3.185620e-03,1.368230e-03,2.184350e-04,-8.807590e-04,-1.180450e-04,1.465170e-04,-1.611480e-04,1.237630e-04,2.129900e-05,3.224360e-04,5.374260e-04,3.643280e-04,2.856790e-05,-9.453500e-05,1.160730e-03,1.342750e-03,2.459600e-05,-9.432120e-05,6.045770e-04,2.003450e-04,7.154860e-05,1.071530e-03,9.315710e-04,-5.700590e-04,3.324360e-04,1.617380e-04,6.035340e-04,1.211700e-03,4.811570e-03,4.248420e-03,1.594850e-04,4.862330e-04,1.908630e-03,-9.917840e-04,3.308580e-03,3.938660e-03,1.015260e-03,7.922590e-04,3.166950e-04,1.172920e-03,5.847650e-03,4.441130e-03,5.385230e-04,1.656560e-03,1.306270e-03,8.624310e-03,8.104540e-03,3.980520e-04,3.695090e-04,7.243410e-04,2.378870e-05,6.338790e-04,-1.682260e-04,8.266800e-04,1.386160e-05,1.925820e-04,1.530330e-03,1.524600e-04,1.022050e-03,5.897570e-04,4.028290e-04,6.867700e-04,1.307890e-03,1.210680e-03,2.416940e-04,1.043300e-03,2.155810e-03,5.755810e-03,3.068720e-04,7.962490e-04,8.470980e-03,9.740870e-04,-1.332080e-04,1.216350e-02,1.433700e-02,3.018330e-03,2.618800e-03,3.165960e-03,-3.408160e-03,3.550890e-02,8.887580e-03
2.764920e-04,3.490950e-04,4.407830e-08,6.247940e-04,8.983410e-04,1.099190e-05,4.823050e-04,1.327170e-03,4.893230e-04,6.720570e-06,5.228580e-04,1.083680e-03,3.105040e-05,3.184520e-05,1.125510e-03,-5.581990e-05,-2.319040e-04,-1.397310e-04,2.214070e-05,3.483040e-04,2.210440e-03,8.629850e-05,5.339490e-04,6.929960e-04,-7.928170e-05,9.130520e-04,1.437550e-03,-4.094700e-05,4.954920e-04,1.313980e-03,2.267130e-05,-4.196110e-04,4.096750e-05,1.473410e-03,4.459170e-06,4.334210e-05,3.103720e-05,-3.556950e-04,1.545330e-04,1.658230e-04,2.573480e-03,5.584750e-05,1.352600e-03,1.029990e-03,5.710850e-04,1.491290e-03,2.225810e-03,4.665470e-03,-3.529760e-03,2.024280e-04,-1.511370e-04,2.040550e-04,1.461520e-03,1.266280e-02,-1.617520e-04,6.627300e-05,-4.924560e-04,8.171730e-03,7.264250e-04,3.861860e-04,-1.285210e-03,4.156380e-03,-9.798530e-05,5.272320e-04,2.464800e-04,3.092300e-05,8.290590e-04,8.203880e-04,1.708070e-04,6.750050e-05,4.797410e-04,1.282060e-03,2.680810e-03,1.133660e-04,4.294560e-04,1.354550e-03,4.259400e-04,6.490440e-04,2.487710e-03,3.236190e-03,-2.660180e-03,6.476620e-04,3.335940e-04,1.814100e-03,3.732760e-03,8.224910e-03,8.176430e-03,1.454200e-04,6.056170e-04,3.466850e-03,-1.332550e-03,7.523470e-03,8.096250e-03,8.013160e-04,1.323210e-03,1.753290e-03,8.815240e-05,1.111570e-02,9.346890e-03,7.424040e-04,2.524150e-03,3.899140e-03,1.708170e-02,1.488720e-02,6.097340e-04,-2.536600e-04,1.364770e-03,5.505830e-05,1.015980e-03,2.081210e-03,2.121160e-03,4.487600e-05,1.118390e-03,2.185790e-03,1.951010e-04,1.270320e-03,6.175710e-04,9.802080e-04,1.504650e-03,3.200950e-03,4.356020e-03,2.410440e-04,1.387980e-03,3.101120e-03,8.555150e-03,1.638020e-03,1.325530e-03,1.094820e-02,5.620420e-03,-8.511040e-04,1.433700e-02,3.175770e-02,1.097290e-02,3.376370e-03,1.474470e-02,1.694730e-02,6.012510e-02,1.761250e-02
3.513380e-04,2.136660e-04,-4.427820e-06,3.918560e-04,7.435380e-04,2.449520e-05,2.068880e-05,1.295430e-03,3.307670e-04,1.298520e-05,4.229980e-04,1.346320e-04,2.410190e-05,6.944610e-05,9.923750e-04,5.178180e-05,-7.067470e-06,1.382400e-03,-6.519160e-05,1.990180e-04,8.351550e-05,3.724210e-05,7.881000e-04,6.101630e-04,1.700170e-05,3.301160e-04,-5.545490e-04,-1.247400e-05,3.489190e-04,9.525620e-04,2.783600e-05,-9.061960e-05,-3.387840e-04,6.171980e-05,1.043140e-05,4.783450e-04,-4.630430e-04,8.932300e-04,4.003340e-05,7.033330e-05,3.384340e-04,1.643890e-04,1.251230e-03,-1.871900e-04,1.617270e-04,-1.733520e-04,1.364100e-04,2.606500e-03,4.692560e-03,1.107570e-04,2.684880e-04,1.187270e-03,3.107030e-03,1.362690e-03,5.790910e-04,-3.390450e-04,1.420810e-03,1.407150e-04,2.824110e-03,9.601450e-05,6.130520e-04,1.452180e-03,3.428310e-04,1.913140e-04,4.305830e-04,7.980020e-06,1.645650e-04,9.417350e-04,1.446830e-03,3.414390e-05,5.186410e-04,-1.040340e-04,1.574490e-03,1.511360e-04,6.296560e-04,2.085900e-03,2.442690e-04,1.061260e-03,1.380790e-03,3.149700e-03,3.945910e-03,2.023280e-05,9.045700e-04,1.418280e-03,4.053380e-03,3.980890e-03,1.151610e-03,2.481140e-05,8.418270e-04,1.935990e-03,4.648930e-03,2.510950e-03,7.884010e-04,1.096850e-03,3.172490e-05,1.326900e-03,3.554100e-03,1.443480e-03,4.707240e-04,4.997400e-04,3.968030e-04,5.396290e-03,1.014940e-02,1.026280e-02,1.413930e-04,1.057140e-03,5.108030e-04,4.754920e-05,1.113840e-03,1.401680e-03,4.966780e-04,6.201090e-05,9.086740e-04,1.262600e-03,1.130670e-05,1.108340e-03,2.661950e-03,5.985270e-04,4.430500e-04,1.859300e-03,2.243480e-03,6.031360e-04,9.100740e-04,2.279830e-03,3.795640e-03,2.512730e-03,1.197440e-03,3.209590e-03,5.058350e-03,1.562400e-03,3.018330e-03,1.097290e-02,2.152590e-02,1.925200e-03,1.113620e-02,2.480640e-02,3.571500e-02,1.230610e-02
-4.976200e-05,9.248830e-05,-3.833610e-06,1.278010e-04,9.037550e-06,6.375240e-06,2.037510e-04,1.891730e-04,8.862250e-05,9.182780e-06,3.712190e-05,-2.220950e-04,-6.265410e-06,-9.215520e-05,5.205380e-06,2.471570e-05,1.373050e-04,-1.397950e-04,-5.576380e-05,3.503220e-06,2.178630e-05,2.881430e-05,1.749790e-04,-2.322750e-04,2.859350e-05,2.195960e-04,5.588310e-04,6.041840e-06,2.450400e-04,8.690390e-05,9.986080e-06,-8.529860e-05,3.489040e-04,-7.886820e-05,1.999600e-07,-1.905170e-04,-1.765420e-04,2.462840e-04,5.475640e-06,2.564790e-04,5.894450e-04,8.022290e-05,-5.295040e-05,3.482230e-04,8.285840e-05,-1.551760e-05,1.158010e-03,1.683470e-03,7.095580e-04,-8.023720e-05,-8.775060e-05,5.445690e-04,6.804420e-04,4.467650e-04,4.651420e-05,9.560240e-05,-4.388120e-04,-4.659220e-04,-8.364630e-05,8.100570e-05,-3.393190e-04,-8.110460e-04,1.882000e-04,1.616000e-04,1.685960e-05,9.477390e-06,9.159570e-05,2.498460e-04,-1.164920e-06,2.875250e-05,4.786490e-05,8.950820e-05,2.763580e-04,1.133900e-05,4.040350e-04,4.187660e-04,4.403590e-05,5.710740e-04,3.560740e-04,-7.615700e-06,1.260440e-04,-5.777140e-05,2.415910e-04,4.391490e-04,9.147740e-04,1.769690e-03,1.323510e-03,7.132260e-06,1.596940e-04,-1.219110e-04,1.375750e-04,4.084400e-04,2.171710e-03,2.469970e-04,3.128590e-04,-5.468420e-05,1.453460e-04,3.296050e-03,1.840000e-03,2.413990e-04,4.750140e-04,4.260570e-04,2.223600e-03,2.194860e-03,5.178830e-04,1.441140e-04,-2.957180e-04,1.736190e-05,1.174370e-04,6.595320e-06,1.598550e-04,-9.946560e-06,1.874920e-04,8.109320e-04,1.292360e-04,-2.289630e-04,2.085480e-04,1.103230e-04,1.738740e-04,3.228140e-04,6.962120e-04,6.900860e-04,-4.235180e-04,-3.019170e-04,-1.149670e-05,5.544470e-04,3.850150e-04,1.134150e-03,1.313960e-03,1.322600e-03,2.618800e-03,3.376370e-03,1.925200e-03,5.381490e-03,4.093240e-03,2.198260e-03,4.287140e-03,4.821280e-03
2.695510e-04,3.805030e-04,-4.466670e-06,4.256700e-04,4.704740e-04,1.656080e-05,2.114050e-04,1.091990e-03,-1.217510e-04,2.755550e-05,3.949570e-04,1.120250e-03,-5.537980e-05,-1.156520e-04,3.058790e-04,8.111420e-05,1.354960e-04,3.328720e-04,-9.282940e-05,-1.458940e-04,7.228710e-04,1.017010e-04,4.846050e-04,-5.987920e-05,-9.053920e-05,2.783690e-04,6.411770e-04,4.301100e-05,3.141030e-04,8.861940e-04,2.887950e-05,-1.431060e-04,3.405510e-04,8.468880e-04,-1.021520e-06,1.993190e-04,-6.964430e-05,9.842870e-04,5.001970e-05,2.124840e-04,4.231200e-04,3.167950e-04,8.578240e-04,1.473270e-03,2.176940e-04,7.505110e-04,1.917520e-03,2.670150e-03,3.351770e-03,-5.506470e-05,6.779890e-04,3.540580e-04,3.414110e-03,8.983280e-04,2.710720e-04,2.998830e-04,5.808590e-04,1.410760e-03,1.752690e-03,4.284830e-04,5.298720e-04,1.569100e-03,-3.684060e-04,7.678000e-04,3.710850e-04,1.840010e-05,4.501760e-04,5.989160e-04,6.003630e-04,5.237960e-05,7.745830e-04,7.875760e-04,1.793970e-03,1.420170e-04,5.613500e-04,2.094450e-03,1.763780e-04,1.096500e-03,1.800820e-03,2.347560e-03,1.778880e-04,1.887100e-04,5.337360e-04,2.665700e-03,5.229750e-03,3.764750e-03,1.333430e-03,5.881900e-04,5.871440e-04,1.219070e-03,6.109880e-03,7.213530e-03,2.968640e-03,1.204800e-03,1.257190e-04,1.559290e-03,5.626770e-03,4.467660e-03,5.908040e-03,1.205850e-03,-3.802880e-04,3.329320e-03,1.143730e-02,1.061500e-02,3.148830e-04,-6.633590e-04,2.381600e-04,5.894380e-05,6.632740e-04,2.855820e-03,7.053270e-04,6.810390e-05,1.827060e-03,8.903860e-04,2.116900e-04,-1.938330e-04,1.600400e-03,5.873750e-04,4.554480e-04,2.022100e-03,3.805380e-03,1.585960e-03,1.207870e-04,2.199970e-03,3.001460e-03,2.190530e-03,2.186150e-03,3.476940e-03,5.013740e-03,2.734080e-03,3.165960e-03,1.474470e-02,1.113620e-02,4.093240e-03,2.807610e-02,5.896940e-02,4.110570e-02,9.560560e-03
7.722130e-04,8.016810e-04,-8.226160e-06,6.657850e-04,9.850290e-04,4.286650e-05,4.324670e-04,2.216440e-03,-6.500010e-04,7.261630e-05,8.934290e-04,3.206900e-03,-1.342140e-04,-1.855660e-04,1.988250e-04,1.595980e-04,5.297680e-04,9.156150e-04,-9.420030e-05,-8.345060e-04,1.741800e-03,1.427060e-04,6.557360e-04,-1.506460e-04,-1.127920e-04,-6.549980e-04,-6.230670e-04,4.180340e-05,2.775760e-04,1.239370e-03,5.808420e-05,-4.432440e-05,4.365650e-04,1.002550e-03,6.908720e-06,1.620000e-04,-5.562060e-04,2.474500e-03,6.045090e-05,1.737810e-04,-1.527770e-03,6.259720e-04,1.471310e-03,3.917330e-03,3.436800e-04,1.216790e-03,2.043100e-03,8.206400e-04,1.186570e-02,-1.246770e-04,2.145880e-03,9.484010e-04,7.849620e-03,-8.961650e-03,1.227360e-03,1.510530e-03,3.065250e-03,-3.217580e-03,5.140920e-03,5.970760e-04,3.789650e-03,4.907590e-03,-5.815950e-04,1.642330e-03,1.647600e-03,1.910200e-05,6.293500e-04,7.182730e-04,2.591040e-03,6.734300e-05,1.652160e-03,1.987040e-03,3.165860e-03,3.413470e-04,1.120000e-03,5.040650e-03,3.617760e-04,2.865280e-03,3.056380e-03,4.239710e-03,3.843300e-03,3.104150e-04,1.043740e-03,5.379580e-03,1.206820e-02,3.603390e-03,-2.037130e-03,1.335440e-03,8.771850e-04,-4.408500e-04,1.953890e-02,1.774690e-02,4.703060e-03,2.178330e-03,-8.468220e-04,3.483020e-03,1.892900e-02,5.824260e-03,1.284600e-02,2.337940e-03,-3.791530e-03,6.180380e-03,1.139560e-02,2.262270e-02,-1.673870e-04,-1.535910e-03,4.580980e-05,1.121710e-04,1.112980e-03,6.785600e-03,6.954850e-04,1.791690e-04,4.863820e-03,8.809450e-04,2.768160e-04,-1.638440e-03,4.660950e-03,1.143140e-03,3.225380e-04,4.557300e-03,7.804180e-03,2.558990e-03,-1.717480e-04,5.928590e-03,4.798110e-03,5.965100e-03,6.118110e-03,1.728650e-03,1.021880e-02,8.542780e-03,-3.408160e-03,1.694730e-02,2.480640e-02,2.198260e-03,5.896940e-02,1.594010e-01,7.175370e-02,1.892730e-02
8.590110e-04,1.322100e-03,-8.088660e-06,1.034750e-03,2.706310e-03,6.152270e-05,6.849450e-04,3.028310e-03,1.610180e-03,7.669140e-05,2.287820e-03,2.314420e-03,-1.105660e-04,-2.026210e-05,3.830950e-03,2.137880e-04,8.501130e-04,4.825160e-03,-7.525160e-05,9.848130e-04,-3.425860e-05,2.191770e-04,1.772250e-03,3.971280e-03,-2.861800e-04,1.786140e-03,3.581380e-03,9.802540e-05,1.996950e-03,2.637770e-03,7.111840e-05,2.065730e-04,-1.245150e-03,2.386750e-03,1.320360e-05,8.751970e-04,-1.293770e-04,7.770390e-05,2.475430e-04,-7.606510e-05,6.935310e-03,7.619820e-04,4.403450e-03,-3.127560e-03,8.345930e-04,7.689540e-04,7.967550e-04,1.579660e-02,-5.667550e-03,4.658840e-04,-2.908590e-05,2.470030e-03,8.134010e-03,2.052130e-02,-2.748980e-04,-1.299430e-03,-3.509780e-04,1.566060e-02,2.172860e-02,9.605860e-04,-1.656470e-03,3.185780e-03,-6.418130e-05,-1.964200e-03,1.782040e-03,8.847190e-05,1.171950e-03,4.690510e-03,3.307540e-03,1.650940e-04,2.099780e-03,3.677690e-03,4.868210e-03,5.035570e-04,2.909580e-04,2.365590e-03,7.056580e-04,1.684380e-03,7.654420e-03,1.112260e-02,1.085950e-02,1.442020e-04,2.231490e-03,5.627320e-03,1.159170e-02,2.057000e-02,1.698970e-02,1.066200e-03,4.531910e-03,1.493300e-02,6.547650e-03,1.137240e-02,2.071060e-02,5.683010e-03,2.927220e-03,2.953610e-03,7.971580e-03,3.353490e-02,1.312050e-02,3.657500e-03,6.571510e-03,1.276890e-02,4.961250e-02,3.887570e-02,-1.364070e-03,5.445030e-03,2.798590e-03,1.352330e-04,5.424840e-03,6.766210e-04,2.755540e-03,1.454730e-04,4.131540e-03,9.673180e-03,4.672180e-04,4.745480e-03,6.751820e-03,2.376070e-03,1.256130e-03,1.034770e-02,8.069680e-03,3.424260e-03,1.124040e-03,1.137450e-02,2.495850e-02,4.437230e-03,2.761520e-03,2.993640e-02,1.165350e-02,-2.660070e-03,3.550890e-02,6.012510e-02,3.571500e-02,4.287140e-03,4.110570e-02,7.175370e-02,3.002730e-01,3.476380e-02
1.055710e-03,5.238040e-04,1.231130e-05,5.664900e-04,1.303590e-03,1.646680e-05,1.185910e-03,5.560040e-04,1.567280e-03,3.158080e-05,8.110690e-04,1.306300e-03,1.842910e-05,1.114120e-03,8.339310e-04,-2.942200e-06,-1.908580e-04,4.304610e-04,2.413330e-04,7.629390e-04,2.250720e-03,-1.046440e-04,4.676060e-04,1.128940e-03,1.092690e-04,9.700700e-05,4.214040e-04,2.256140e-05,1.930410e-04,5.774650e-04,6.828520e-07,-1.420520e-04,7.002850e-04,1.034850e-03,-1.124390e-05,-4.944590e-04,2.965030e-04,1.091020e-03,9.763220e-05,5.614310e-04,5.663270e-04,1.726690e-04,4.732610e-04,2.246410e-03,7.027430e-04,9.245830e-04,1.641010e-03,1.497470e-03,3.335410e-03,1.015690e-04,9.001390e-05,1.825450e-03,3.983080e-03,7.865740e-03,3.741080e-04,6.522080e-04,1.647920e-03,3.722760e-03,2.154730e-03,2.416420e-04,7.120760e-04,6.017410e-04,7.081730e-04,7.934520e-04,1.494890e-03,4.039660e-05,3.329230e-04,7.115200e-04,1.365130e-03,1.173860e-04,-1.330250e-04,6.196210e-04,8.450680e-04,1.876300e-04,8.836180e-04,8.455520e-04,6.666500e-04,1.227230e-03,2.050330e-03,2.321010e-03,2.310000e-03,1.971420e-04,1.080430e-03,2.230800e-03,3.677880e-03,7.317000e-03,5.627870e-03,9.083920e-05,1.344170e-04,1.011950e-03,4.678180e-03,1.217190e-02,1.242900e-02,1.203070e-03,8.152420e-04,1.929800e-03,8.174020e-03,2.146710e-02,1.908150e-02,1.916700e-04,1.060840e-03,4.746000e-03,1.599720e-02,2.245410e-02,-5.710630e-04,5.827620e-04,1.291050e-03,4.327560e-05,8.094990e-04,2.711570e-03,2.689080e-03,-2.314490e-05,2.109360e-03,2.770760e-03,2.834980e-04,2.222600e-03,3.351470e-03,8.354730e-04,3.186100e-03,4.917330e-03,5.466060e-03,1.200760e-03,2.413990e-03,5.694980e-03,7.450310e-03,3.785980e-03,3.198270e-03,8.187600e-03,6.218090e-03,2.907450e-03,8.887580e-03,1.761250e-02,1.230610e-02,4.821280e-03,9.560560e-03,1.892730e-02,3.476380e-02,5.275450e-02
