3.734961e-82,5.786865e-82,3.865502e-82,1.867687e-82,1.254539e-82,-1.083900e-83,8.804062e-83,5.881876e-82,2.100120e-83,8.058652e-83,2.284681e-82,3.063225e-82,4.463363e-82,5.608904e-82,7.819577e-82,9.830581e-82,1.258873e-81,1.161791e-81,5.767873e-83,4.152250e-83,1.168284e-82,2.773776e-82,5.000357e-82,7.233402e-82,1.113643e-81,1.381711e-81,1.562252e-81,1.807499e-81,1.427742e-81,1.581674e-82,4.525479e-83,1.369242e-82,3.249407e-82,5.683666e-82,8.509624e-82,1.114036e-81,1.438718e-81,1.607862e-81,1.987418e-81,1.990165e-81,9.923915e-82,8.438524e-84,5.001295e-83,1.445711e-82,3.360847e-82,5.922065e-82,8.912345e-82,1.105067e-81,1.330105e-81,1.572347e-81,1.733106e-81,1.693295e-81,1.212988e-81,3.412314e-82,4.541573e-83,1.617617e-82,3.555988e-82,6.134625e-82,8.946549e-82,1.156597e-81,1.333478e-81,1.566020e-81,1.583779e-81,1.416627e-81,1.069197e-81,5.263773e-82,1.493574e-83,5.701337e-83,1.768808e-82,3.964857e-82,7.165856e-82,9.679456e-82,1.200350e-81,1.454933e-81,1.498121e-81,1.404530e-81,1.229724e-81,8.260087e-82,4.077009e-82,3.524930e-83,5.117034e-83,1.607913e-82,3.717661e-82,6.384547e-82,8.531458e-82,1.040948e-81,1.228671e-81,1.231331e-81,1.065463e-81,8.496637e-82,5.465149e-82,2.852029e-82,3.810257e-83,3.148311e-83,1.179572e-82,2.598135e-82,4.140561e-82,5.350086e-82,6.504683e-82,6.820631e-82,6.513388e-82,5.036646e-82,3.728919e-82,2.778546e-82,1.664666e-82,3.595438e-83,-2.904158e-87,1.187730e-83,5.865801e-83,1.205500e-82,1.883783e-82,2.690746e-82,2.885036e-82,3.389711e-82,2.856317e-82,2.511208e-82,1.841930e-82,1.467547e-82,1.070268e-82,3.816865e-83,1.094181e-86,5.547688e-84,2.236851e-83,4.008357e-83,6.950016e-83,9.009407e-83,9.859034e-83,1.071540e-82,1.027006e-82,1.050171e-82,8.686919e-83,9.368486e-83,9.470854e-83,4.236995e-83,-2.610764e-86,3.170303e-84,9.946475e-84,1.403119e-83,3.282265e-83,4.566196e-83,4.707239e-83,5.097959e-83,5.192553e-83,6.251429e-83,6.253670e-83,6.333036e-83,8.341490e-83,4.208963e-83,6.156002e-85,1.305148e-84,5.793351e-84,1.177535e-83,1.646884e-83,2.376326e-83,3.094356e-83,3.592532e-83,4.000957e-83,4.460497e-83,4.627266e-83,5.350758e-83,5.493166e-83,3.319815e-83,1.361832e-84,7.927643e-85,1.702461e-84,3.721990e-84,7.934874e-84,1.115148e-83,1.218292e-83,1.261120e-83,1.607207e-83,1.803141e-83,1.839099e-83,2.175191e-83,2.561171e-83,1.986161e-83,2.037273e-84,3.423116e-85,9.331820e-85,1.478076e-84,2.345068e-84,3.097834e-84,3.599126e-84,4.067459e-84,4.350073e-84,4.511033e-84,5.486013e-84,6.847039e-84,7.807280e-84,6.717958e-84,1.445577e-84,2.953572e-86,-3.216500e-86,5.617390e-86,1.437020e-85,2.458950e-85,4.582310e-85,4.403413e-85,4.821453e-85,5.202202e-85,5.934548e-85,8.308541e-85,1.199341e-84,9.814589e-85,2.296313e-85
5.786865e-82,3.522435e-81,7.434940e-81,1.301024e-80,1.829495e-80,2.449489e-80,3.044839e-80,1.312379e-80,3.400206e-82,5.038825e-82,1.768937e-81,4.593365e-81,8.844204e-81,1.170372e-80,1.513937e-80,1.721429e-80,1.869743e-80,1.148178e-80,1.389723e-81,4.308760e-82,2.071701e-81,4.825153e-81,7.588451e-81,1.128470e-80,1.382624e-80,1.552748e-80,1.646946e-80,1.579449e-80,9.244891e-81,5.486461e-82,4.316744e-82,2.027193e-81,4.301826e-81,7.355993e-81,1.089523e-80,1.204816e-80,1.349690e-80,1.397961e-80,1.295327e-80,8.436738e-81,1.009887e-81,3.053149e-83,4.753154e-82,1.673167e-81,4.170043e-81,6.970802e-81,9.433386e-81,1.053816e-80,1.173415e-80,1.225649e-80,9.918072e-81,7.350319e-81,8.394850e-82,-1.318518e-81,4.330227e-82,1.836430e-81,3.975650e-81,7.170973e-81,9.526058e-81,1.071254e-80,1.207027e-80,1.119754e-80,7.675079e-81,3.830273e-81,1.773570e-84,-2.742341e-81,-7.421273e-83,4.642770e-82,1.804798e-81,4.156360e-81,6.702162e-81,7.419048e-81,8.731486e-81,9.817183e-81,8.412142e-81,5.417946e-81,2.055742e-81,-1.054260e-81,-2.096096e-81,-2.530732e-82,4.140477e-82,1.371941e-81,3.292264e-81,5.205201e-81,6.497268e-81,7.255499e-81,7.327999e-81,5.826857e-81,2.784486e-81,5.092512e-82,-1.078651e-81,-1.188464e-81,-1.888602e-82,7.587223e-83,3.678925e-82,7.160869e-82,1.049251e-81,1.157455e-81,8.225420e-82,9.062617e-83,-1.038803e-81,-2.315582e-81,-2.356441e-81,-1.909276e-81,-8.867111e-82,-1.302336e-82,-2.606121e-86,-4.993910e-83,-5.421309e-83,-4.643168e-83,-1.708429e-82,-5.113591e-82,-8.698607e-82,-1.147549e-81,-1.487940e-81,-1.409137e-81,-1.235177e-81,-7.620403e-82,-3.652164e-82,-3.775983e-83,-1.539797e-84,-2.306469e-83,-1.330865e-82,-3.199888e-82,-5.165546e-82,-6.708435e-82,-7.828581e-82,-9.253493e-82,-1.005031e-81,-7.583155e-82,-5.853966e-82,-2.244699e-82,2.963230e-84,5.387085e-83,-2.088897e-84,-6.495508e-84,-4.149272e-83,-1.325425e-82,-2.095613e-82,-3.044666e-82,-2.843511e-82,-3.634523e-82,-4.421180e-82,-2.966503e-82,-2.452815e-82,-4.835035e-83,1.283319e-82,8.428517e-83,-4.575073e-85,5.310682e-84,1.551957e-83,3.608431e-83,6.589669e-83,7.017149e-83,7.305684e-83,1.110490e-82,1.029626e-82,1.033654e-82,1.253622e-82,1.629089e-82,1.622713e-82,7.999712e-83,1.939312e-84,5.098696e-84,8.518734e-84,1.886321e-83,4.157380e-83,5.579293e-83,5.976104e-83,6.386564e-83,7.139412e-83,7.312314e-83,7.271126e-83,7.558377e-83,8.023086e-83,4.758842e-83,3.579528e-84,1.269322e-84,3.714121e-84,7.158578e-84,1.200025e-83,1.509599e-83,1.601270e-83,1.805208e-83,1.871538e-83,1.892593e-83,2.052945e-83,2.367039e-83,2.478416e-83,1.767410e-83,2.426844e-84,9.754016e-86,1.547409e-85,2.507963e-85,5.254127e-85,3.324433e-85,6.907863e-85,1.184972e-85,4.366883e-85,3.250791e-85,3.776989e-85,8.166672e-85,1.345439e-84,1.088668e-84,1.622206e-85
3.865502e-82,7.434940e-81,3.300299e-80,5.980971e-80,8.606254e-80,1.170741e-79,1.444988e-79,5.670999e-80,1.386574e-81,1.458529e-81,5.963525e-81,1.853036e-80,3.720112e-80,4.945847e-80,6.359788e-80,7.177001e-80,7.606595e-80,4.247374e-80,5.879035e-81,1.569113e-81,8.404142e-81,1.956675e-80,3.024834e-80,4.520059e-80,5.352378e-80,5.878456e-80,6.094732e-80,5.572787e-80,2.896243e-80,1.027696e-81,1.548046e-81,7.941483e-81,1.648059e-80,2.824795e-80,4.213790e-80,4.441733e-80,4.844532e-80,4.901772e-80,4.066473e-80,1.927176e-80,-4.926095e-81,6.931593e-83,1.689593e-81,6.157971e-81,1.575076e-80,2.613171e-80,3.469079e-80,3.725747e-80,4.086455e-80,4.117082e-80,2.905920e-80,1.770007e-80,-7.602074e-81,-9.048990e-81,1.523727e-81,6.812157e-81,1.467035e-80,2.666133e-80,3.480797e-80,3.795872e-80,4.247522e-80,3.654675e-80,2.018126e-80,4.460529e-81,-9.588679e-81,-1.703225e-80,-4.595716e-82,1.581975e-81,6.445996e-81,1.503783e-80,2.365819e-80,2.432730e-80,2.846784e-80,3.098916e-80,2.436616e-80,1.180412e-80,-1.718366e-81,-1.217650e-80,-1.280699e-80,-1.427140e-81,1.398168e-81,4.677989e-81,1.128083e-80,1.754099e-80,2.124879e-80,2.305850e-80,2.181047e-80,1.515644e-80,3.024185e-81,-5.082518e-81,-9.476743e-81,-7.619677e-81,-1.156003e-81,6.975722e-83,6.572975e-82,1.009874e-81,1.132680e-81,7.327287e-82,-1.855627e-81,-5.175182e-81,-9.732604e-81,-1.404987e-80,-1.314487e-80,-1.047915e-80,-5.195229e-81,-8.581991e-82,-1.031194e-85,-3.108524e-82,-6.389188e-82,-1.095505e-81,-2.117460e-81,-4.112027e-81,-5.826408e-81,-7.486746e-81,-8.470610e-81,-7.849574e-81,-6.602214e-81,-4.348985e-81,-2.424054e-81,-4.766029e-82,-6.476692e-84,-1.273856e-82,-6.942584e-82,-1.605741e-81,-2.619291e-81,-3.418548e-81,-3.871619e-81,-4.510416e-81,-4.868744e-81,-3.894756e-81,-3.038648e-81,-1.640543e-81,-7.575379e-82,-1.227686e-82,-7.238994e-84,-4.319221e-83,-2.356045e-82,-6.281827e-82,-1.073255e-81,-1.538388e-81,-1.379822e-81,-1.757706e-81,-2.142004e-81,-1.646446e-81,-1.468443e-81,-6.668715e-82,-1.445309e-82,6.755360e-84,-5.734988e-84,1.400540e-83,1.972339e-83,6.646274e-83,1.610301e-82,1.239818e-82,8.052388e-83,2.090902e-82,1.341371e-82,9.883520e-83,1.776850e-82,2.681158e-82,2.358240e-82,6.010823e-83,-1.524721e-84,1.517737e-83,2.402413e-83,5.289392e-83,1.105315e-82,1.432305e-82,1.598066e-82,1.771403e-82,1.844053e-82,1.705996e-82,1.663112e-82,1.549750e-82,1.330589e-82,3.647586e-83,-8.368498e-85,2.827578e-84,8.598510e-84,1.856777e-83,3.166079e-83,3.793345e-83,3.957723e-83,4.434975e-83,4.678312e-83,4.741526e-83,4.585125e-83,4.615113e-83,4.234931e-83,1.916416e-83,-1.275122e-84,3.898447e-86,3.076499e-85,5.627784e-85,8.443865e-85,-3.925791e-85,-1.451780e-85,-1.874872e-84,-1.275197e-84,-1.750040e-84,-1.913923e-84,-2.165342e-84,-3.036664e-84,-2.786771e-84,-1.024987e-84
1.867687e-82,1.301024e-80,5.980971e-80,1.185245e-79,1.642626e-79,2.251211e-79,2.790154e-79,1.097165e-79,2.636023e-81,2.655819e-81,1.120801e-80,3.568309e-80,7.150225e-80,9.516049e-80,1.227445e-79,1.390411e-79,1.475873e-79,8.271525e-80,1.135085e-80,3.051769e-81,1.612239e-80,3.773882e-80,5.837834e-80,8.731903e-80,1.031419e-79,1.134543e-79,1.180413e-79,1.083029e-79,5.730780e-80,2.152127e-81,2.971334e-81,1.530251e-80,3.183382e-80,5.457619e-80,8.131921e-80,8.589662e-80,9.346323e-80,9.517445e-80,7.882774e-80,3.790612e-80,-7.934625e-81,1.333634e-82,3.241361e-81,1.190574e-80,3.053513e-80,5.058023e-80,6.694935e-80,7.224041e-80,7.932121e-80,7.996160e-80,5.691497e-80,3.473652e-80,-1.345256e-80,-1.672923e-80,2.939139e-81,1.314329e-80,2.840012e-80,5.156414e-80,6.726422e-80,7.343584e-80,8.232435e-80,7.081805e-80,3.966422e-80,9.701435e-81,-1.770361e-80,-3.204632e-80,-8.627331e-82,3.032912e-81,1.245493e-80,2.900565e-80,4.553754e-80,4.725786e-80,5.514121e-80,5.988187e-80,4.758462e-80,2.369158e-80,-2.559201e-81,-2.269482e-80,-2.424879e-80,-2.693576e-81,2.696168e-81,9.058227e-81,2.182919e-80,3.390777e-80,4.123181e-80,4.468973e-80,4.222494e-80,2.957413e-80,6.576147e-81,-9.140649e-81,-1.785792e-80,-1.450442e-80,-2.198813e-81,1.686898e-82,1.308095e-81,2.090997e-81,2.409629e-81,1.706891e-81,-3.185785e-81,-9.459831e-81,-1.820089e-80,-2.639632e-80,-2.475795e-80,-1.994803e-80,-9.951649e-81,-1.649687e-81,-1.686471e-85,-5.715480e-82,-1.184969e-81,-1.983760e-81,-3.912130e-81,-7.677554e-81,-1.093924e-80,-1.410982e-80,-1.599870e-80,-1.486940e-80,-1.247420e-80,-8.311811e-81,-4.684519e-81,-9.388508e-82,-1.137618e-83,-2.410256e-82,-1.316086e-81,-2.995740e-81,-4.937837e-81,-6.401985e-81,-7.277169e-81,-8.484292e-81,-9.180678e-81,-7.366900e-81,-5.705438e-81,-3.152083e-81,-1.528405e-81,-2.830414e-82,-1.212934e-83,-8.415279e-83,-4.448314e-82,-1.153520e-81,-2.008839e-81,-2.887500e-81,-2.583731e-81,-3.305379e-81,-4.030342e-81,-3.109318e-81,-2.773739e-81,-1.278153e-81,-3.623679e-82,-4.131743e-83,-1.071677e-83,2.829070e-83,3.854338e-83,1.346201e-82,3.215994e-82,2.459976e-82,1.626110e-82,4.138382e-82,2.668574e-82,1.930577e-82,3.356867e-82,4.759799e-82,3.902356e-82,6.480886e-83,-3.982831e-84,3.040157e-83,4.865639e-83,1.059262e-82,2.131579e-82,2.782647e-82,3.154251e-82,3.518620e-82,3.588576e-82,3.329879e-82,3.232368e-82,2.863847e-82,2.294846e-82,3.869141e-83,-4.561927e-84,5.365762e-84,1.614093e-83,3.532373e-83,6.014732e-83,7.192718e-83,7.636798e-83,8.607681e-83,9.070726e-83,9.235125e-83,8.805216e-83,8.366734e-83,7.111757e-83,2.533672e-83,-5.271571e-84,2.104265e-86,4.888299e-85,1.404249e-84,1.670365e-84,1.944544e-85,2.113046e-85,-3.449036e-84,-2.088921e-84,-2.879644e-84,-3.436975e-84,-4.547226e-84,-7.468102e-84,-6.998467e-84,-2.442802e-84
1.254539e-82,1.829495e-80,8.606254e-80,1.642626e-79,2.427190e-79,3.223965e-79,3.998779e-79,1.584735e-79,3.823452e-81,3.769069e-81,1.586566e-80,5.121094e-80,1.027394e-79,1.365353e-79,1.761102e-79,1.996344e-79,2.126656e-79,1.196734e-79,1.638159e-80,4.349602e-81,2.308265e-80,5.400581e-80,8.374732e-80,1.251397e-79,1.477731e-79,1.625670e-79,1.693929e-79,1.558891e-79,8.335630e-80,3.199068e-81,4.256234e-81,2.187248e-80,4.553720e-80,7.807569e-80,1.164860e-79,1.228739e-79,1.340275e-79,1.366645e-79,1.131374e-79,5.505298e-80,-1.065340e-80,1.920262e-82,4.627811e-81,1.697991e-80,4.363028e-80,7.226536e-80,9.575446e-80,1.032573e-79,1.134418e-79,1.146725e-79,8.190683e-80,5.024845e-80,-1.853816e-80,-2.362777e-80,4.204054e-81,1.877435e-80,4.068614e-80,7.374575e-80,9.618757e-80,1.051370e-79,1.177917e-79,1.015013e-79,5.722537e-80,1.431022e-80,-2.472901e-80,-4.539546e-80,-1.222553e-81,4.355320e-81,1.774985e-80,4.143081e-80,6.517334e-80,6.740221e-80,7.891916e-80,8.575136e-80,6.824609e-80,3.440512e-80,-3.194832e-81,-3.191309e-80,-3.426377e-80,-3.816577e-81,3.833325e-81,1.293732e-80,3.118351e-80,4.844812e-80,5.878615e-80,6.383819e-80,6.050739e-80,4.248777e-80,9.787358e-81,-1.257153e-80,-2.511443e-80,-2.047752e-80,-3.107417e-81,2.245402e-82,1.907541e-81,3.081875e-81,3.598712e-81,2.712614e-81,-4.311213e-81,-1.314493e-80,-2.543925e-80,-3.715198e-80,-3.484176e-80,-2.816190e-80,-1.406435e-80,-2.321447e-81,-2.379891e-85,-8.158559e-82,-1.635725e-81,-2.716457e-81,-5.428881e-81,-1.067697e-80,-1.534155e-80,-1.980911e-80,-2.245139e-80,-2.085814e-80,-1.749787e-80,-1.167648e-80,-6.606058e-81,-1.322456e-81,-1.561858e-83,-3.295301e-82,-1.841889e-81,-4.196054e-81,-6.899745e-81,-8.989573e-81,-1.016385e-80,-1.187906e-80,-1.284519e-80,-1.030823e-80,-7.989844e-81,-4.392813e-81,-2.157469e-81,-3.984800e-82,-1.604087e-83,-1.126628e-82,-6.231519e-82,-1.621210e-81,-2.788084e-81,-4.027822e-81,-3.532974e-81,-4.546417e-81,-5.612034e-81,-4.325446e-81,-3.868389e-81,-1.766750e-81,-5.087797e-82,-5.920715e-83,-1.417420e-83,4.062106e-83,5.525977e-83,1.965196e-82,4.634673e-82,3.666429e-82,2.459473e-82,6.077570e-82,4.059429e-82,2.923389e-82,4.959376e-82,6.876147e-82,5.567030e-82,9.085575e-83,-5.028722e-84,4.251980e-83,6.893159e-83,1.521017e-82,3.039656e-82,3.987461e-82,4.543460e-82,5.078898e-82,5.234338e-82,4.844977e-82,4.696699e-82,4.173836e-82,3.282005e-82,5.332949e-83,-6.464629e-84,7.581146e-84,2.311947e-83,4.972975e-83,8.465986e-83,1.021266e-82,1.098194e-82,1.240325e-82,1.313141e-82,1.352063e-82,1.279967e-82,1.202320e-82,1.010414e-82,3.533970e-83,-7.614653e-84,7.639715e-86,7.771539e-85,1.947872e-84,2.656910e-84,2.518197e-85,7.232286e-85,-3.982599e-84,-2.212196e-84,-2.930678e-84,-3.637073e-84,-5.456585e-84,-1.008772e-83,-9.818963e-84,-3.453830e-84
-1.083900e-83,2.449489e-80,1.170741e-79,2.251211e-79,3.223965e-79,4.520211e-79,5.470705e-79,2.179303e-79,5.279217e-81,5.185825e-81,2.170614e-80,7.015757e-80,1.410496e-79,1.875897e-79,2.419551e-79,2.740118e-79,2.928442e-79,1.666158e-79,2.273771e-80,6.007682e-81,3.180699e-80,7.435573e-80,1.152421e-79,1.724579e-79,2.036981e-79,2.243672e-79,2.343469e-79,2.163415e-79,1.175119e-79,4.752514e-81,5.893647e-81,3.019760e-80,6.292696e-80,1.077774e-79,1.607594e-79,1.697919e-79,1.850129e-79,1.893841e-79,1.573722e-79,7.762888e-80,-1.255793e-80,2.634229e-82,6.397164e-81,2.352771e-80,6.038841e-80,9.997823e-80,1.323239e-79,1.431605e-79,1.570665e-79,1.591301e-79,1.143163e-79,7.054437e-80,-2.393191e-80,-3.194534e-80,5.841318e-81,2.599076e-80,5.635612e-80,1.020984e-79,1.332005e-79,1.456778e-79,1.629647e-79,1.407596e-79,7.987650e-80,2.095584e-80,-3.320480e-80,-6.201439e-80,-1.679267e-81,6.038248e-81,2.462224e-80,5.737885e-80,9.021002e-80,9.356804e-80,1.094454e-79,1.187496e-79,9.484402e-80,4.836592e-80,-3.672801e-81,-4.344600e-80,-4.706928e-80,-5.248689e-81,5.319253e-81,1.793347e-80,4.327095e-80,6.715690e-80,8.159937e-80,8.860202e-80,8.395211e-80,5.912112e-80,1.402779e-80,-1.699680e-80,-3.461046e-80,-2.833897e-80,-4.299199e-81,3.094478e-82,2.632903e-81,4.218235e-81,4.928199e-81,3.702807e-81,-6.084606e-81,-1.835421e-80,-3.544826e-80,-5.155930e-80,-4.834013e-80,-3.920358e-80,-1.960846e-80,-3.232679e-81,-3.183119e-85,-1.141295e-81,-2.321185e-81,-3.902640e-81,-7.755259e-81,-1.506603e-80,-2.159908e-80,-2.781886e-80,-3.148907e-80,-2.926770e-80,-2.451836e-80,-1.640117e-80,-9.263647e-81,-1.855010e-81,-2.073647e-83,-4.697410e-82,-2.600805e-81,-5.921788e-81,-9.730617e-81,-1.271737e-80,-1.432590e-80,-1.675542e-80,-1.811691e-80,-1.453609e-80,-1.122567e-80,-6.231749e-81,-3.082595e-81,-5.868696e-82,-2.156321e-83,-1.648823e-82,-8.935037e-82,-2.308399e-81,-3.961647e-81,-5.711861e-81,-5.062603e-81,-6.460494e-81,-7.941426e-81,-6.136997e-81,-5.471244e-81,-2.539574e-81,-7.713244e-82,-1.202924e-82,-1.978260e-83,5.571671e-83,7.412941e-83,2.661466e-82,6.292543e-82,4.898938e-82,3.234506e-82,8.138955e-82,5.399903e-82,3.786989e-82,6.670771e-82,9.117346e-82,7.234212e-82,9.577284e-83,-8.232548e-84,5.935696e-83,9.464370e-83,2.115906e-82,4.247574e-82,5.540928e-82,6.307245e-82,7.055944e-82,7.219641e-82,6.667696e-82,6.427623e-82,5.608499e-82,4.311015e-82,5.215728e-83,-1.152281e-83,1.037521e-83,3.167961e-83,6.870804e-83,1.176841e-82,1.408910e-82,1.511609e-82,1.716993e-82,1.817790e-82,1.850405e-82,1.745390e-82,1.622178e-82,1.330793e-82,4.107693e-83,-1.287515e-83,9.000221e-86,1.320225e-84,2.801991e-84,3.669355e-84,1.839065e-85,1.931754e-85,-6.390002e-84,-3.714443e-84,-5.263514e-84,-6.488153e-84,-9.224429e-84,-1.616166e-83,-1.550963e-83,-5.282468e-84
8.804062e-83,3.044839e-80,1.444988e-79,2.790154e-79,3.998779e-79,5.470705e-79,7.024423e-79,2.737938e-79,6.531895e-81,6.647604e-81,2.748908e-80,8.808267e-80,1.768339e-79,2.357877e-79,3.036819e-79,3.459976e-79,3.705570e-79,2.150252e-79,2.879759e-80,7.730819e-81,4.002301e-80,9.369739e-80,1.455068e-79,2.178133e-79,2.580200e-79,2.861616e-79,2.997881e-79,2.794836e-79,1.563322e-79,7.046017e-81,7.548222e-81,3.829087e-80,7.997285e-80,1.370415e-79,2.041161e-79,2.166132e-79,2.364973e-79,2.436703e-79,2.060388e-79,1.057343e-79,-8.484348e-81,3.582847e-82,8.173765e-81,3.012124e-80,7.710786e-80,1.277035e-79,1.691118e-79,1.837409e-79,2.021806e-79,2.059747e-79,1.512793e-79,9.611147e-80,-2.298891e-80,-3.760197e-80,7.504974e-81,3.321349e-80,7.202517e-80,1.303032e-79,1.702745e-79,1.870385e-79,2.093079e-79,1.828866e-79,1.066314e-79,3.362821e-80,-3.600946e-80,-7.441568e-80,-2.021366e-81,7.734806e-81,3.162747e-80,7.341204e-80,1.155957e-79,1.212134e-79,1.418572e-79,1.540128e-79,1.250416e-79,6.697423e-80,1.053025e-81,-5.049704e-80,-5.687333e-80,-6.371504e-81,6.867551e-81,2.313780e-80,5.568783e-80,8.677096e-80,1.056209e-79,1.152903e-79,1.097485e-79,7.893610e-80,2.213574e-80,-1.766692e-80,-4.131111e-80,-3.452477e-80,-5.244520e-81,5.219969e-82,3.757582e-81,6.255243e-81,7.865765e-81,6.461098e-81,-5.408564e-81,-2.074437e-80,-4.220904e-80,-6.271568e-80,-5.930645e-80,-4.841564e-80,-2.414958e-80,-3.970524e-81,-4.051165e-85,-1.393052e-81,-2.729169e-81,-4.593878e-81,-9.236875e-81,-1.826798e-80,-2.646380e-80,-3.406942e-80,-3.889507e-80,-3.625448e-80,-3.044297e-80,-2.040496e-80,-1.146516e-80,-2.252579e-81,-2.379531e-83,-5.926179e-82,-3.229540e-81,-7.333381e-81,-1.212227e-80,-1.589904e-80,-1.783931e-80,-2.087408e-80,-2.271461e-80,-1.816362e-80,-1.391043e-80,-7.746172e-81,-3.748761e-81,-6.841048e-82,-2.392961e-83,-2.059482e-82,-1.118475e-81,-2.870324e-81,-4.934240e-81,-7.157758e-81,-6.346831e-81,-8.116814e-81,-9.967725e-81,-7.648413e-81,-6.800570e-81,-3.104477e-81,-8.443920e-82,-1.140524e-82,-2.217612e-83,7.754535e-83,1.090012e-82,3.642895e-82,8.464173e-82,6.735864e-82,4.966387e-82,1.103237e-81,7.653908e-82,5.858546e-82,9.549992e-82,1.229842e-81,9.716283e-82,1.447241e-82,-7.793385e-84,7.908947e-83,1.292989e-82,2.844409e-82,5.654446e-82,7.285585e-82,8.413130e-82,9.359031e-82,9.455778e-82,8.903267e-82,8.556449e-82,7.443106e-82,5.718994e-82,7.711316e-83,-1.372917e-83,1.412585e-83,4.187606e-83,9.126406e-83,1.574599e-82,1.875264e-82,1.993252e-82,2.269416e-82,2.405890e-82,2.429639e-82,2.334829e-82,2.150198e-82,1.769266e-82,5.280638e-83,-1.692157e-83,-3.608240e-86,1.525463e-84,3.956677e-84,4.379862e-84,-1.698322e-85,1.147788e-85,-8.240576e-84,-4.678234e-84,-7.607524e-84,-8.862487e-84,-1.273034e-83,-2.106893e-83,-2.032209e-83,-6.846007e-84
5.881876e-82,1.312379e-80,5.670999e-80,1.097165e-79,1.584735e-79,2.179303e-79,2.737938e-79,1.324211e-79,3.358427e-81,3.233556e-81,1.260938e-80,3.891536e-80,7.591870e-80,1.031921e-79,1.353591e-79,1.562005e-79,1.745925e-79,1.158256e-79,1.378321e-80,3.692367e-81,1.745738e-80,4.118682e-80,6.567204e-80,9.799239e-80,1.183807e-79,1.340308e-79,1.466987e-79,1.458504e-79,9.832855e-80,6.812732e-81,3.584820e-81,1.712247e-80,3.692313e-80,6.296397e-80,9.387735e-80,1.039814e-79,1.159952e-79,1.254607e-79,1.167507e-79,8.175748e-80,2.398258e-80,2.522685e-82,3.829969e-81,1.443558e-80,3.616002e-80,5.978203e-80,8.042358e-80,9.116414e-80,1.021274e-79,1.088813e-79,9.361548e-80,7.201213e-80,2.135548e-80,-5.081901e-81,3.706239e-81,1.550126e-80,3.435177e-80,6.140900e-80,8.116101e-80,9.190815e-80,1.045863e-79,9.860315e-80,7.343201e-80,4.490725e-80,1.156421e-80,-1.433610e-80,-4.190587e-82,3.818906e-81,1.519453e-80,3.489574e-80,5.598794e-80,6.337929e-80,7.601831e-80,8.386631e-80,7.668174e-80,5.620614e-80,2.825287e-80,1.712378e-81,-1.106755e-80,-1.478229e-81,3.371186e-81,1.175662e-80,2.787304e-80,4.424451e-80,5.507680e-80,6.240956e-80,6.320890e-80,5.376203e-80,3.196806e-80,1.369046e-80,-1.955796e-81,-6.270161e-81,-1.089225e-81,8.485143e-82,3.904334e-81,7.753856e-81,1.223838e-80,1.444471e-80,1.262756e-80,8.304577e-81,8.747564e-82,-8.652267e-81,-1.026710e-80,-1.039487e-80,-5.168744e-81,-7.228260e-82,-3.141890e-86,-1.621889e-82,4.994809e-82,1.562705e-81,1.796772e-81,1.468897e-82,-1.688825e-81,-3.657157e-81,-5.566101e-81,-5.815478e-81,-5.433885e-81,-3.603284e-81,-2.010935e-81,-2.254731e-82,-7.439973e-85,-3.959905e-83,-4.814874e-82,-1.131112e-81,-1.914384e-81,-2.538147e-81,-2.708851e-81,-3.535953e-81,-4.190223e-81,-2.975576e-81,-2.058258e-81,-6.207994e-82,6.175285e-83,2.757934e-82,6.458268e-84,7.087833e-84,-1.058269e-82,-3.443940e-82,-5.978891e-82,-1.047340e-81,-3.549249e-82,-8.413956e-82,-1.518517e-81,-8.444208e-82,-6.712844e-82,3.446675e-82,7.870923e-82,4.198313e-82,9.894292e-84,6.075068e-83,1.562242e-82,3.934715e-82,7.264474e-82,8.026964e-82,8.622292e-82,1.182716e-81,1.130276e-81,1.090595e-81,1.165167e-81,1.224860e-81,9.863495e-82,3.744421e-82,1.809058e-83,4.426592e-83,8.888112e-83,2.026080e-82,3.763591e-82,4.819285e-82,5.666466e-82,6.512270e-82,6.943774e-82,6.926392e-82,6.804171e-82,6.324046e-82,5.210209e-82,2.121314e-82,1.549765e-83,8.790429e-84,2.533171e-83,5.447549e-83,9.464348e-83,1.200299e-82,1.360232e-82,1.562642e-82,1.713069e-82,1.825734e-82,1.811524e-82,1.735265e-82,1.524649e-82,7.731854e-83,4.042344e-84,1.050479e-84,4.457692e-84,5.994724e-84,8.760009e-84,8.679425e-84,1.067470e-83,9.270902e-84,1.216369e-83,1.320829e-83,1.431660e-83,1.144629e-83,7.894523e-84,3.495794e-84,-5.518332e-85
2.100120e-83,3.400206e-82,1.386574e-81,2.636023e-81,3.823452e-81,5.279217e-81,6.531895e-81,3.358427e-81,1.456948e-82,8.296577e-83,3.207197e-82,9.806542e-82,1.830369e-81,2.571558e-81,3.351725e-81,3.895202e-81,4.440672e-81,3.325317e-81,4.059297e-82,8.937564e-83,4.328542e-82,1.012493e-81,1.610340e-81,2.407218e-81,2.912289e-81,3.310560e-81,3.759246e-81,3.750301e-81,2.772888e-81,2.157974e-82,8.740550e-83,4.249422e-82,9.208694e-82,1.541580e-81,2.324443e-81,2.610035e-81,2.902021e-81,3.236034e-81,3.105745e-81,2.406963e-81,8.903988e-82,6.133986e-84,9.178851e-83,3.788939e-82,8.959663e-82,1.465035e-81,2.007849e-81,2.298851e-81,2.554353e-81,2.827611e-81,2.556416e-81,2.100924e-81,9.244931e-82,-4.288320e-83,9.634771e-83,3.834078e-82,8.574399e-82,1.520457e-81,2.015154e-81,2.270471e-81,2.620235e-81,2.563914e-81,2.087033e-81,1.445962e-81,6.643677e-82,-1.385306e-82,-7.012375e-84,9.458249e-83,3.818205e-82,8.729361e-82,1.394864e-81,1.584441e-81,1.970380e-81,2.159924e-81,2.083476e-81,1.687067e-81,1.068718e-81,3.887283e-82,-7.999174e-83,-2.181851e-83,8.186765e-83,3.037733e-82,6.989515e-82,1.127650e-81,1.383609e-81,1.616705e-81,1.651001e-81,1.531103e-81,1.053120e-81,6.452370e-82,2.015650e-82,-1.789276e-83,-1.074219e-83,2.590193e-83,1.303497e-82,2.439080e-82,4.275372e-82,5.068037e-82,5.302559e-82,4.577523e-82,3.336008e-82,1.066075e-82,3.051393e-83,-5.878164e-83,-3.469234e-83,-1.283357e-84,2.089719e-87,2.835338e-84,4.079450e-83,9.363467e-83,1.518383e-82,1.314974e-82,1.367173e-82,9.937784e-83,8.680767e-83,5.411511e-83,1.594612e-83,1.847096e-83,9.377437e-84,7.096195e-84,9.320445e-86,3.328880e-84,8.105171e-84,8.806410e-84,1.993187e-83,2.426826e-83,3.959680e-83,3.056167e-83,1.611123e-83,3.009548e-83,2.913351e-83,4.010652e-83,3.272143e-83,1.721237e-83,4.164939e-85,2.392381e-84,5.693745e-84,9.412515e-84,1.287581e-83,1.124309e-83,4.392659e-83,3.993380e-83,2.455196e-83,2.889098e-83,2.899199e-83,4.092645e-83,3.908578e-83,1.842931e-83,5.832083e-85,1.840487e-84,5.623075e-84,1.293834e-83,2.464906e-83,2.887300e-83,3.151529e-83,4.024768e-83,3.974784e-83,3.939390e-83,3.949971e-83,4.010009e-83,3.175868e-83,1.527584e-83,8.309716e-85,1.011782e-84,2.577094e-84,6.074167e-84,1.126054e-83,1.320087e-83,1.500619e-83,1.874446e-83,2.081476e-83,2.014221e-83,2.082658e-83,2.001923e-83,1.643602e-83,8.766838e-84,8.317924e-85,1.687658e-85,5.114357e-85,1.510458e-84,2.775513e-84,3.601117e-84,3.857289e-84,4.349638e-84,4.992593e-84,5.431455e-84,5.287723e-84,5.438072e-84,5.089574e-84,3.060000e-84,3.860853e-85,6.370189e-86,3.643303e-85,2.906195e-85,4.444367e-85,3.171986e-85,3.679476e-85,5.224396e-85,5.811609e-85,6.142865e-85,7.493942e-85,6.568580e-85,5.516241e-85,3.860539e-85,5.648564e-86
8.058652e-83,5.038825e-82,1.458529e-81,2.655819e-81,3.769069e-81,5.185825e-81,6.647604e-81,3.233556e-81,8.296577e-83,2.307068e-82,3.784341e-82,1.111552e-81,2.092872e-81,2.805929e-81,3.701644e-81,4.277361e-81,4.761485e-81,3.250342e-81,3.677221e-82,1.041641e-82,5.079316e-82,1.227783e-81,1.958850e-81,2.915450e-81,3.553649e-81,4.090118e-81,4.467116e-81,4.471334e-81,3.053853e-81,2.182600e-82,1.165489e-82,5.387732e-82,1.160729e-81,1.963494e-81,2.907879e-81,3.270028e-81,3.693500e-81,3.989654e-81,3.783172e-81,2.800458e-81,8.965554e-82,7.242450e-84,1.273870e-82,4.699334e-82,1.157543e-81,1.908049e-81,2.591793e-81,2.972985e-81,3.336724e-81,3.572654e-81,3.138434e-81,2.440478e-81,8.244396e-82,-1.212616e-82,1.253204e-82,5.033377e-82,1.122788e-81,1.996656e-81,2.640334e-81,3.019263e-81,3.420345e-81,3.278943e-81,2.502115e-81,1.576065e-81,4.586985e-82,-4.114898e-82,-1.391899e-83,1.335540e-82,5.099413e-82,1.154513e-81,1.870537e-81,2.159533e-81,2.585662e-81,2.868264e-81,2.611485e-81,1.948050e-81,1.004709e-81,1.066219e-82,-3.529584e-82,-4.821753e-83,1.156301e-82,3.963579e-82,9.443661e-82,1.507113e-81,1.877939e-81,2.147932e-81,2.210605e-81,1.865398e-81,1.125695e-81,4.803951e-82,-6.923069e-83,-2.231991e-82,-3.894340e-83,2.658841e-83,1.271434e-82,2.525349e-82,4.043743e-82,4.449870e-82,4.040675e-82,2.345948e-82,-4.867765e-83,-3.827122e-82,-4.463790e-82,-4.221482e-82,-2.014278e-82,-3.065231e-83,-3.277523e-87,-9.886840e-84,1.196169e-84,1.311143e-83,-8.937637e-84,-6.848387e-83,-1.568046e-82,-2.148604e-82,-3.161262e-82,-3.110812e-82,-2.775915e-82,-1.863870e-82,-9.288067e-83,-1.104106e-83,-1.830691e-85,-5.287469e-84,-3.233199e-83,-7.410535e-83,-1.247358e-82,-1.642849e-82,-1.810460e-82,-2.228047e-82,-2.466652e-82,-1.842375e-82,-1.353250e-82,-5.776691e-83,-7.156645e-84,8.361506e-84,-2.883364e-85,-1.544322e-84,-1.208699e-83,-3.333297e-83,-4.888212e-83,-7.768666e-83,-6.552981e-83,-8.496430e-83,-1.108089e-82,-7.273377e-83,-5.995133e-83,-1.220771e-83,2.584689e-83,1.465799e-83,-6.405523e-86,1.942283e-84,4.895800e-84,1.099991e-83,2.012131e-83,2.235465e-83,2.319432e-83,3.430734e-83,3.348618e-83,3.187763e-83,3.734373e-83,4.077866e-83,3.612742e-83,1.476453e-83,2.614358e-85,1.499494e-84,2.844866e-84,6.248999e-84,1.274639e-83,1.687933e-83,1.924336e-83,2.086036e-83,2.207477e-83,2.245352e-83,2.163223e-83,1.985748e-83,1.789870e-83,8.098943e-84,3.364011e-85,3.297610e-85,1.012238e-84,2.004625e-84,3.444983e-84,4.358054e-84,4.767507e-84,5.403019e-84,5.605032e-84,5.777612e-84,6.002772e-84,5.992649e-84,5.423378e-84,2.970986e-84,8.201401e-86,1.351597e-86,9.022001e-86,1.100434e-85,1.817875e-85,7.654538e-86,2.115619e-85,1.072095e-85,1.833739e-85,1.374264e-85,1.069890e-85,7.149931e-86,3.076362e-86,-6.764892e-86,-6.158364e-86
2.284681e-82,1.768937e-81,5.963525e-81,1.120801e-80,1.586566e-80,2.170614e-80,2.748908e-80,1.260938e-80,3.207197e-82,3.784341e-82,1.945840e-81,4.199339e-81,8.176982e-81,1.107596e-80,1.435257e-80,1.663532e-80,1.848431e-80,1.200215e-80,1.373687e-81,4.309100e-82,1.896035e-81,4.568621e-81,7.349872e-81,1.090055e-80,1.323261e-80,1.511638e-80,1.647873e-80,1.620630e-80,1.065599e-80,7.290878e-82,4.172188e-82,1.949982e-81,4.240269e-81,7.229637e-81,1.063450e-80,1.197659e-80,1.343114e-80,1.444128e-80,1.347110e-80,9.646201e-81,2.777571e-81,2.885539e-83,4.519859e-82,1.693073e-81,4.205911e-81,6.939411e-81,9.335980e-81,1.074384e-80,1.202811e-80,1.276771e-80,1.101613e-80,8.453455e-81,2.560943e-81,-5.558250e-82,4.305890e-82,1.806440e-81,3.987418e-81,7.156770e-81,9.447445e-81,1.074548e-80,1.234322e-80,1.166174e-80,8.761633e-81,5.412228e-81,1.432467e-81,-1.603868e-81,-4.853525e-83,4.515282e-82,1.811612e-81,4.112239e-81,6.606357e-81,7.713983e-81,9.112628e-81,1.009627e-80,9.271943e-81,6.777811e-81,3.439355e-81,2.686828e-82,-1.300144e-81,-1.729082e-82,4.089980e-82,1.412987e-81,3.337479e-81,5.333473e-81,6.692192e-81,7.569581e-81,7.715835e-81,6.566718e-81,3.948486e-81,1.676716e-81,-2.189818e-82,-7.561809e-82,-1.313664e-82,1.100688e-82,4.659047e-82,9.447427e-82,1.498307e-81,1.691334e-81,1.574376e-81,1.010235e-81,5.621303e-83,-1.121659e-81,-1.361267e-81,-1.320373e-81,-6.403750e-82,-9.609559e-83,-9.646863e-87,-1.965981e-83,3.786599e-83,1.488371e-82,1.469011e-82,-6.992660e-83,-3.114595e-82,-5.223004e-82,-8.323380e-82,-8.467896e-82,-7.770431e-82,-5.190739e-82,-2.659343e-82,-2.976858e-83,-5.583818e-85,-1.378366e-83,-8.384630e-83,-1.831864e-82,-3.137951e-82,-3.881994e-82,-4.649166e-82,-5.743505e-82,-6.519891e-82,-4.841373e-82,-3.419670e-82,-1.281110e-82,9.500738e-84,3.670046e-83,-4.412147e-85,-3.671103e-84,-2.398084e-83,-6.665662e-83,-1.134668e-82,-1.865521e-82,-1.391453e-82,-2.088039e-82,-2.761690e-82,-1.659472e-82,-1.318185e-82,1.018244e-83,1.043241e-82,5.808368e-83,2.291168e-85,7.162222e-84,1.863162e-83,4.505478e-83,8.402529e-83,9.012884e-83,9.618183e-83,1.369623e-82,1.301949e-82,1.272185e-82,1.417180e-82,1.529324e-82,1.319945e-82,5.371269e-83,1.591353e-84,5.716380e-84,1.127752e-83,2.354343e-83,4.538994e-83,6.052941e-83,6.932288e-83,7.683409e-83,7.995306e-83,8.294445e-83,8.227082e-83,7.493278e-83,6.741147e-83,3.079879e-83,1.919694e-84,1.204959e-84,3.361035e-84,7.056870e-84,1.219271e-83,1.547757e-83,1.718996e-83,1.929861e-83,2.040441e-83,2.137920e-83,2.220245e-83,2.194419e-83,1.960856e-83,1.122962e-83,7.803926e-85,9.261580e-86,3.405948e-85,5.697470e-85,7.327308e-85,8.074794e-85,1.252306e-84,7.599586e-85,1.083859e-84,1.117249e-84,1.047314e-84,9.830487e-85,6.830390e-85,3.099090e-85,-8.132712e-86
3.063225e-82,4.593365e-81,1.853036e-80,3.568309e-80,5.121094e-80,7.015757e-80,8.808267e-80,3.891536e-80,9.806542e-82,1.111552e-81,4.199339e-81,1.360894e-80,2.476181e-80,3.361069e-80,4.385365e-80,5.026955e-80,5.533288e-80,3.490423e-80,4.218034e-81,1.249328e-81,5.842373e-81,1.367725e-80,2.180750e-80,3.255808e-80,3.914189e-80,4.418619e-80,4.768876e-80,4.627029e-80,2.948457e-80,1.836028e-81,1.199817e-81,5.801430e-81,1.242913e-80,2.120357e-80,3.143170e-80,3.458100e-80,3.860755e-80,4.106576e-80,3.712906e-80,2.482334e-80,5.498466e-81,7.018061e-83,1.294496e-81,4.857613e-81,1.221812e-80,2.015790e-80,2.696200e-80,3.061127e-80,3.405805e-80,3.584832e-80,2.984654e-80,2.198587e-80,4.467458e-81,-2.821403e-81,1.234113e-81,5.239762e-81,1.160306e-80,2.077059e-80,2.734623e-80,3.081715e-80,3.508064e-80,3.247993e-80,2.317247e-80,1.294711e-80,1.513522e-81,-6.616789e-81,-1.954505e-82,1.295780e-81,5.168468e-81,1.183350e-80,1.896655e-80,2.138058e-80,2.538867e-80,2.792779e-80,2.495010e-80,1.738222e-80,7.417793e-81,-1.473883e-81,-5.143268e-81,-6.434680e-82,1.145674e-81,3.968497e-81,9.441115e-81,1.496743e-80,1.852901e-80,2.084469e-80,2.101355e-80,1.727401e-80,9.415956e-81,2.965043e-81,-2.114253e-81,-3.052980e-81,-5.065238e-82,2.400119e-82,1.153547e-81,2.271057e-81,3.549107e-81,3.975852e-81,3.154100e-81,1.358100e-81,-1.458407e-81,-4.818436e-81,-5.179387e-81,-4.757819e-81,-2.373297e-81,-3.731145e-82,-3.002549e-86,-1.043126e-82,-1.502337e-83,1.582918e-82,-2.958109e-83,-8.125863e-82,-1.667737e-81,-2.460563e-81,-3.251009e-81,-3.185505e-81,-2.819214e-81,-1.904271e-81,-1.045023e-81,-1.684748e-82,-1.768141e-84,-4.649164e-83,-2.987818e-82,-6.706457e-82,-1.114942e-81,-1.440294e-81,-1.620802e-81,-1.994912e-81,-2.230026e-81,-1.703881e-81,-1.251129e-81,-5.689012e-82,-1.628894e-82,3.039196e-83,-1.087880e-84,-1.292391e-83,-9.423572e-83,-2.563202e-82,-4.171221e-82,-6.604419e-82,-4.712907e-82,-6.948358e-82,-9.372872e-82,-6.275692e-82,-5.327977e-82,-9.550543e-83,1.608422e-82,9.704161e-83,-5.712939e-86,1.831376e-83,4.263976e-83,1.105392e-82,2.165497e-82,2.244863e-82,2.276232e-82,3.393963e-82,3.141329e-82,2.928414e-82,3.375455e-82,3.651671e-82,3.013582e-82,1.031444e-82,2.603505e-84,1.499143e-83,2.889816e-83,6.266868e-83,1.208760e-82,1.603114e-82,1.854384e-82,2.077127e-82,2.151145e-82,2.179141e-82,2.124723e-82,1.915110e-82,1.601920e-82,5.864600e-83,2.236332e-84,2.955707e-84,8.517309e-84,1.798866e-83,3.125667e-83,3.929547e-83,4.419229e-83,4.998053e-83,5.364150e-83,5.659651e-83,5.682561e-83,5.379965e-83,4.615170e-83,2.229589e-83,-9.106512e-86,2.246274e-85,1.038559e-84,1.438714e-84,2.007213e-84,1.719851e-84,2.827905e-84,1.686325e-84,2.561066e-84,2.600429e-84,2.389181e-84,1.699726e-84,3.523082e-85,-6.128208e-85,-6.034324e-85
4.463363e-82,8.844204e-81,3.720112e-80,7.150225e-80,1.027394e-79,1.410496e-79,1.768339e-79,7.591870e-80,1.830369e-81,2.092872e-81,8.176982e-81,2.476181e-80,5.127882e-80,6.530897e-80,8.555260e-80,9.832666e-80,1.071805e-79,6.561824e-80,7.987800e-81,2.372677e-81,1.134800e-80,2.669052e-80,4.213668e-80,6.278299e-80,7.557358e-80,8.515610e-80,9.102308e-80,8.756307e-80,5.394204e-80,3.183935e-81,2.295327e-81,1.112135e-80,2.381462e-80,4.069225e-80,6.032783e-80,6.598801e-80,7.341773e-80,7.757556e-80,6.917633e-80,4.393069e-80,7.685740e-81,1.351495e-82,2.485650e-81,9.164905e-81,2.328812e-80,3.856897e-80,5.146084e-80,5.789076e-80,6.441504e-80,6.729621e-80,5.472607e-80,3.922794e-80,5.198811e-81,-6.413463e-81,2.331139e-81,9.998737e-81,2.203381e-80,3.955305e-80,5.209138e-80,5.851702e-80,6.632440e-80,6.078587e-80,4.187597e-80,2.177018e-80,2.436877e-83,-1.451096e-80,-4.080551e-82,2.446371e-81,9.769667e-81,2.246050e-80,3.593752e-80,4.010972e-80,4.734819e-80,5.207143e-80,4.575694e-80,3.062699e-80,1.132032e-80,-5.353197e-81,-1.124276e-80,-1.353441e-81,2.170049e-81,7.426052e-81,1.778699e-80,2.805980e-80,3.479716e-80,3.883485e-80,3.883903e-80,3.119313e-80,1.582411e-80,3.473674e-81,-5.717565e-81,-6.713583e-81,-1.078091e-81,4.158064e-82,1.983938e-81,3.921469e-81,5.894101e-81,6.574259e-81,4.540098e-81,9.479410e-82,-4.652324e-81,-1.101715e-80,-1.138840e-80,-1.011871e-80,-5.046743e-81,-7.983437e-82,-6.610874e-86,-2.346893e-82,-1.752204e-82,1.683127e-83,-5.688255e-82,-2.241897e-81,-4.069100e-81,-5.686003e-81,-7.235701e-81,-6.984976e-81,-6.054098e-81,-4.096820e-81,-2.268597e-81,-3.845793e-82,-3.816425e-84,-1.037812e-82,-6.437416e-82,-1.421983e-81,-2.393240e-81,-3.105982e-81,-3.515672e-81,-4.251140e-81,-4.704055e-81,-3.641845e-81,-2.691607e-81,-1.306779e-81,-4.574558e-82,6.560671e-84,-2.611991e-84,-3.202479e-83,-2.062952e-82,-5.458028e-82,-9.037127e-82,-1.390141e-81,-1.091119e-81,-1.529139e-81,-1.997952e-81,-1.382318e-81,-1.188087e-81,-3.118262e-82,2.058358e-82,1.438353e-82,-1.035324e-84,3.281093e-83,7.206127e-83,1.937867e-82,3.769336e-82,3.832109e-82,3.831870e-82,5.882785e-82,5.367230e-82,4.948448e-82,5.841891e-82,6.398477e-82,5.256806e-82,1.648970e-82,4.019855e-84,2.824760e-83,5.179042e-83,1.130734e-82,2.171226e-82,2.902115e-82,3.389048e-82,3.766215e-82,3.905538e-82,3.933788e-82,3.815191e-82,3.420133e-82,2.835543e-82,9.436799e-83,2.911588e-84,5.592569e-84,1.605813e-83,3.269842e-83,5.624732e-83,7.029562e-83,7.977130e-83,9.112702e-83,9.743447e-83,1.020693e-82,1.025180e-82,9.622214e-83,8.101073e-83,3.694042e-83,-1.010571e-84,2.675952e-85,1.002036e-84,2.223350e-84,3.066683e-84,3.065288e-84,4.720417e-84,2.007942e-84,3.752250e-84,3.829705e-84,3.334377e-84,2.227268e-84,-4.051403e-85,-2.044634e-84,-1.313364e-84
5.608904e-82,1.170372e-80,4.945847e-80,9.516049e-80,1.365353e-79,1.875897e-79,2.357877e-79,1.031921e-79,2.571558e-81,2.805929e-81,1.107596e-80,3.361069e-80,6.530897e-80,9.265759e-80,1.149855e-79,1.326245e-79,1.462167e-79,9.165244e-80,1.101409e-80,3.220818e-81,1.517742e-80,3.597091e-80,5.712304e-80,8.472678e-80,1.016965e-79,1.147662e-79,1.242478e-79,1.203674e-79,7.637292e-80,4.738247e-81,3.092005e-81,1.495143e-80,3.210167e-80,5.501650e-80,8.116784e-80,8.999649e-80,9.967788e-80,1.064122e-79,9.592052e-80,6.350428e-80,1.392141e-80,1.875651e-82,3.341798e-81,1.247421e-80,3.143241e-80,5.195430e-80,6.962209e-80,7.897614e-80,8.784338e-80,9.244876e-80,7.675153e-80,5.643839e-80,1.116285e-80,-7.215631e-81,3.177771e-81,1.347059e-80,2.982299e-80,5.368097e-80,7.051061e-80,7.957172e-80,9.024001e-80,8.365445e-80,5.962926e-80,3.324042e-80,3.872268e-81,-1.694289e-80,-4.886268e-82,3.307134e-81,1.322844e-80,3.037108e-80,4.864409e-80,5.494343e-80,6.482820e-80,7.153928e-80,6.418762e-80,4.471436e-80,1.911006e-80,-3.662687e-81,-1.305359e-80,-1.632424e-81,2.934250e-81,1.015969e-80,2.411945e-80,3.824839e-80,4.772745e-80,5.359748e-80,5.371110e-80,4.433490e-80,2.428455e-80,7.840765e-81,-5.177450e-81,-7.646246e-81,-1.263526e-81,6.528218e-82,2.973110e-81,5.946471e-81,9.253856e-81,1.055426e-80,8.397998e-81,3.992261e-81,-3.121201e-81,-1.161060e-80,-1.257325e-80,-1.171208e-80,-5.892309e-81,-9.063794e-82,-6.354156e-86,-2.317631e-82,4.044287e-83,6.151154e-82,2.428921e-82,-1.639210e-81,-3.917825e-81,-5.647370e-81,-7.624382e-81,-7.513320e-81,-6.689084e-81,-4.512071e-81,-2.519175e-81,-3.974246e-82,-3.594016e-84,-1.016166e-82,-6.893281e-82,-1.523145e-81,-2.546452e-81,-3.334267e-81,-3.785286e-81,-4.643402e-81,-5.170758e-81,-3.947417e-81,-2.855992e-81,-1.240058e-81,-3.287620e-82,9.711040e-83,-5.283084e-85,-2.431187e-83,-2.001463e-82,-5.528605e-82,-9.177315e-82,-1.471680e-81,-1.034831e-81,-1.542974e-81,-2.102774e-81,-1.396350e-81,-1.162851e-81,-1.050037e-82,4.529794e-82,2.616302e-82,1.739781e-84,4.869434e-83,1.141682e-82,2.922932e-82,5.631978e-82,6.037817e-82,6.248440e-82,9.027405e-82,8.464451e-82,7.993419e-82,8.956732e-82,9.583523e-82,7.806479e-82,2.657758e-82,8.733005e-84,3.880565e-83,7.479119e-83,1.641298e-82,3.094827e-82,4.107969e-82,4.742238e-82,5.336354e-82,5.644404e-82,5.710731e-82,5.601971e-82,5.024552e-82,4.183612e-82,1.526471e-82,7.402689e-84,7.380416e-84,2.132696e-83,4.528040e-83,7.906600e-83,1.010590e-82,1.135115e-82,1.310478e-82,1.412506e-82,1.497835e-82,1.491728e-82,1.407837e-82,1.195059e-82,5.791612e-83,5.892365e-85,6.654405e-85,2.573423e-84,3.927932e-84,5.846333e-84,5.154833e-84,6.915658e-84,4.806554e-84,7.378465e-84,8.601253e-84,8.395907e-84,6.519444e-84,2.389627e-84,-5.478414e-85,-1.278189e-84
7.819577e-82,1.513937e-80,6.359788e-80,1.227445e-79,1.761102e-79,2.419551e-79,3.036819e-79,1.353591e-79,3.351725e-81,3.701644e-81,1.435257e-80,4.385365e-80,8.555260e-80,1.149855e-79,1.569433e-79,1.730730e-79,1.919135e-79,1.216969e-79,1.439096e-80,4.195318e-81,1.981158e-80,4.680726e-80,7.482863e-80,1.110158e-79,1.334680e-79,1.504659e-79,1.634998e-79,1.598530e-79,1.028820e-79,6.621864e-81,4.087639e-81,1.947542e-80,4.200351e-80,7.180255e-80,1.066543e-79,1.179440e-79,1.315057e-79,1.409705e-79,1.280233e-79,8.681128e-80,2.134752e-80,2.663541e-82,4.403261e-81,1.627667e-80,4.120562e-80,6.818099e-80,9.148263e-80,1.039383e-79,1.161212e-79,1.226521e-79,1.031875e-79,7.681401e-80,1.809049e-80,-7.830003e-81,4.194703e-81,1.765687e-80,3.918352e-80,7.023572e-80,9.268448e-80,1.048208e-79,1.191568e-79,1.111176e-79,8.085908e-80,4.636321e-80,7.848081e-81,-1.995452e-80,-5.692491e-82,4.388951e-81,1.733891e-80,3.980674e-80,6.403046e-80,7.275685e-80,8.620072e-80,9.530588e-80,8.593264e-80,6.118469e-80,2.772058e-80,-2.287733e-81,-1.548027e-80,-1.967762e-81,3.861516e-81,1.334952e-80,3.189215e-80,5.041520e-80,6.306063e-80,7.094083e-80,7.185774e-80,5.977888e-80,3.410091e-80,1.241294e-80,-5.092299e-81,-9.020465e-81,-1.507891e-81,9.064578e-82,4.088607e-81,8.305095e-81,1.283485e-80,1.508617e-80,1.247780e-80,7.001766e-81,-2.100573e-81,-1.332123e-80,-1.481416e-80,-1.424202e-80,-7.118554e-81,-1.071757e-81,-5.754345e-86,-2.632663e-82,2.161388e-82,1.179917e-81,8.548586e-82,-1.269403e-81,-3.933405e-81,-6.215334e-81,-8.840481e-81,-8.857566e-81,-7.915919e-81,-5.387387e-81,-3.007200e-81,-4.387297e-82,-3.703989e-84,-1.003975e-82,-8.149465e-82,-1.783895e-81,-3.000600e-81,-3.936223e-81,-4.443442e-81,-5.554321e-81,-6.200366e-81,-4.659878e-81,-3.334931e-81,-1.352544e-81,-2.786354e-82,1.833587e-82,8.419060e-85,-2.063624e-83,-2.285420e-82,-6.458411e-82,-1.025779e-81,-1.682674e-81,-1.085302e-81,-1.714850e-81,-2.485358e-81,-1.573175e-81,-1.286218e-81,1.685218e-83,6.979105e-82,3.899044e-82,4.281115e-84,6.553715e-83,1.593463e-82,4.082953e-82,7.551157e-82,8.330641e-82,8.719800e-82,1.246346e-81,1.194231e-81,1.118895e-81,1.241476e-81,1.313062e-81,1.073562e-81,3.766236e-82,1.350635e-83,5.148209e-83,9.766545e-83,2.185506e-82,4.146456e-82,5.526298e-82,6.473694e-82,7.273781e-82,7.716495e-82,7.769108e-82,7.591495e-82,6.859949e-82,5.697894e-82,2.149669e-82,1.182619e-83,1.018001e-83,2.975054e-83,6.007740e-83,1.038268e-82,1.328822e-82,1.531010e-82,1.772140e-82,1.906322e-82,2.019232e-82,2.017798e-82,1.911946e-82,1.615400e-82,8.006482e-83,1.849452e-84,9.499836e-85,3.113306e-84,5.284601e-84,8.067210e-84,8.424573e-84,1.139566e-83,7.687319e-84,1.146074e-83,1.275668e-83,1.251934e-83,1.021803e-83,4.877704e-84,4.464807e-85,-1.452573e-84
9.830581e-82,1.721429e-80,7.177001e-80,1.390411e-79,1.996344e-79,2.740118e-79,3.459976e-79,1.562005e-79,3.895202e-81,4.277361e-81,1.663532e-80,5.026955e-80,9.832666e-80,1.326245e-79,1.730730e-79,2.094558e-79,2.225147e-79,1.431464e-79,1.658807e-80,4.914503e-81,2.256377e-80,5.363792e-80,8.589134e-80,1.278309e-79,1.541250e-79,1.749755e-79,1.903252e-79,1.873821e-79,1.233396e-79,8.303658e-81,4.713716e-81,2.235352e-80,4.839055e-80,8.285309e-80,1.228657e-79,1.367628e-79,1.532896e-79,1.652641e-79,1.519224e-79,1.056263e-79,2.989411e-80,3.326732e-82,5.084076e-81,1.885947e-80,4.762911e-80,7.887282e-80,1.060439e-79,1.208357e-79,1.357287e-79,1.444902e-79,1.235716e-79,9.349269e-80,2.680975e-80,-6.551882e-81,4.854347e-81,2.038635e-80,4.531277e-80,8.107912e-80,1.072171e-79,1.218727e-79,1.389725e-79,1.312685e-79,9.774141e-80,5.916561e-80,1.460755e-80,-1.891223e-80,-5.399498e-82,5.075798e-81,2.009472e-80,4.605631e-80,7.423127e-80,8.521901e-80,1.013321e-79,1.122582e-79,1.029725e-79,7.553245e-80,3.726980e-80,2.124271e-81,-1.469716e-80,-1.949772e-81,4.503660e-81,1.561442e-80,3.709661e-80,5.899604e-80,7.393116e-80,8.364473e-80,8.521804e-80,7.239692e-80,4.360967e-80,1.862551e-80,-2.538899e-81,-8.367348e-81,-1.450042e-81,1.193729e-81,5.186579e-81,1.064724e-80,1.666412e-80,1.960780e-80,1.746772e-80,1.176288e-80,1.918622e-81,-1.097535e-80,-1.341426e-80,-1.382172e-80,-6.895543e-81,-9.923549e-82,-4.146234e-86,-1.887970e-82,6.546648e-82,2.174401e-81,2.354947e-81,4.203265e-82,-2.303309e-81,-4.505600e-81,-7.487627e-81,-7.800398e-81,-7.203257e-81,-4.932591e-81,-2.741287e-81,-3.218149e-82,-1.864051e-84,-6.994751e-83,-6.964868e-82,-1.510891e-81,-2.631841e-81,-3.408495e-81,-3.864144e-81,-4.937381e-81,-5.700205e-81,-4.159770e-81,-2.813961e-81,-9.132516e-82,8.680925e-83,3.410543e-82,5.368886e-84,-8.637839e-85,-1.609670e-82,-4.882040e-82,-8.021909e-82,-1.428916e-81,-6.667746e-82,-1.343581e-81,-2.146034e-81,-1.195636e-81,-9.145790e-82,4.055776e-82,1.062713e-81,5.493352e-82,9.833019e-84,8.239815e-83,2.053711e-82,5.191312e-82,9.521496e-82,1.061785e-81,1.139056e-81,1.581920e-81,1.535488e-81,1.472766e-81,1.604201e-81,1.650827e-81,1.343957e-81,4.963842e-82,2.148937e-83,6.206009e-83,1.229382e-82,2.688310e-82,4.968825e-82,6.611173e-82,7.816735e-82,8.820899e-82,9.386273e-82,9.540026e-82,9.417011e-82,8.529651e-82,7.106119e-82,2.867916e-82,1.939805e-83,1.254068e-83,3.558879e-83,7.243623e-83,1.247546e-82,1.603230e-82,1.855240e-82,2.143523e-82,2.320317e-82,2.467120e-82,2.502900e-82,2.370926e-82,2.005505e-82,1.028186e-82,5.300982e-84,1.079059e-84,3.576953e-84,6.775034e-84,9.819059e-84,1.128715e-83,1.534941e-83,1.168540e-83,1.607338e-83,1.774674e-83,1.801213e-83,1.587613e-83,9.503312e-84,3.344522e-84,-9.573251e-85
1.258873e-81,1.869743e-80,7.606595e-80,1.475873e-79,2.126656e-79,2.928442e-79,3.705570e-79,1.745925e-79,4.440672e-81,4.761485e-81,1.848431e-80,5.533288e-80,1.071805e-79,1.462167e-79,1.919135e-79,2.225147e-79,2.586781e-79,1.674614e-79,1.870551e-80,5.521085e-81,2.467007e-80,5.865632e-80,9.489933e-80,1.407893e-79,1.716008e-79,1.958846e-79,2.158804e-79,2.162675e-79,1.494214e-79,1.094542e-80,5.250262e-81,2.454037e-80,5.370892e-80,9.191936e-80,1.361438e-79,1.536582e-79,1.734827e-79,1.896309e-79,1.788031e-79,1.326496e-79,4.629051e-80,4.237091e-82,5.662179e-81,2.110282e-80,5.302680e-80,8.788533e-80,1.183332e-79,1.371527e-79,1.545268e-79,1.664612e-79,1.480054e-79,1.165147e-79,4.463011e-80,-1.314332e-81,5.439773e-81,2.263979e-80,5.056080e-80,9.030202e-80,1.198699e-79,1.375202e-79,1.577664e-79,1.517958e-79,1.193374e-79,7.911306e-80,2.928294e-80,-1.144252e-80,-3.400147e-82,5.691174e-81,2.249976e-80,5.139069e-80,8.323330e-80,9.788037e-80,1.168299e-79,1.299229e-79,1.227245e-79,9.504711e-80,5.404746e-80,1.397887e-80,-9.066646e-81,-1.456976e-81,5.082315e-81,1.775673e-80,4.200040e-80,6.709214e-80,8.475399e-80,9.656086e-80,9.985157e-80,8.799658e-80,5.823866e-80,3.066218e-80,5.241639e-81,-4.651298e-81,-9.546295e-82,1.634487e-81,6.739291e-81,1.404900e-80,2.242372e-80,2.724870e-80,2.648857e-80,2.148110e-80,1.184618e-80,-2.476909e-81,-6.612497e-81,-9.500609e-81,-4.717795e-81,-5.487661e-82,2.433613e-86,3.427117e-83,1.573317e-81,4.232930e-81,5.634320e-81,4.647968e-81,2.654394e-81,8.427739e-82,-2.157495e-81,-3.232800e-81,-3.685184e-81,-2.560652e-81,-1.398264e-81,4.490156e-83,2.811028e-84,3.852726e-83,-2.683936e-82,-5.375452e-82,-1.026389e-81,-1.276862e-81,-1.459095e-81,-2.350706e-81,-3.077566e-81,-1.870065e-81,-9.099202e-82,4.472652e-82,9.778900e-82,6.724565e-82,1.501414e-83,4.738680e-83,3.651640e-83,-2.659369e-83,-3.876309e-83,-4.093965e-82,5.929062e-82,-3.075480e-83,-7.856577e-82,5.103303e-83,2.468606e-82,1.340380e-81,1.732507e-81,8.452652e-82,2.110043e-83,1.019786e-82,2.767891e-82,6.873443e-82,1.232131e-81,1.412871e-81,1.576696e-81,2.078646e-81,2.071567e-81,2.020865e-81,2.116044e-81,2.139293e-81,1.740276e-81,6.993627e-82,3.541290e-83,7.298589e-83,1.501531e-82,3.306360e-82,6.030104e-82,8.005712e-82,9.471514e-82,1.079075e-81,1.154326e-81,1.186371e-81,1.173674e-81,1.079141e-81,9.085080e-82,4.029945e-82,3.340020e-83,1.506526e-83,4.197399e-83,8.587539e-83,1.482280e-82,1.921897e-82,2.260186e-82,2.614187e-82,2.867252e-82,3.068743e-82,3.115599e-82,2.972659e-82,2.551631e-82,1.400793e-82,1.246177e-83,1.815408e-84,5.702259e-84,9.725967e-84,1.425535e-83,1.740526e-83,2.276123e-83,1.939287e-83,2.504111e-83,2.826730e-83,2.895451e-83,2.635371e-83,1.945074e-83,1.061450e-83,4.326614e-85
1.161791e-81,1.148178e-80,4.247374e-80,8.271525e-80,1.196734e-79,1.666158e-79,2.150252e-79,1.158256e-79,3.325317e-81,3.250342e-81,1.200215e-80,3.490423e-80,6.561824e-80,9.165244e-80,1.216969e-79,1.431464e-79,1.674614e-79,1.342737e-79,1.350817e-80,3.671340e-81,1.546433e-80,3.693223e-80,6.073746e-80,9.024520e-80,1.115145e-79,1.295476e-79,1.478473e-79,1.546585e-79,1.187391e-79,9.967177e-81,3.508517e-81,1.573285e-80,3.522275e-80,5.973418e-80,8.901142e-80,1.033950e-79,1.174017e-79,1.331356e-79,1.334740e-79,1.112871e-79,5.154012e-80,3.160574e-82,3.720782e-81,1.440244e-80,3.521749e-80,5.813244e-80,7.945362e-80,9.417749e-80,1.068971e-79,1.187232e-79,1.141285e-79,9.715763e-80,5.324827e-80,7.679228e-81,3.804571e-81,1.499008e-80,3.392871e-80,5.994336e-80,8.028293e-80,9.360008e-80,1.084174e-79,1.093136e-79,9.532530e-80,7.372173e-80,4.032032e-80,6.861857e-81,1.090636e-82,3.880164e-81,1.522769e-80,3.446343e-80,5.626701e-80,6.891510e-80,8.391527e-80,9.358827e-80,9.352984e-80,8.046331e-80,5.599029e-80,2.768657e-80,5.002229e-81,6.196084e-83,3.459340e-81,1.241602e-80,2.899800e-80,4.687630e-80,5.971203e-80,6.976386e-80,7.374298e-80,6.985970e-80,5.358426e-80,3.596312e-80,1.580893e-80,3.798842e-81,3.012520e-82,1.471495e-81,5.985185e-81,1.248734e-80,2.079287e-80,2.567781e-80,2.796733e-80,2.644219e-80,2.203574e-80,1.289981e-80,7.921085e-81,2.325610e-81,1.068121e-81,4.250669e-82,1.224092e-85,3.527570e-82,2.248489e-81,5.236473e-81,7.937359e-81,8.794325e-81,9.111611e-81,8.823728e-81,7.283016e-81,5.596826e-81,3.546682e-81,2.465373e-81,1.414039e-81,6.080215e-82,1.046845e-83,1.862125e-82,5.394814e-82,1.176202e-81,1.861725e-81,2.394645e-81,2.894655e-81,2.720715e-81,2.294615e-81,2.581313e-81,2.483775e-81,2.398696e-81,1.905830e-81,8.523859e-82,2.437748e-83,1.037436e-82,3.056332e-82,6.577513e-82,1.085277e-81,1.222982e-81,2.158568e-81,2.034256e-81,1.626371e-81,1.895348e-81,1.877687e-81,2.153218e-81,1.980198e-81,8.711896e-82,2.942683e-83,8.554536e-83,2.585836e-82,6.033241e-82,1.040543e-81,1.269745e-81,1.479165e-81,1.829225e-81,1.886905e-81,1.903357e-81,1.886169e-81,1.856690e-81,1.500701e-81,6.681020e-82,3.851492e-83,5.228572e-83,1.180155e-82,2.684782e-82,4.843244e-82,6.159057e-82,7.356929e-82,8.629976e-82,9.374743e-82,9.730050e-82,9.679760e-82,9.085501e-82,7.715051e-82,3.824803e-82,3.589818e-83,1.072021e-83,2.977851e-83,6.516491e-83,1.147243e-82,1.508239e-82,1.763938e-82,2.048094e-82,2.291858e-82,2.511817e-82,2.546986e-82,2.465424e-82,2.196626e-82,1.270383e-82,1.519563e-83,2.096875e-84,8.250636e-84,1.018863e-83,1.470059e-83,1.667633e-83,2.047195e-83,2.180396e-83,2.644060e-83,2.963939e-83,3.268212e-83,2.882056e-83,2.454812e-83,1.557504e-83,1.899375e-84
5.767873e-83,1.389723e-81,5.879035e-81,1.135085e-80,1.638159e-80,2.273771e-80,2.879759e-80,1.378321e-80,4.059297e-82,3.677221e-82,1.373687e-81,4.218034e-81,7.987800e-81,1.101409e-80,1.439096e-80,1.658807e-80,1.870551e-80,1.350817e-80,2.035701e-81,4.017137e-82,1.937016e-81,4.510916e-81,7.125440e-81,1.067072e-80,1.281160e-80,1.451728e-80,1.615880e-80,1.599144e-80,1.157895e-80,8.385939e-82,3.977204e-82,1.920437e-81,4.127530e-81,6.917597e-81,1.034947e-80,1.148247e-80,1.267538e-80,1.383648e-80,1.302594e-80,9.427381e-81,2.949242e-81,2.268473e-83,4.185002e-82,1.670623e-81,4.050602e-81,6.615483e-81,8.911820e-81,1.016559e-80,1.124290e-80,1.207672e-80,1.050326e-80,8.250215e-81,2.709800e-81,-6.285499e-82,4.279569e-82,1.741096e-81,3.868779e-81,6.882647e-81,9.035585e-81,1.015386e-80,1.155207e-80,1.090178e-80,8.234431e-81,5.151085e-81,1.468825e-81,-1.628233e-81,-5.629351e-83,4.299209e-82,1.728636e-81,3.942108e-81,6.257443e-81,6.999636e-81,8.516524e-81,9.274154e-81,8.499932e-81,6.312359e-81,3.292811e-81,3.037953e-82,-1.281845e-81,-1.784143e-82,3.726194e-82,1.335739e-81,3.135895e-81,4.984161e-81,6.106283e-81,6.972936e-81,6.995699e-81,6.012686e-81,3.555459e-81,1.555441e-81,-2.288560e-82,-7.604725e-82,-1.380264e-82,8.076545e-83,4.385207e-82,7.975653e-82,1.340911e-81,1.495314e-81,1.330060e-81,7.977244e-82,-7.302843e-83,-1.119784e-81,-1.284498e-81,-1.281050e-81,-6.469654e-82,-9.754517e-83,-3.781999e-87,-2.755101e-83,3.323261e-83,1.049279e-82,1.212754e-82,-1.378554e-82,-3.181660e-82,-5.929913e-82,-7.731958e-82,-7.987015e-82,-7.479532e-82,-4.916951e-82,-2.689464e-82,-3.867378e-83,-2.076513e-85,-9.588556e-84,-7.183963e-83,-1.820047e-82,-2.912232e-82,-3.880833e-82,-3.918544e-82,-5.106457e-82,-6.011976e-82,-4.306489e-82,-3.148065e-82,-1.217824e-82,-2.529619e-83,2.192192e-83,4.129871e-85,-1.481519e-84,-2.280956e-83,-6.489258e-83,-1.128171e-82,-1.849992e-82,-9.053928e-83,-1.444759e-82,-2.366192e-82,-1.515141e-82,-1.274908e-82,5.591568e-84,6.876956e-83,3.796218e-83,7.073489e-85,6.336628e-84,1.700776e-83,4.082652e-83,7.987010e-83,8.514439e-83,8.741707e-83,1.231724e-82,1.145524e-82,1.088785e-82,1.174001e-82,1.247838e-82,9.866923e-83,3.777373e-83,1.281764e-84,4.532139e-84,9.620010e-84,2.294596e-83,4.423898e-83,5.355369e-83,6.040597e-83,7.136665e-83,7.479570e-83,7.214119e-83,7.107151e-83,6.522817e-83,5.209473e-83,2.027882e-83,9.303028e-85,7.648833e-85,2.375373e-84,6.182322e-84,1.118062e-83,1.396973e-83,1.480523e-83,1.652013e-83,1.808205e-83,1.902628e-83,1.821035e-83,1.772475e-83,1.603172e-83,7.579680e-84,-9.999347e-86,1.497198e-85,1.049038e-84,8.410905e-85,1.227227e-84,7.148691e-85,8.018859e-85,9.161169e-85,1.109352e-84,9.817833e-85,1.186337e-84,6.466029e-85,2.810647e-85,-1.914867e-86,-1.823068e-85
4.152250e-83,4.308760e-82,1.569113e-81,3.051769e-81,4.349602e-81,6.007682e-81,7.730819e-81,3.692367e-81,8.937564e-83,1.041641e-82,4.309100e-82,1.249328e-81,2.372677e-81,3.220818e-81,4.195318e-81,4.914503e-81,5.521085e-81,3.671340e-81,4.017137e-82,2.514899e-82,5.319099e-82,1.346702e-81,2.188163e-81,3.237380e-81,3.949325e-81,4.556473e-81,5.007704e-81,5.017000e-81,3.457553e-81,2.509287e-82,1.138417e-82,5.663650e-82,1.282989e-81,2.187306e-81,3.199372e-81,3.643126e-81,4.120357e-81,4.481956e-81,4.233097e-81,3.171211e-81,1.126733e-81,9.028344e-84,1.303588e-82,5.144049e-82,1.286010e-81,2.112317e-81,2.828220e-81,3.329655e-81,3.734235e-81,3.992557e-81,3.555570e-81,2.780689e-81,1.059068e-81,-3.299418e-83,1.327547e-82,5.514900e-82,1.224342e-81,2.188339e-81,2.886101e-81,3.328013e-81,3.831115e-81,3.665006e-81,2.859477e-81,1.911741e-81,6.656758e-82,-3.005937e-82,-1.000238e-83,1.418936e-82,5.567207e-82,1.253193e-81,2.023685e-81,2.416710e-81,2.868320e-81,3.169273e-81,2.986526e-81,2.285315e-81,1.267016e-81,2.819257e-82,-2.673225e-82,-3.938437e-83,1.268317e-82,4.398683e-82,1.028456e-81,1.662272e-81,2.094577e-81,2.383646e-81,2.460444e-81,2.137392e-81,1.389234e-81,6.857422e-82,5.880769e-83,-1.607464e-82,-3.049957e-83,3.943038e-83,1.577207e-82,3.220333e-82,5.218317e-82,5.958395e-82,5.844154e-82,4.392310e-82,1.667926e-82,-1.890218e-82,-2.943489e-82,-3.261326e-82,-1.580903e-82,-2.364074e-83,-1.897666e-87,-2.500387e-84,2.488752e-83,6.691998e-83,7.719630e-83,3.881499e-83,-3.514593e-83,-8.112345e-83,-1.801899e-82,-1.963819e-82,-1.851294e-82,-1.319094e-82,-6.801113e-83,-6.735791e-84,-4.842331e-86,-3.042796e-84,-2.029234e-83,-4.170344e-83,-7.605878e-83,-9.107233e-83,-1.063439e-82,-1.379519e-82,-1.649533e-82,-1.215724e-82,-8.014391e-83,-2.881424e-83,5.087242e-84,1.033186e-83,5.437135e-86,-5.976998e-85,-6.006591e-84,-1.522822e-83,-2.527974e-83,-4.444500e-83,-2.615361e-83,-4.786373e-83,-6.849527e-83,-3.648853e-83,-2.916344e-83,9.214992e-84,3.104593e-83,1.563205e-83,1.560591e-85,2.462304e-84,6.021846e-84,1.463441e-83,2.777502e-83,2.987224e-83,3.252644e-83,4.458400e-83,4.331247e-83,4.242631e-83,4.648939e-83,4.670061e-83,3.847383e-83,1.402092e-83,4.630253e-85,1.850001e-84,3.903874e-84,7.820554e-84,1.424670e-83,1.955324e-83,2.286193e-83,2.497683e-83,2.540802e-83,2.689004e-83,2.629380e-83,2.321163e-83,1.968590e-83,7.783363e-84,4.066817e-85,3.831133e-85,1.046962e-84,2.187252e-84,3.790181e-84,4.767678e-84,5.467891e-84,6.114486e-84,6.533216e-84,6.900038e-84,7.140622e-84,6.555164e-84,5.523170e-84,2.769182e-84,5.764904e-86,4.256202e-87,7.007141e-86,1.850935e-85,2.293216e-85,2.614921e-85,4.458024e-85,2.983788e-85,3.861323e-85,4.275062e-85,3.550193e-85,2.857164e-85,1.394778e-85,3.482646e-87,-5.438768e-86
1.168284e-82,2.071701e-81,8.404142e-81,1.612239e-80,2.308265e-80,3.180699e-80,4.002301e-80,1.745738e-80,4.328542e-82,5.079316e-82,1.896035e-81,5.842373e-81,1.134800e-80,1.517742e-80,1.981158e-80,2.256377e-80,2.467007e-80,1.546433e-80,1.937016e-81,5.319099e-82,3.139203e-81,6.319046e-81,1.004739e-80,1.499754e-80,1.787537e-80,2.015974e-80,2.163643e-80,2.083821e-80,1.304109e-80,7.679004e-82,5.446620e-82,2.666157e-81,5.744353e-81,9.818472e-81,1.451641e-80,1.585650e-80,1.756000e-80,1.853135e-80,1.653044e-80,1.061686e-80,1.859804e-81,2.649558e-83,6.060574e-82,2.250122e-81,5.690880e-81,9.370625e-81,1.243908e-80,1.407000e-80,1.554686e-80,1.617572e-80,1.314510e-80,9.361133e-81,1.117453e-81,-1.724921e-81,5.781348e-82,2.454522e-81,5.413502e-81,9.702076e-81,1.269356e-80,1.419617e-80,1.601902e-80,1.458499e-80,9.942923e-81,5.024749e-81,-3.324119e-82,-3.845400e-81,-1.147762e-82,6.006440e-82,2.419691e-81,5.524108e-81,8.799751e-81,9.774295e-81,1.151115e-80,1.258416e-80,1.091439e-80,7.167675e-81,2.407177e-81,-1.665960e-81,-3.069610e-81,-3.657004e-82,5.295242e-82,1.824756e-81,4.389847e-81,6.883118e-81,8.461363e-81,9.434138e-81,9.377585e-81,7.391927e-81,3.519982e-81,4.552224e-82,-1.770344e-81,-1.917693e-81,-3.057005e-82,7.594502e-83,4.317247e-82,8.184875e-82,1.238661e-81,1.280519e-81,7.090140e-82,-2.967838e-82,-1.803623e-81,-3.377178e-81,-3.390872e-81,-2.938400e-81,-1.462993e-81,-2.407683e-82,-2.049114e-86,-8.083318e-83,-1.194451e-82,-1.603207e-82,-4.088504e-82,-9.278767e-82,-1.444174e-81,-1.913682e-81,-2.324463e-81,-2.212573e-81,-1.896036e-81,-1.290098e-81,-7.030377e-82,-1.297471e-82,-1.266669e-84,-3.939080e-83,-2.155440e-82,-4.800931e-82,-7.898550e-82,-1.036635e-81,-1.161857e-81,-1.398083e-81,-1.518265e-81,-1.191629e-81,-9.002419e-82,-4.770623e-82,-1.982776e-82,-2.431865e-83,-1.610834e-84,-1.483547e-83,-7.836551e-83,-2.003012e-82,-3.204896e-82,-4.862145e-82,-4.255739e-82,-5.488712e-82,-6.789010e-82,-4.964958e-82,-4.297106e-82,-1.714851e-82,5.273050e-85,1.372926e-83,-1.365840e-84,6.859761e-84,1.420530e-83,3.857308e-83,7.985871e-83,7.430767e-83,6.734325e-83,1.162613e-82,1.005885e-82,8.596379e-83,1.129736e-82,1.293466e-82,1.069181e-82,2.799218e-83,-5.558418e-85,6.657043e-84,1.149083e-83,2.596925e-83,5.336232e-83,7.008929e-83,7.915597e-83,8.715376e-83,8.701245e-83,8.659602e-83,8.207323e-83,7.090759e-83,5.745904e-83,1.447543e-83,-9.074439e-85,1.255747e-84,3.748099e-84,7.920202e-84,1.393978e-83,1.713347e-83,1.855042e-83,2.096686e-83,2.183672e-83,2.217879e-83,2.186327e-83,2.040639e-83,1.692916e-83,6.323061e-84,-1.312836e-84,9.529554e-86,4.635370e-85,4.701535e-85,6.316313e-85,2.378233e-85,5.474360e-85,-2.282019e-85,1.470448e-85,-1.604110e-85,-4.364274e-85,-8.305173e-85,-1.419947e-84,-1.507208e-84,-5.769833e-85
2.773776e-82,4.825153e-81,1.956675e-80,3.773882e-80,5.400581e-80,7.435573e-80,9.369739e-80,4.118682e-80,1.012493e-81,1.227783e-81,4.568621e-81,1.367725e-80,2.669052e-80,3.597091e-80,4.680726e-80,5.363792e-80,5.865632e-80,3.693223e-80,4.510916e-81,1.346702e-81,6.319046e-81,1.576183e-80,2.361798e-80,3.535857e-80,4.229782e-80,4.779486e-80,5.144382e-80,4.983899e-80,3.155528e-80,1.902045e-81,1.325127e-81,6.340031e-81,1.351072e-80,2.305756e-80,3.425332e-80,3.766009e-80,4.177835e-80,4.433851e-80,3.971709e-80,2.612487e-80,5.344911e-81,6.770182e-83,1.418882e-81,5.364947e-81,1.341443e-80,2.208423e-80,2.957752e-80,3.338767e-80,3.706057e-80,3.879243e-80,3.187295e-80,2.304323e-80,3.718861e-81,-3.561683e-81,1.365411e-81,5.775612e-81,1.281216e-80,2.292586e-80,3.001825e-80,3.370943e-80,3.819369e-80,3.504525e-80,2.443310e-80,1.297907e-80,2.984667e-82,-8.224018e-81,-2.447618e-82,1.430691e-81,5.706865e-81,1.304767e-80,2.083161e-80,2.332479e-80,2.753783e-80,3.022135e-80,2.656490e-80,1.798428e-80,6.747348e-81,-2.932545e-81,-6.560011e-81,-7.931054e-82,1.254899e-81,4.350120e-81,1.039175e-80,1.640327e-80,2.024097e-80,2.270072e-80,2.267895e-80,1.817759e-80,9.235790e-81,2.006133e-81,-3.424616e-81,-4.064126e-81,-6.533039e-82,2.133738e-82,1.120082e-81,2.185021e-81,3.359079e-81,3.507293e-81,2.412446e-81,1.911906e-82,-3.219652e-81,-6.917473e-81,-7.140896e-81,-6.312610e-81,-3.148313e-81,-5.112699e-82,-3.960006e-86,-1.608198e-82,-1.828052e-82,-1.750302e-82,-6.414378e-82,-1.700865e-81,-2.880495e-81,-3.798400e-81,-4.826499e-81,-4.617338e-81,-3.995487e-81,-2.721590e-81,-1.489977e-81,-2.644651e-82,-2.481500e-84,-8.032925e-83,-4.492234e-82,-9.898917e-82,-1.655503e-81,-2.154500e-81,-2.441527e-81,-2.932726e-81,-3.206573e-81,-2.505401e-81,-1.873461e-81,-9.554229e-82,-3.697999e-82,-2.922557e-83,-2.784039e-84,-2.789152e-83,-1.601126e-82,-4.060979e-82,-6.502279e-82,-1.008883e-81,-8.598304e-82,-1.123132e-81,-1.419049e-81,-1.014607e-81,-8.760613e-82,-3.048370e-82,6.069694e-83,5.411124e-83,-2.169788e-84,1.844663e-83,3.847898e-83,1.011218e-82,2.024215e-82,2.023636e-82,1.881677e-82,3.116010e-82,2.780889e-82,2.482580e-82,3.070544e-82,3.380458e-82,2.785710e-82,7.894967e-83,-8.646421e-86,1.621032e-83,2.984318e-83,6.483456e-83,1.280025e-82,1.704406e-82,1.956876e-82,2.151614e-82,2.197463e-82,2.203915e-82,2.116726e-82,1.828943e-82,1.501097e-82,4.274413e-83,-9.554510e-85,3.067806e-84,9.150826e-84,1.910405e-83,3.340005e-83,4.208390e-83,4.613932e-83,5.223926e-83,5.421618e-83,5.653183e-83,5.609572e-83,5.179041e-83,4.286038e-83,1.730776e-83,-2.384636e-84,1.515518e-85,8.878863e-85,1.154455e-84,1.537016e-84,8.313332e-85,1.830453e-84,3.452443e-85,1.165334e-84,8.377340e-85,3.168035e-85,-7.211328e-85,-2.365736e-84,-2.927040e-84,-1.191946e-84
5.000357e-82,7.588451e-81,3.024834e-80,5.837834e-80,8.374732e-80,1.152421e-79,1.455068e-79,6.567204e-80,1.610340e-81,1.958850e-81,7.349872e-81,2.180750e-80,4.213668e-80,5.712304e-80,7.482863e-80,8.589134e-80,9.489933e-80,6.073746e-80,7.125440e-81,2.188163e-81,1.004739e-80,2.361798e-80,3.997417e-80,5.607775e-80,6.768584e-80,7.698944e-80,8.353211e-80,8.185802e-80,5.338119e-80,3.449912e-81,2.123636e-81,1.008110e-80,2.168993e-80,3.695980e-80,5.441835e-80,6.086759e-80,6.807034e-80,7.288934e-80,6.640694e-80,4.594235e-80,1.199802e-80,1.239522e-82,2.284434e-81,8.538392e-81,2.152442e-80,3.537460e-80,4.736497e-80,5.439969e-80,6.061699e-80,6.398565e-80,5.420720e-80,4.043936e-80,1.004193e-80,-3.927760e-81,2.196113e-81,9.214508e-81,2.054420e-80,3.684376e-80,4.833492e-80,5.485127e-80,6.223285e-80,5.811830e-80,4.246105e-80,2.472877e-80,4.276857e-81,-1.034617e-80,-3.130894e-82,2.319220e-81,9.159738e-81,2.091290e-80,3.363899e-80,3.845150e-80,4.540751e-80,5.012563e-80,4.527267e-80,3.234692e-80,1.462964e-80,-1.207749e-81,-8.302204e-81,-1.055493e-81,2.036486e-81,7.069321e-81,1.685399e-80,2.672178e-80,3.332443e-80,3.755967e-80,3.806306e-80,3.156422e-80,1.796034e-80,6.375193e-81,-2.983632e-81,-5.066086e-81,-8.440963e-82,4.476968e-82,2.090642e-81,4.235924e-81,6.622351e-81,7.447592e-81,6.105856e-81,3.053567e-81,-1.969116e-81,-7.905160e-81,-8.727446e-81,-8.217648e-81,-4.105284e-81,-6.419795e-82,-4.044050e-86,-1.776160e-82,-1.542701e-83,3.240090e-82,-6.916929e-83,-1.316255e-81,-2.987051e-81,-4.137260e-81,-5.706653e-81,-5.606673e-81,-4.956573e-81,-3.399768e-81,-1.857127e-81,-2.944545e-82,-2.388321e-84,-8.881013e-83,-5.538709e-82,-1.196814e-81,-2.008103e-81,-2.638269e-81,-2.982397e-81,-3.670182e-81,-4.033827e-81,-3.100447e-81,-2.255841e-81,-1.038747e-81,-3.020326e-82,4.379337e-83,-1.632904e-84,-2.784882e-83,-1.850854e-82,-4.838933e-82,-7.475660e-82,-1.206205e-81,-9.402732e-82,-1.317877e-81,-1.729429e-81,-1.159249e-81,-9.724627e-82,-1.890504e-82,2.817334e-82,1.609237e-82,-3.209881e-85,3.302926e-83,7.691539e-83,1.958065e-82,3.734524e-82,3.992131e-82,4.071973e-82,6.019605e-82,5.727273e-82,5.312505e-82,6.110889e-82,6.478648e-82,5.337575e-82,1.732094e-82,3.497406e-84,2.733507e-83,5.192007e-83,1.140643e-82,2.197058e-82,2.963595e-82,3.409660e-82,3.763201e-82,3.919142e-82,4.007817e-82,3.872702e-82,3.409023e-82,2.833956e-82,9.649058e-83,2.235815e-84,5.340150e-84,1.563395e-83,3.173733e-83,5.547215e-83,7.106765e-83,8.034061e-83,9.206172e-83,9.742233e-83,1.025919e-82,1.028183e-82,9.561927e-83,7.939455e-83,3.619475e-83,-1.604230e-84,3.930018e-85,1.548305e-84,2.289511e-84,3.489112e-84,2.777714e-84,4.657423e-84,2.567449e-84,4.260420e-84,4.571303e-84,3.761587e-84,2.338484e-84,-5.467290e-85,-2.361227e-84,-1.429467e-84
7.233402e-82,1.128470e-80,4.520059e-80,8.731903e-80,1.251397e-79,1.724579e-79,2.178133e-79,9.799239e-80,2.407218e-81,2.915450e-81,1.090055e-80,3.255808e-80,6.278299e-80,8.472678e-80,1.110158e-79,1.278309e-79,1.407893e-79,9.024520e-80,1.067072e-80,3.237380e-81,1.499754e-80,3.535857e-80,5.607775e-80,8.693393e-80,1.004458e-79,1.140403e-79,1.239023e-79,1.212527e-79,7.879252e-80,5.077114e-81,3.157980e-81,1.498986e-80,3.233751e-80,5.490871e-80,8.118634e-80,8.991427e-80,1.003937e-79,1.077889e-79,9.807470e-80,6.718728e-80,1.710249e-80,1.816428e-82,3.393168e-81,1.271317e-80,3.193366e-80,5.269829e-80,7.054877e-80,8.038002e-80,8.966673e-80,9.458548e-80,7.977902e-80,5.922341e-80,1.405229e-80,-6.262997e-81,3.280604e-81,1.371894e-80,3.049274e-80,5.456082e-80,7.185175e-80,8.123413e-80,9.216895e-80,8.579507e-80,6.219197e-80,3.580975e-80,5.478489e-81,-1.603253e-80,-4.820702e-82,3.440987e-81,1.361884e-80,3.104889e-80,4.987027e-80,5.686498e-80,6.721040e-80,7.404972e-80,6.645969e-80,4.711353e-80,2.079425e-80,-2.657581e-81,-1.286679e-80,-1.616093e-81,3.029327e-81,1.047401e-80,2.498292e-80,3.954736e-80,4.921152e-80,5.548833e-80,5.605682e-80,4.615160e-80,2.580339e-80,8.630465e-81,-5.102231e-81,-7.886461e-81,-1.304930e-81,6.401467e-82,3.032826e-81,6.068160e-81,9.473998e-81,1.060529e-80,8.516759e-81,3.775311e-81,-3.825657e-81,-1.262886e-80,-1.369740e-80,-1.271477e-80,-6.337638e-81,-1.001271e-81,-6.778670e-86,-2.810605e-82,-9.984055e-83,2.916146e-82,-3.768969e-82,-2.328658e-81,-4.790074e-81,-6.690393e-81,-9.039745e-81,-8.837580e-81,-7.766736e-81,-5.320521e-81,-2.900843e-81,-4.701230e-82,-3.840559e-84,-1.385906e-82,-8.621135e-82,-1.896940e-81,-3.170317e-81,-4.144172e-81,-4.674350e-81,-5.724023e-81,-6.324001e-81,-4.859758e-81,-3.549522e-81,-1.681391e-81,-5.286790e-82,4.231689e-83,-3.008367e-84,-4.364016e-83,-2.914734e-82,-7.670300e-82,-1.196789e-81,-1.903193e-81,-1.512117e-81,-2.074839e-81,-2.725077e-81,-1.864076e-81,-1.566178e-81,-3.645614e-82,3.716046e-82,2.192877e-82,-1.061907e-84,4.890106e-83,1.104589e-82,2.805285e-82,5.410683e-82,5.732677e-82,5.770659e-82,8.683256e-82,8.121597e-82,7.478969e-82,8.722906e-82,9.314405e-82,7.660840e-82,2.441313e-82,4.489010e-84,4.045887e-83,7.571817e-83,1.660297e-82,3.236421e-82,4.317475e-82,5.006097e-82,5.544971e-82,5.713787e-82,5.798156e-82,5.594789e-82,4.925981e-82,4.074524e-82,1.353265e-82,2.387853e-84,7.806030e-84,2.290911e-83,4.721969e-83,8.260099e-83,1.042802e-82,1.166923e-82,1.340098e-82,1.413132e-82,1.477653e-82,1.481672e-82,1.380594e-82,1.151984e-82,5.111378e-83,-3.060672e-84,5.259656e-85,2.341788e-84,3.494803e-84,4.877892e-84,4.031761e-84,6.469867e-84,2.933996e-84,5.584505e-84,5.481618e-84,4.504985e-84,2.203914e-84,-1.743539e-84,-4.147612e-84,-2.255588e-84
1.113643e-81,1.382624e-80,5.352378e-80,1.031419e-79,1.477731e-79,2.036981e-79,2.580200e-79,1.183807e-79,2.912289e-81,3.553649e-81,1.323261e-80,3.914189e-80,7.557358e-80,1.016965e-79,1.334680e-79,1.541250e-79,1.716008e-79,1.115145e-79,1.281160e-80,3.949325e-81,1.787537e-80,4.229782e-80,6.768584e-80,1.004458e-79,1.261532e-79,1.384173e-79,1.510385e-79,1.493957e-79,9.917490e-80,6.748242e-81,3.826618e-81,1.792676e-80,3.889873e-80,6.642351e-80,9.799134e-80,1.093006e-79,1.224106e-79,1.323692e-79,1.226355e-79,8.672650e-80,2.534003e-80,2.431855e-82,4.117122e-81,1.531820e-80,3.852570e-80,6.363441e-80,8.549162e-80,9.824899e-80,1.096285e-79,1.166886e-79,1.005815e-79,7.643916e-80,2.255339e-80,-5.137111e-81,3.964928e-81,1.653815e-80,3.681864e-80,6.576449e-80,8.690906e-80,9.905090e-80,1.126819e-79,1.062767e-79,7.947268e-80,4.872093e-80,1.198290e-80,-1.546560e-80,-4.747837e-82,4.184541e-81,1.644692e-80,3.753174e-80,6.053350e-80,6.992925e-80,8.294908e-80,9.166666e-80,8.383458e-80,6.155405e-80,3.041514e-80,1.624783e-81,-1.247474e-80,-1.657199e-81,3.696613e-81,1.277013e-80,3.044284e-80,4.838946e-80,6.059685e-80,6.850738e-80,6.997635e-80,5.908513e-80,3.544132e-80,1.474333e-80,-2.710447e-81,-7.491734e-81,-1.293417e-81,9.177394e-82,4.104789e-81,8.349078e-81,1.307818e-80,1.519350e-80,1.330949e-80,8.304036e-81,-2.931300e-82,-1.085353e-80,-1.280526e-80,-1.266793e-80,-6.332636e-81,-9.493956e-82,-5.636655e-86,-2.328461e-82,2.711963e-82,1.166261e-81,8.811667e-82,-9.107047e-82,-3.435650e-81,-5.461064e-81,-8.156323e-81,-8.212182e-81,-7.384798e-81,-5.056295e-81,-2.720844e-81,-3.670693e-82,-2.186330e-84,-1.149736e-82,-8.051618e-82,-1.757829e-81,-2.968306e-81,-3.876288e-81,-4.343884e-81,-5.452918e-81,-6.157461e-81,-4.592640e-81,-3.230840e-81,-1.319045e-81,-1.880811e-82,1.965440e-82,8.339757e-85,-3.110267e-83,-2.536833e-82,-6.868181e-82,-1.059190e-81,-1.735184e-81,-1.213504e-81,-1.823140e-81,-2.549127e-81,-1.583049e-81,-1.283770e-81,-6.835872e-84,7.423230e-82,3.860188e-82,3.897443e-84,6.257916e-83,1.549382e-82,3.914397e-82,7.215696e-82,7.883636e-82,8.381530e-82,1.190913e-81,1.153427e-81,1.097332e-81,1.229986e-81,1.290477e-81,1.065810e-81,3.750159e-82,1.164632e-83,5.054482e-83,9.639435e-83,2.147071e-82,4.106331e-82,5.503812e-82,6.414647e-82,7.137795e-82,7.472972e-82,7.659928e-82,7.432338e-82,6.686966e-82,5.637748e-82,2.125439e-82,9.361410e-84,1.023169e-83,2.936427e-83,5.925377e-83,1.030054e-82,1.304584e-82,1.500383e-82,1.724924e-82,1.848646e-82,1.947713e-82,1.976075e-82,1.865426e-82,1.580169e-82,7.679404e-83,2.870943e-85,7.137420e-85,2.746340e-84,4.782639e-84,6.754912e-84,7.196840e-84,1.062965e-83,6.694816e-84,1.004933e-83,1.058080e-83,9.772055e-84,7.524670e-84,2.964506e-84,-1.190599e-84,-1.908563e-84
1.381711e-81,1.552748e-80,5.878456e-80,1.134543e-79,1.625670e-79,2.243672e-79,2.861616e-79,1.340308e-79,3.310560e-81,4.090118e-81,1.511638e-80,4.418619e-80,8.515610e-80,1.147662e-79,1.504659e-79,1.749755e-79,1.958846e-79,1.295476e-79,1.451728e-80,4.556473e-81,2.015974e-80,4.779486e-80,7.698944e-80,1.140403e-79,1.384173e-79,1.652297e-79,1.737772e-79,1.732596e-79,1.175853e-79,8.317970e-81,4.383614e-81,2.037994e-80,4.441656e-80,7.576840e-80,1.121888e-79,1.253529e-79,1.415391e-79,1.534156e-79,1.439309e-79,1.047292e-79,3.426783e-80,2.996900e-82,4.713134e-81,1.760832e-80,4.418586e-80,7.305153e-80,9.812990e-80,1.134288e-79,1.274171e-79,1.362135e-79,1.194286e-79,9.219952e-80,3.172243e-80,-3.445057e-81,4.561560e-81,1.894491e-80,4.225948e-80,7.526158e-80,9.967236e-80,1.140726e-79,1.303957e-79,1.245371e-79,9.524511e-80,6.112005e-80,1.890871e-80,-1.376545e-80,-4.341007e-82,4.802472e-81,1.895990e-80,4.312171e-80,6.968852e-80,8.137851e-80,9.695113e-80,1.073186e-79,9.961037e-80,7.512873e-80,3.969571e-80,6.299606e-81,-1.136094e-80,-1.605852e-81,4.284464e-81,1.482209e-80,3.525955e-80,5.622533e-80,7.048035e-80,8.016897e-80,8.248968e-80,7.091266e-80,4.452636e-80,2.070040e-80,-1.235801e-82,-6.802202e-81,-1.226530e-81,1.177859e-81,5.094786e-81,1.049805e-80,1.666087e-80,1.931723e-80,1.803864e-80,1.266610e-80,3.408486e-81,-8.766291e-81,-1.162829e-80,-1.240612e-80,-6.156738e-81,-8.916338e-82,-4.471691e-86,-1.741596e-82,6.264099e-82,1.984063e-81,2.109574e-81,4.189521e-82,-2.025924e-81,-4.098710e-81,-7.194830e-81,-7.508485e-81,-6.971306e-81,-4.814032e-81,-2.547382e-81,-2.761038e-82,-6.886508e-85,-9.565718e-83,-7.489086e-82,-1.610886e-81,-2.806464e-81,-3.609229e-81,-4.050562e-81,-5.187563e-81,-5.977937e-81,-4.359454e-81,-2.947736e-81,-1.040681e-81,9.864342e-83,3.288700e-82,3.924530e-84,-1.893621e-83,-2.186846e-82,-6.053516e-82,-9.396517e-82,-1.637121e-81,-9.622240e-82,-1.654448e-81,-2.410981e-81,-1.364205e-81,-1.048910e-81,2.704287e-82,1.061885e-81,5.235803e-82,7.827879e-84,7.758401e-83,1.958506e-82,4.866627e-82,8.939447e-82,9.807422e-82,1.064000e-81,1.486011e-81,1.454054e-81,1.396371e-81,1.544104e-81,1.582671e-81,1.307129e-81,4.808626e-82,1.738276e-83,6.060596e-83,1.188004e-82,2.586732e-82,4.900485e-82,6.530307e-82,7.699304e-82,8.600280e-82,8.974550e-82,9.267206e-82,9.037760e-82,8.114446e-82,6.854404e-82,2.738376e-82,1.490634e-83,1.241016e-83,3.504712e-83,7.092366e-83,1.223325e-82,1.555633e-82,1.795992e-82,2.058366e-82,2.212507e-82,2.336813e-82,2.400887e-82,2.262821e-82,1.917191e-82,9.598786e-83,2.484559e-84,9.212600e-85,3.332111e-84,6.098755e-84,8.171705e-84,9.245883e-84,1.414519e-83,9.779848e-84,1.388861e-83,1.392542e-83,1.337916e-83,1.113325e-83,5.852294e-84,3.617098e-85,-1.695408e-84
1.562252e-81,1.646946e-80,6.094732e-80,1.180413e-79,1.693929e-79,2.343469e-79,2.997881e-79,1.466987e-79,3.759246e-81,4.467116e-81,1.647873e-80,4.768876e-80,9.102308e-80,1.242478e-79,1.634998e-79,1.903252e-79,2.158804e-79,1.478473e-79,1.615880e-80,5.007704e-81,2.163643e-80,5.144382e-80,8.353211e-80,1.239023e-79,1.510385e-79,1.737772e-79,1.972340e-79,1.946053e-79,1.376114e-79,1.035732e-80,4.792979e-81,2.198941e-80,4.840976e-80,8.248669e-80,1.217400e-79,1.387628e-79,1.566690e-79,1.720607e-79,1.640703e-79,1.257548e-79,4.732949e-80,3.602460e-82,5.153918e-81,1.936346e-80,4.828066e-80,7.975167e-80,1.075231e-79,1.259295e-79,1.418504e-79,1.533307e-79,1.383092e-79,1.100970e-79,4.596983e-80,6.099317e-82,5.038597e-81,2.063449e-80,4.629899e-80,8.244568e-80,1.094123e-79,1.260122e-79,1.446878e-79,1.404431e-79,1.125035e-79,7.691704e-80,3.070740e-80,-7.808106e-81,-2.886039e-82,5.294041e-81,2.082713e-80,4.721647e-80,7.660533e-80,9.129694e-80,1.089646e-79,1.210348e-79,1.151773e-79,9.090883e-80,5.322260e-80,1.603563e-80,-6.896897e-81,-1.221997e-81,4.714582e-81,1.649892e-80,3.904612e-80,6.253738e-80,7.902955e-80,9.041783e-80,9.395275e-80,8.331123e-80,5.644649e-80,3.061601e-80,6.210014e-81,-3.870096e-81,-8.436441e-82,1.523710e-81,6.319203e-81,1.316979e-80,2.129551e-80,2.534165e-80,2.525826e-80,2.048969e-80,1.142290e-80,-1.797708e-81,-6.050367e-81,-8.934327e-81,-4.463177e-81,-5.500799e-82,1.991730e-86,4.967369e-84,1.340174e-81,3.600153e-81,4.673065e-81,3.720073e-81,1.766532e-81,1.884969e-82,-2.940528e-81,-3.869645e-81,-4.171403e-81,-2.950316e-81,-1.508508e-81,3.548088e-84,3.070027e-84,-1.524753e-83,-4.244456e-82,-8.502864e-82,-1.563498e-81,-1.973691e-81,-2.229106e-81,-3.226493e-81,-3.941952e-81,-2.568576e-81,-1.453017e-81,3.658339e-83,7.884253e-82,5.772927e-82,1.101509e-83,1.774128e-83,-7.034003e-83,-2.524841e-82,-3.456978e-82,-8.634582e-82,-4.360490e-83,-6.472792e-82,-1.361410e-81,-4.007073e-82,-1.375052e-82,1.008739e-81,1.581052e-81,7.435388e-82,1.598477e-83,9.376036e-83,2.538973e-82,6.138826e-82,1.104003e-81,1.262408e-81,1.407169e-81,1.872363e-81,1.884236e-81,1.837371e-81,1.953892e-81,1.965033e-81,1.613348e-81,6.351378e-82,2.712481e-83,6.881696e-83,1.403735e-82,3.073178e-82,5.734053e-82,7.643992e-82,8.983817e-82,1.012327e-81,1.070782e-81,1.113631e-81,1.094420e-81,9.896541e-82,8.382804e-82,3.617152e-82,2.467727e-83,1.399848e-83,3.942700e-83,8.089455e-83,1.407505e-82,1.822012e-82,2.119911e-82,2.441807e-82,2.646791e-82,2.823281e-82,2.891267e-82,2.748074e-82,2.335521e-82,1.240050e-82,7.430142e-84,1.481555e-84,5.526643e-84,8.488935e-84,1.211560e-83,1.372949e-83,1.938457e-83,1.566034e-83,2.083368e-83,2.258560e-83,2.255930e-83,1.981459e-83,1.322973e-83,5.625211e-84,-7.919627e-85
1.807499e-81,1.579449e-80,5.572787e-80,1.083029e-79,1.558891e-79,2.163415e-79,2.794836e-79,1.458504e-79,3.750301e-81,4.471334e-81,1.620630e-80,4.627029e-80,8.756307e-80,1.203674e-79,1.598530e-79,1.873821e-79,2.162675e-79,1.546585e-79,1.599144e-80,5.017000e-81,2.083821e-80,4.983899e-80,8.185802e-80,1.212527e-79,1.493957e-79,1.732596e-79,1.946053e-79,2.079372e-79,1.488769e-79,1.192169e-80,4.780777e-81,2.141211e-80,4.769614e-80,8.128782e-80,1.201100e-79,1.387183e-79,1.581561e-79,1.762670e-79,1.727238e-79,1.396797e-79,6.020532e-80,4.062109e-82,5.117033e-81,1.926032e-80,4.786871e-80,7.911872e-80,1.073012e-79,1.271256e-79,1.440567e-79,1.577936e-79,1.479216e-79,1.218960e-79,6.052316e-80,6.875650e-81,5.074441e-81,2.043125e-80,4.615929e-80,8.183069e-80,1.091092e-79,1.271050e-79,1.465728e-79,1.451531e-79,1.222948e-79,9.009712e-80,4.365680e-80,2.082701e-81,-1.777550e-83,5.336750e-81,2.077177e-80,4.697167e-80,7.675569e-80,9.359177e-80,1.123444e-79,1.254348e-79,1.223960e-79,1.014060e-79,6.555162e-80,2.754123e-80,5.317662e-82,-4.784338e-82,4.750782e-81,1.674767e-80,3.948205e-80,6.356951e-80,8.091846e-80,9.347141e-80,9.857418e-80,9.009107e-80,6.568339e-80,4.028106e-80,1.413647e-80,7.851588e-82,-1.767244e-82,1.791954e-81,7.227409e-81,1.530451e-80,2.494156e-80,3.033577e-80,3.186586e-80,2.845523e-80,2.063733e-80,7.634340e-81,1.922985e-81,-3.199145e-81,-1.574150e-81,-4.385861e-84,8.758735e-86,2.313124e-82,2.147354e-81,5.277271e-81,7.391555e-81,7.733882e-81,6.621552e-81,5.838975e-81,2.772317e-81,1.234272e-81,-1.207441e-82,-1.853272e-82,4.597160e-83,3.970818e-82,8.407529e-84,9.613522e-83,5.580294e-83,2.366268e-82,1.963861e-82,2.954402e-82,3.659321e-82,-3.283191e-82,-9.728053e-82,-2.815940e-83,5.936134e-82,1.418955e-81,1.619523e-81,8.484360e-82,2.023600e-83,6.607912e-83,1.220428e-82,2.152911e-82,4.640136e-82,2.365406e-82,1.155644e-81,7.156402e-82,7.898711e-83,8.528844e-82,9.980244e-82,1.831994e-81,2.112623e-81,9.550477e-82,2.610982e-83,1.047627e-82,2.981680e-82,7.108574e-82,1.236576e-81,1.469957e-81,1.681341e-81,2.155831e-81,2.211462e-81,2.194212e-81,2.258296e-81,2.247429e-81,1.846089e-81,7.646061e-82,3.765481e-83,7.189570e-83,1.519300e-82,3.355695e-82,6.156231e-82,8.189435e-82,9.719280e-82,1.098865e-81,1.172819e-81,1.231513e-81,1.207091e-81,1.109990e-81,9.495093e-82,4.351566e-82,3.456672e-83,1.522421e-83,4.247618e-83,8.551541e-83,1.484597e-82,1.940589e-82,2.290159e-82,2.647673e-82,2.888706e-82,3.122883e-82,3.200286e-82,3.044483e-82,2.635755e-82,1.459164e-82,1.268742e-83,1.857028e-84,6.232837e-84,9.974232e-84,1.437090e-83,1.758853e-83,2.411149e-83,2.134197e-83,2.708038e-83,3.037985e-83,3.091854e-83,2.716805e-83,2.137989e-83,1.150954e-83,4.224510e-85
1.427742e-81,9.244891e-81,2.896243e-80,5.730780e-80,8.335630e-80,1.175119e-79,1.563322e-79,9.832855e-80,2.772888e-81,3.053853e-81,1.065599e-80,2.948457e-80,5.394204e-80,7.637292e-80,1.028820e-79,1.233396e-79,1.494214e-79,1.187391e-79,1.157895e-80,3.457553e-81,1.304109e-80,3.155528e-80,5.338119e-80,7.879252e-80,9.917490e-80,1.175853e-79,1.376114e-79,1.488769e-79,1.297169e-79,1.128832e-80,3.251966e-81,1.381655e-80,3.179488e-80,5.392690e-80,7.978980e-80,9.584234e-80,1.107873e-79,1.287485e-79,1.334170e-79,1.206191e-79,6.369085e-80,3.335032e-82,3.438412e-81,1.328617e-80,3.236178e-80,5.337824e-80,7.337853e-80,9.004722e-80,1.030456e-79,1.167716e-79,1.185114e-79,1.044673e-79,6.718162e-80,1.482763e-80,3.569521e-81,1.371976e-80,3.158667e-80,5.543557e-80,7.468977e-80,8.910477e-80,1.041126e-79,1.084825e-79,1.014995e-79,8.477664e-80,5.313784e-80,1.836084e-80,4.089702e-82,3.728184e-81,1.428894e-80,3.205138e-80,5.308798e-80,6.827216e-80,8.331186e-80,9.363053e-80,9.723487e-80,8.876956e-80,6.697945e-80,3.962003e-80,1.332204e-80,9.098384e-82,3.312580e-81,1.201767e-80,2.796398e-80,4.571153e-80,5.901117e-80,6.970674e-80,7.569762e-80,7.438822e-80,6.200268e-80,4.530284e-80,2.389790e-80,8.725884e-81,1.007686e-81,1.705401e-81,6.642338e-81,1.423127e-80,2.384168e-80,2.980405e-80,3.390042e-80,3.398365e-80,3.108928e-80,2.256011e-80,1.607587e-80,8.139156e-81,4.010736e-81,9.487329e-82,1.919053e-85,5.644924e-82,2.931517e-81,6.639436e-81,1.012609e-80,1.241573e-80,1.337989e-80,1.413733e-80,1.252350e-80,1.025391e-80,7.373582e-81,4.908451e-81,2.848503e-81,9.571327e-82,1.507263e-83,2.620717e-82,9.133118e-82,2.111870e-81,3.333947e-81,4.356071e-81,5.063046e-81,5.124165e-81,4.834080e-81,4.679580e-81,4.226802e-81,3.492284e-81,2.592693e-81,1.051991e-81,2.989089e-83,1.309942e-82,4.361922e-82,1.005620e-81,1.753559e-81,2.112457e-81,3.020933e-81,3.025060e-81,2.763115e-81,2.911922e-81,2.820481e-81,2.753055e-81,2.376449e-81,1.014295e-81,3.518416e-83,9.084621e-83,2.867965e-82,6.634273e-82,1.112718e-81,1.395956e-81,1.660096e-81,2.003191e-81,2.129251e-81,2.156515e-81,2.121744e-81,2.031793e-81,1.648586e-81,7.512274e-82,4.391927e-83,5.389153e-83,1.256816e-82,2.833380e-82,5.040877e-82,6.603771e-82,7.906701e-82,9.132841e-82,9.965460e-82,1.055001e-81,1.047172e-81,9.765289e-82,8.359809e-82,4.275448e-82,4.096676e-83,1.174318e-83,3.232095e-83,6.677278e-83,1.171758e-82,1.567736e-82,1.889596e-82,2.192469e-82,2.444440e-82,2.686685e-82,2.763626e-82,2.649710e-82,2.319694e-82,1.380342e-82,1.782347e-83,2.112572e-84,7.670671e-84,1.039083e-83,1.535638e-83,1.890113e-83,2.467531e-83,2.578501e-83,3.050444e-83,3.475247e-83,3.698080e-83,3.352249e-83,2.876893e-83,1.820991e-83,2.426792e-84
1.581674e-82,5.486461e-82,1.027696e-81,2.152127e-81,3.199068e-81,4.752514e-81,7.046017e-81,6.812732e-81,2.157974e-82,2.182600e-82,7.290878e-82,1.836028e-81,3.183935e-81,4.738247e-81,6.621864e-81,8.303658e-81,1.094542e-80,9.967177e-81,8.385939e-82,2.509287e-82,7.679004e-82,1.902045e-81,3.449912e-81,5.077114e-81,6.748242e-81,8.317970e-81,1.035732e-80,1.192169e-80,1.128832e-80,1.499860e-81,2.306090e-82,8.521473e-82,2.124708e-81,3.578654e-81,5.321525e-81,6.902854e-81,8.206738e-81,1.018015e-80,1.157426e-80,1.160602e-80,7.611106e-81,3.852983e-83,2.395468e-82,9.315231e-82,2.220232e-81,3.685942e-81,5.162907e-81,6.735204e-81,7.919386e-81,9.445749e-81,1.067388e-80,1.017056e-80,8.134693e-81,2.496163e-81,2.657842e-82,9.358149e-82,2.208151e-81,3.780801e-81,5.250885e-81,6.619205e-81,7.850054e-81,8.945778e-81,9.607507e-81,9.117833e-81,6.927648e-81,3.632063e-81,9.601391e-83,2.689203e-82,1.002498e-81,2.227250e-81,3.797503e-81,5.420618e-81,6.732931e-81,7.704123e-81,8.730116e-81,8.890510e-81,7.780214e-81,5.644900e-81,2.757883e-81,2.431733e-82,2.454092e-82,9.126194e-82,2.100373e-81,3.483289e-81,4.675625e-81,5.683184e-81,6.469319e-81,7.004836e-81,6.740701e-81,5.646704e-81,3.663249e-81,1.791681e-81,2.332843e-82,1.958257e-82,7.155955e-82,1.568105e-81,2.622238e-81,3.438920e-81,4.119088e-81,4.510194e-81,4.627097e-81,4.071628e-81,3.255607e-81,2.077550e-81,1.040021e-81,2.056322e-82,2.976003e-86,1.029918e-82,4.246512e-82,9.274723e-82,1.467828e-81,1.939479e-81,2.276145e-81,2.507882e-81,2.460677e-81,2.103609e-81,1.630179e-81,1.086275e-81,6.186535e-82,1.709227e-82,2.279454e-84,4.947973e-83,1.983490e-82,4.512098e-82,7.211578e-82,9.346856e-82,1.080090e-81,1.171255e-81,1.170429e-81,1.034786e-81,8.759068e-82,6.205300e-82,4.065232e-82,1.479500e-82,4.287037e-84,2.202145e-83,8.626098e-83,2.070222e-82,3.438560e-82,4.569908e-82,5.426808e-82,5.951503e-82,6.036152e-82,5.561654e-82,5.212623e-82,4.192393e-82,3.088332e-82,1.301991e-82,4.969682e-84,9.059519e-84,3.308942e-83,7.545074e-83,1.156514e-82,1.546933e-82,1.945009e-82,2.184517e-82,2.403213e-82,2.492046e-82,2.339717e-82,2.172437e-82,1.768056e-82,9.002592e-83,6.014218e-84,4.670556e-84,1.167067e-83,2.799042e-83,4.716989e-83,6.026074e-83,7.372244e-83,8.722923e-83,9.761544e-83,1.038417e-82,1.047575e-82,1.011596e-82,8.818600e-83,5.187055e-83,5.942018e-84,1.170097e-84,3.034708e-84,6.026683e-84,1.046078e-83,1.427474e-83,1.789622e-83,2.106819e-83,2.388880e-83,2.618136e-83,2.748077e-83,2.713888e-83,2.446209e-83,1.621280e-83,2.987588e-84,2.721576e-85,8.391081e-85,1.270961e-84,1.867080e-84,2.713645e-84,3.103686e-84,3.339450e-84,3.808673e-84,4.328841e-84,4.824237e-84,4.611124e-84,4.366401e-84,3.084597e-84,5.601144e-85
4.525479e-83,4.316744e-82,1.548046e-81,2.971334e-81,4.256234e-81,5.893647e-81,7.548222e-81,3.584820e-81,8.740550e-83,1.165489e-82,4.172188e-82,1.199817e-81,2.295327e-81,3.092005e-81,4.087639e-81,4.713716e-81,5.250262e-81,3.508517e-81,3.977204e-82,1.138417e-82,5.446620e-82,1.325127e-81,2.123636e-81,3.157980e-81,3.826618e-81,4.383614e-81,4.792979e-81,4.780777e-81,3.251966e-81,2.306090e-82,2.290853e-82,5.558405e-82,1.234805e-81,2.109694e-81,3.112710e-81,3.497446e-81,3.933453e-81,4.260518e-81,3.992149e-81,2.896395e-81,9.384893e-82,7.845409e-84,1.286049e-82,4.663981e-82,1.236576e-81,2.040746e-81,2.740471e-81,3.171598e-81,3.550084e-81,3.789341e-81,3.319195e-81,2.552268e-81,8.468322e-82,-1.178817e-82,1.198260e-82,5.298646e-82,1.199353e-81,2.125235e-81,2.804954e-81,3.218739e-81,3.637585e-81,3.466308e-81,2.641074e-81,1.663948e-81,4.666638e-82,-4.359334e-82,-1.406867e-83,1.391679e-82,5.411306e-82,1.217508e-81,1.969347e-81,2.283870e-81,2.716917e-81,3.010459e-81,2.757667e-81,2.064539e-81,1.058251e-81,1.144280e-82,-3.702895e-82,-5.016760e-83,1.211451e-82,4.163423e-82,9.936726e-82,1.578975e-81,1.979088e-81,2.251339e-81,2.315876e-81,1.957039e-81,1.199734e-81,5.187383e-82,-6.590726e-83,-2.341826e-82,-4.104292e-83,2.946552e-83,1.345576e-82,2.740831e-82,4.326996e-82,5.002019e-82,4.395214e-82,2.791026e-82,-7.664888e-84,-3.557217e-82,-4.261019e-82,-4.229833e-82,-2.069168e-82,-3.224501e-83,-2.341046e-87,-8.765277e-84,6.443982e-84,2.866112e-83,1.055920e-83,-4.361182e-83,-1.340205e-82,-1.911589e-82,-2.894602e-82,-2.931231e-82,-2.609706e-82,-1.819835e-82,-9.615667e-83,-1.311459e-83,-9.062254e-86,-4.305778e-84,-3.004218e-83,-6.507790e-83,-1.112046e-82,-1.494821e-82,-1.615098e-82,-2.032585e-82,-2.263919e-82,-1.698823e-82,-1.218611e-82,-5.375978e-83,-1.150433e-83,5.339836e-84,-7.057532e-86,-1.237987e-84,-1.084762e-83,-2.860046e-83,-4.083566e-83,-6.690454e-83,-5.236957e-83,-7.173210e-83,-9.840231e-83,-6.317627e-83,-5.254482e-83,-7.477277e-84,2.187387e-83,1.149821e-83,2.819550e-86,2.072367e-84,5.069128e-84,1.216335e-83,2.194415e-83,2.470690e-83,2.626448e-83,3.687444e-83,3.645549e-83,3.407572e-83,3.868275e-83,4.027748e-83,3.377019e-83,1.175212e-83,2.440302e-85,1.632979e-84,3.059993e-84,6.959522e-84,1.355769e-83,1.810365e-83,2.111444e-83,2.296203e-83,2.398823e-83,2.447943e-83,2.328216e-83,2.087664e-83,1.750781e-83,6.431048e-84,1.660229e-85,3.334554e-85,1.003980e-84,1.954092e-84,3.394727e-84,4.338089e-84,4.902431e-84,5.654348e-84,5.930080e-84,6.130620e-84,6.209852e-84,5.834133e-84,4.962230e-84,2.299045e-84,-8.797467e-86,1.560149e-86,8.741518e-86,1.421705e-85,2.272610e-85,1.667737e-85,2.818153e-85,1.484087e-85,2.469447e-85,2.279059e-85,1.969252e-85,9.254604e-86,-2.294636e-86,-1.350904e-85,-8.564696e-86
1.369242e-82,2.027193e-81,7.941483e-81,1.530251e-80,2.187248e-80,3.019760e-80,3.829087e-80,1.712247e-80,4.249422e-82,5.387732e-82,1.949982e-81,5.801430e-81,1.112135e-80,1.495143e-80,1.947542e-80,2.235352e-80,2.454037e-80,1.573285e-80,1.920437e-81,5.663650e-82,2.666157e-81,6.340031e-81,1.008110e-80,1.498986e-80,1.792676e-80,2.037994e-80,2.198941e-80,2.141211e-80,1.381655e-80,8.521473e-82,5.558405e-82,3.146470e-81,5.820338e-81,9.931745e-81,1.466381e-80,1.614763e-80,1.797774e-80,1.909153e-80,1.723071e-80,1.158656e-80,2.623973e-81,2.718918e-83,5.869996e-82,2.304050e-81,5.752835e-81,9.525979e-81,1.272270e-80,1.448010e-80,1.603576e-80,1.680146e-80,1.393101e-80,1.015523e-80,1.896634e-81,-1.462290e-81,5.965732e-82,2.462557e-81,5.529981e-81,9.926285e-81,1.297950e-80,1.457550e-80,1.654299e-80,1.520664e-80,1.067021e-80,5.812370e-81,2.905406e-82,-3.459374e-81,-1.069282e-82,6.320383e-82,2.498665e-81,5.673677e-81,9.049811e-81,1.017434e-80,1.202711e-80,1.315058e-80,1.159347e-80,7.900556e-81,3.037996e-81,-1.179195e-81,-2.815674e-81,-3.420685e-82,5.503651e-82,1.903247e-81,4.527133e-81,7.169192e-81,8.816513e-81,9.910055e-81,9.915648e-81,7.953051e-81,4.066886e-81,9.045697e-82,-1.486061e-81,-1.782515e-81,-2.874061e-82,9.141411e-83,4.832365e-82,9.177552e-82,1.449139e-81,1.457845e-81,1.005440e-81,-4.182118e-85,-1.508828e-81,-3.124428e-81,-3.225433e-81,-2.834905e-81,-1.407697e-81,-2.315531e-82,-1.955132e-86,-7.489218e-83,-9.669032e-83,-1.287253e-82,-3.563220e-82,-8.424622e-82,-1.369628e-81,-1.791768e-81,-2.250253e-81,-2.150186e-81,-1.856873e-81,-1.265293e-81,-6.830466e-82,-1.227726e-82,-1.130298e-84,-3.996697e-83,-2.130784e-82,-4.739452e-82,-7.911304e-82,-1.022600e-81,-1.150688e-81,-1.384494e-81,-1.515497e-81,-1.188140e-81,-8.913274e-82,-4.661652e-82,-1.819743e-82,-1.903063e-83,-1.492528e-84,-1.443187e-83,-7.916564e-83,-2.002436e-82,-3.205234e-82,-4.923671e-82,-4.260414e-82,-5.535581e-82,-6.835760e-82,-4.926385e-82,-4.268017e-82,-1.629896e-82,1.533771e-83,1.804186e-83,-1.266487e-84,7.955162e-84,1.580050e-83,4.044003e-83,8.626754e-83,8.187735e-83,7.436738e-83,1.271906e-82,1.117023e-82,9.849622e-83,1.273531e-82,1.410895e-82,1.169532e-82,3.121234e-83,-5.168025e-85,7.127287e-84,1.331769e-83,2.811805e-83,5.643116e-83,7.513827e-83,8.530412e-83,9.318689e-83,9.277765e-83,9.418229e-83,8.982234e-83,7.657779e-83,6.262242e-83,1.630882e-83,-9.976586e-85,1.309828e-84,3.888601e-84,8.427825e-84,1.484569e-83,1.840444e-83,1.987680e-83,2.216364e-83,2.295814e-83,2.373100e-83,2.374045e-83,2.174301e-83,1.791269e-83,6.682903e-84,-1.436093e-84,2.761816e-86,4.408198e-85,4.767078e-85,5.948433e-85,8.071152e-86,6.011602e-85,-9.638721e-86,2.254892e-85,-3.908519e-86,-3.787634e-85,-8.315290e-85,-1.505095e-84,-1.654432e-84,-6.236838e-85
3.249407e-82,4.301826e-81,1.648059e-80,3.183382e-80,4.553720e-80,6.292696e-80,7.997285e-80,3.692313e-80,9.208694e-82,1.160729e-81,4.240269e-81,1.242913e-80,2.381462e-80,3.210167e-80,4.200351e-80,4.839055e-80,5.370892e-80,3.522275e-80,4.127530e-81,1.282989e-81,5.744353e-81,1.351072e-80,2.168993e-80,3.233751e-80,3.889873e-80,4.441656e-80,4.840976e-80,4.769614e-80,3.179488e-80,2.124708e-81,1.234805e-81,5.820338e-81,1.343504e-80,2.143405e-80,3.167553e-80,3.538882e-80,3.956665e-80,4.255301e-80,3.917584e-80,2.775831e-80,7.950374e-81,6.874424e-83,1.338125e-81,5.009434e-81,1.253133e-80,2.060858e-80,2.765606e-80,3.198596e-80,3.556435e-80,3.764659e-80,3.225385e-80,2.432093e-80,6.805206e-81,-2.025654e-81,1.299459e-81,5.423288e-81,1.200605e-80,2.149024e-80,2.828974e-80,3.211916e-80,3.653251e-80,3.422817e-80,2.531267e-80,1.522960e-80,3.147932e-81,-5.656312e-81,-1.811936e-82,1.364225e-81,5.435384e-81,1.234086e-80,1.978450e-80,2.273916e-80,2.696716e-80,2.962622e-80,2.688432e-80,1.944907e-80,9.140292e-81,-2.237281e-82,-4.675152e-81,-6.036757e-82,1.204334e-81,4.191811e-81,9.998590e-81,1.585635e-80,1.969730e-80,2.224608e-80,2.259811e-80,1.884728e-80,1.091219e-80,4.053321e-81,-1.573277e-81,-2.927495e-81,-4.937334e-82,2.643522e-82,1.254974e-81,2.497826e-81,3.965589e-81,4.339521e-81,3.668494e-81,1.816672e-81,-1.178488e-81,-4.663895e-81,-5.194690e-81,-4.895689e-81,-2.443948e-81,-3.875718e-82,-2.668533e-86,-1.095335e-82,-2.784256e-83,1.301165e-82,-1.177987e-82,-9.187983e-82,-1.848386e-81,-2.616687e-81,-3.545753e-81,-3.485029e-81,-3.076531e-81,-2.112760e-81,-1.132085e-81,-1.817462e-82,-1.345161e-84,-6.119876e-83,-3.535500e-82,-7.665675e-82,-1.297699e-81,-1.676709e-81,-1.885372e-81,-2.321708e-81,-2.573356e-81,-1.969164e-81,-1.436242e-81,-6.858203e-82,-2.043268e-82,1.769419e-83,-1.308280e-84,-2.138384e-83,-1.249397e-82,-3.167794e-82,-5.037751e-82,-8.023700e-82,-6.390428e-82,-8.770192e-82,-1.129027e-81,-7.595891e-82,-6.404363e-82,-1.550756e-82,1.542703e-82,8.665272e-83,-6.606320e-85,1.904148e-83,4.490444e-83,1.135045e-82,2.206755e-82,2.258928e-82,2.287638e-82,3.449130e-82,3.253540e-82,3.023634e-82,3.531484e-82,3.741433e-82,3.083858e-82,9.787109e-83,1.251213e-84,1.633294e-83,3.112273e-83,6.791501e-83,1.324089e-82,1.769966e-82,2.028028e-82,2.240747e-82,2.279733e-82,2.344651e-82,2.254358e-82,1.969102e-82,1.634127e-82,5.343176e-83,2.856745e-85,3.158483e-84,9.166782e-84,1.925510e-83,3.369153e-83,4.242770e-83,4.750142e-83,5.354986e-83,5.648361e-83,5.916627e-83,5.970158e-83,5.533872e-83,4.595182e-83,1.987013e-83,-1.726043e-84,1.897874e-85,1.143131e-84,1.416944e-84,1.913807e-84,1.445817e-84,2.619393e-84,1.167482e-84,2.101951e-84,1.838105e-84,1.271054e-84,3.459869e-85,-1.207123e-84,-2.069770e-84,-1.044114e-84
5.683666e-82,7.355993e-81,2.824795e-80,5.457619e-80,7.807569e-80,1.077774e-79,1.370415e-79,6.296397e-80,1.541580e-81,1.963494e-81,7.229637e-81,2.120357e-80,4.069225e-80,5.501650e-80,7.180255e-80,8.285309e-80,9.191936e-80,5.973418e-80,6.917597e-81,2.187306e-81,9.818472e-81,2.305756e-80,3.695980e-80,5.490871e-80,6.642351e-80,7.576840e-80,8.248669e-80,8.128782e-80,5.392690e-80,3.578654e-81,2.109694e-81,9.931745e-81,2.143405e-80,3.855403e-80,5.370396e-80,6.021896e-80,6.758869e-80,7.253222e-80,6.674378e-80,4.722627e-80,1.348597e-80,1.211462e-82,2.269459e-81,8.553051e-81,2.128762e-80,3.511537e-80,4.680707e-80,5.428064e-80,6.066461e-80,6.412475e-80,5.496135e-80,4.141814e-80,1.161203e-80,-3.315391e-81,2.183252e-81,9.174297e-81,2.049575e-80,3.652892e-80,4.800262e-80,5.466892e-80,6.228601e-80,5.836997e-80,4.314430e-80,2.598927e-80,5.477111e-81,-9.424763e-81,-2.962219e-82,2.320679e-81,9.202073e-81,2.090787e-80,3.365263e-80,3.876402e-80,4.581840e-80,5.051370e-80,4.591894e-80,3.324019e-80,1.564326e-80,-2.605057e-82,-7.747990e-81,-9.994865e-82,2.053921e-81,7.118348e-81,1.693345e-80,2.694944e-80,3.354962e-80,3.791141e-80,3.856742e-80,3.215540e-80,1.871017e-80,7.063430e-81,-2.507054e-81,-4.823123e-81,-8.112444e-82,4.652103e-82,2.139596e-81,4.322005e-81,6.860783e-81,7.591124e-81,6.428562e-81,3.343356e-81,-1.656665e-81,-7.622413e-81,-8.566866e-81,-8.109670e-81,-4.035526e-81,-6.341615e-82,-4.456018e-86,-1.761557e-82,-1.465207e-83,2.997107e-82,-9.365754e-83,-1.340280e-81,-3.008426e-81,-4.170258e-81,-5.779478e-81,-5.687274e-81,-5.034827e-81,-3.459174e-81,-1.856563e-81,-2.907253e-82,-2.130132e-84,-9.860166e-83,-5.755849e-82,-1.246633e-81,-2.100798e-81,-2.720837e-81,-3.076363e-81,-3.796271e-81,-4.192615e-81,-3.220538e-81,-2.338929e-81,-1.094724e-81,-3.030677e-82,4.355797e-83,-1.826713e-84,-3.241818e-83,-1.985867e-82,-5.168362e-82,-7.994956e-82,-1.287131e-81,-1.016512e-81,-1.429810e-81,-1.825970e-81,-1.222261e-81,-1.025477e-81,-2.232796e-82,2.897499e-82,1.590237e-82,-5.770979e-85,3.345008e-83,7.678461e-83,1.931536e-82,3.806187e-82,3.955799e-82,4.045206e-82,5.985327e-82,5.682740e-82,5.292430e-82,6.172514e-82,6.516789e-82,5.391045e-82,1.728377e-82,2.930068e-84,2.815424e-83,5.406021e-83,1.155809e-82,2.246578e-82,3.039101e-82,3.481283e-82,3.820519e-82,3.905921e-82,4.057028e-82,3.903322e-82,3.412289e-82,2.846150e-82,9.565148e-83,1.339104e-84,5.456136e-84,1.569881e-83,3.252672e-83,5.706457e-83,7.244686e-83,8.126239e-83,9.222805e-83,9.746855e-83,1.022601e-82,1.036728e-82,9.591329e-83,7.948855e-83,3.528435e-83,-2.322325e-84,3.251544e-85,1.616612e-84,2.268300e-84,3.214380e-84,2.280241e-84,4.553038e-84,2.132140e-84,3.831174e-84,3.762243e-84,2.693548e-84,1.277926e-84,-1.455492e-84,-3.094984e-84,-1.632619e-84
8.509624e-82,1.089523e-80,4.213790e-80,8.131921e-80,1.164860e-79,1.607594e-79,2.041161e-79,9.387735e-80,2.324443e-81,2.907879e-81,1.063450e-80,3.143170e-80,6.032783e-80,8.116784e-80,1.066543e-79,1.228657e-79,1.361438e-79,8.901142e-80,1.034947e-80,3.199372e-81,1.451641e-80,3.425332e-80,5.441835e-80,8.118634e-80,9.799134e-80,1.121888e-79,1.217400e-79,1.201100e-79,7.978980e-80,5.321525e-81,3.112710e-81,1.466381e-80,3.167553e-80,5.370396e-80,8.280974e-80,8.833338e-80,9.928934e-80,1.069661e-79,9.847382e-80,6.937938e-80,1.982045e-80,1.770278e-82,3.339286e-81,1.258869e-80,3.156697e-80,5.174068e-80,6.958470e-80,7.951513e-80,8.888581e-80,9.460505e-80,8.100309e-80,6.109690e-80,1.708712e-80,-4.973504e-81,3.251594e-81,1.353316e-80,3.015172e-80,5.372546e-80,7.075308e-80,8.018816e-80,9.158612e-80,8.607566e-80,6.361886e-80,3.840646e-80,8.235447e-81,-1.388798e-80,-4.392952e-82,3.426889e-81,1.352313e-80,3.074091e-80,4.948775e-80,5.687797e-80,6.772961e-80,7.445103e-80,6.749567e-80,4.908808e-80,2.324563e-80,-2.330400e-82,-1.131779e-80,-1.473405e-81,3.018323e-81,1.046085e-80,2.492364e-80,3.961375e-80,4.917607e-80,5.573042e-80,5.675709e-80,4.739444e-80,2.765367e-80,1.058125e-80,-3.541988e-81,-7.021593e-81,-1.189044e-81,6.755755e-82,3.197312e-81,6.387463e-81,1.012697e-80,1.124204e-80,9.688697e-81,5.100998e-81,-2.178965e-81,-1.086636e-80,-1.227643e-80,-1.171951e-80,-5.861554e-81,-9.165115e-82,-5.912412e-86,-2.540883e-82,1.766824e-83,4.720740e-82,-1.882460e-83,-1.819759e-81,-3.977713e-81,-5.923288e-81,-8.269986e-81,-8.123722e-81,-7.217189e-81,-4.947185e-81,-2.666436e-81,-4.118672e-82,-2.758962e-84,-1.311725e-82,-8.128888e-82,-1.793142e-81,-3.017664e-81,-3.899455e-81,-4.366771e-81,-5.391151e-81,-6.047025e-81,-4.582272e-81,-3.307002e-81,-1.525958e-81,-4.105325e-82,7.364485e-83,-1.809598e-84,-4.066989e-83,-2.817790e-82,-7.316335e-82,-1.140728e-81,-1.833407e-81,-1.378039e-81,-1.950048e-81,-2.610553e-81,-1.724160e-81,-1.440505e-81,-2.805268e-82,4.528235e-82,2.398267e-82,3.888026e-86,4.989888e-83,1.150455e-82,2.903950e-82,5.587137e-82,5.866300e-82,5.975723e-82,9.011473e-82,8.507324e-82,7.940740e-82,9.219906e-82,9.686067e-82,7.962935e-82,2.598832e-82,5.067573e-84,4.077525e-83,7.805592e-83,1.689383e-82,3.299840e-82,4.390348e-82,5.155216e-82,5.720997e-82,5.854264e-82,5.986286e-82,5.773930e-82,5.094426e-82,4.227495e-82,1.441200e-82,2.608294e-84,8.031090e-84,2.340098e-83,4.832423e-83,8.408765e-83,1.051562e-82,1.191956e-82,1.352782e-82,1.437173e-82,1.515334e-82,1.535691e-82,1.425033e-82,1.192043e-82,5.284088e-83,-3.068057e-84,4.187161e-85,2.407410e-84,3.548099e-84,4.410945e-84,3.909168e-84,7.388012e-84,3.940523e-84,6.471815e-84,5.725922e-84,4.754828e-84,2.418796e-84,-1.394060e-84,-4.069557e-84,-2.286920e-84
1.114036e-81,1.204816e-80,4.441733e-80,8.589662e-80,1.228739e-79,1.697919e-79,2.166132e-79,1.039814e-79,2.610035e-81,3.270028e-81,1.197659e-80,3.458100e-80,6.598801e-80,8.999649e-80,1.179440e-79,1.367628e-79,1.536582e-79,1.033950e-79,1.148247e-80,3.643126e-81,1.585650e-80,3.766009e-80,6.086759e-80,8.991427e-80,1.093006e-79,1.253529e-79,1.387628e-79,1.387183e-79,9.584234e-80,6.902854e-81,3.497446e-81,1.614763e-80,3.538882e-80,6.021896e-80,8.833338e-80,1.045702e-79,1.130126e-79,1.234413e-79,1.164439e-79,8.713663e-80,3.020321e-80,2.328154e-82,3.761105e-81,1.414473e-80,3.525156e-80,5.817254e-80,7.788582e-80,9.130749e-80,1.020903e-79,1.095710e-79,9.765024e-80,7.637785e-80,2.856656e-80,-1.658849e-81,3.666785e-81,1.509440e-80,3.381507e-80,6.057666e-80,7.994077e-80,9.161478e-80,1.044858e-79,1.003764e-79,7.863611e-80,5.186637e-80,1.781609e-80,-9.166757e-81,-3.160513e-82,3.871237e-81,1.524642e-80,3.454351e-80,5.586007e-80,6.612515e-80,7.840943e-80,8.691264e-80,8.156705e-80,6.267559e-80,3.464018e-80,7.628636e-81,-7.818856e-81,-1.171518e-81,3.434780e-81,1.198383e-80,2.837448e-80,4.539111e-80,5.727389e-80,6.520925e-80,6.719802e-80,5.844142e-80,3.788157e-80,1.881006e-80,1.587356e-81,-4.686084e-81,-8.854435e-82,1.004832e-81,4.232201e-81,8.755850e-81,1.413148e-80,1.652215e-80,1.580818e-80,1.178869e-80,4.409863e-81,-5.302815e-81,-7.929687e-81,-9.023455e-81,-4.518269e-81,-6.463763e-82,-1.904959e-86,-1.007042e-82,6.060949e-82,1.833576e-81,2.067898e-81,9.333271e-82,-1.112334e-81,-2.385321e-81,-4.879814e-81,-5.270287e-81,-5.023665e-81,-3.486491e-81,-1.832155e-81,-1.817643e-82,-1.686133e-86,-7.261322e-83,-5.611960e-82,-1.172867e-81,-2.014412e-81,-2.616386e-81,-2.968252e-81,-3.882274e-81,-4.429081e-81,-3.197014e-81,-2.135900e-81,-6.618095e-82,1.791770e-82,2.891083e-82,3.411035e-84,-1.447685e-83,-1.613147e-82,-4.499251e-82,-6.596133e-82,-1.199362e-81,-7.127426e-82,-1.224178e-81,-1.778745e-81,-9.673000e-82,-7.133967e-82,3.251073e-82,9.108810e-82,4.389476e-82,6.341665e-84,6.365890e-83,1.655995e-82,3.998104e-82,7.379119e-82,8.274836e-82,9.044073e-82,1.229769e-81,1.221725e-81,1.179570e-81,1.279634e-81,1.312251e-81,1.082767e-81,3.992006e-82,1.338215e-83,4.905353e-83,9.758431e-83,2.141105e-82,4.059467e-82,5.455817e-82,6.294176e-82,7.001432e-82,7.359514e-82,7.659914e-82,7.461693e-82,6.667633e-82,5.654105e-82,2.255424e-82,1.145782e-83,9.635349e-84,2.762123e-83,5.715720e-83,1.004987e-82,1.296867e-82,1.481185e-82,1.706682e-82,1.830627e-82,1.938343e-82,1.968947e-82,1.857466e-82,1.570829e-82,7.898746e-83,1.553067e-84,9.177184e-85,3.690343e-84,5.323343e-84,7.889437e-84,7.608923e-84,1.104146e-83,8.121440e-84,1.166537e-83,1.291594e-83,1.199064e-83,9.635381e-84,5.013346e-84,4.720721e-85,-1.496166e-84
1.438718e-81,1.349690e-80,4.844532e-80,9.346323e-80,1.340275e-79,1.850129e-79,2.364973e-79,1.159952e-79,2.902021e-81,3.693500e-81,1.343114e-80,3.860755e-80,7.341773e-80,9.967788e-80,1.315057e-79,1.532896e-79,1.734827e-79,1.174017e-79,1.267538e-80,4.120357e-81,1.756000e-80,4.177835e-80,6.807034e-80,1.003937e-79,1.224106e-79,1.415391e-79,1.566690e-79,1.581561e-79,1.107873e-79,8.206738e-81,3.933453e-81,1.797774e-80,3.956665e-80,6.758869e-80,9.928934e-80,1.130126e-79,1.336290e-79,1.405813e-79,1.339993e-79,1.028844e-79,3.817019e-80,2.904020e-82,4.233887e-81,1.583354e-80,3.957074e-80,6.535181e-80,8.811691e-80,1.030310e-79,1.164038e-79,1.253121e-79,1.133898e-79,9.013134e-80,3.726945e-80,4.486059e-82,4.104649e-81,1.692405e-80,3.804986e-80,6.772352e-80,8.980436e-80,1.036696e-79,1.190561e-79,1.151893e-79,9.225248e-80,6.300892e-80,2.471165e-80,-6.585422e-81,-2.395521e-82,4.388947e-81,1.715710e-80,3.880462e-80,6.313092e-80,7.531224e-80,8.996998e-80,1.000922e-79,9.491788e-80,7.469679e-80,4.339155e-80,1.272069e-80,-5.882525e-81,-1.015374e-81,3.893224e-81,1.360942e-80,3.218519e-80,5.167473e-80,6.510036e-80,7.456308e-80,7.786839e-80,6.866808e-80,4.634279e-80,2.483727e-80,4.814821e-81,-3.355748e-81,-7.189702e-82,1.241267e-81,5.160506e-81,1.081420e-80,1.751375e-80,2.066921e-80,2.063917e-80,1.661058e-80,8.988797e-81,-2.131035e-81,-5.694947e-81,-7.815803e-81,-3.822622e-81,-5.024918e-82,-3.190372e-88,-2.081050e-83,1.050166e-81,2.829598e-81,3.571426e-81,2.855307e-81,1.034987e-81,-2.110274e-82,-3.032292e-81,-3.737742e-81,-3.887977e-81,-2.767496e-81,-1.406433e-81,-3.843451e-83,1.427732e-84,-2.935292e-83,-4.176995e-82,-8.416901e-82,-1.520860e-81,-1.879860e-81,-2.157676e-81,-3.051682e-81,-3.654510e-81,-2.488335e-81,-1.516840e-81,-1.676606e-82,5.646189e-82,4.483062e-82,6.658489e-84,8.428783e-84,-9.125360e-83,-2.963841e-82,-3.748082e-82,-8.651431e-82,-1.767352e-82,-7.623853e-82,-1.362768e-81,-5.126674e-82,-2.935060e-82,7.004034e-82,1.260423e-81,5.946909e-82,1.094980e-83,7.698722e-83,2.025878e-82,4.928271e-82,9.028930e-82,1.020156e-81,1.125768e-81,1.517498e-81,1.520900e-81,1.472622e-81,1.585619e-81,1.600509e-81,1.327960e-81,5.136419e-82,1.988623e-83,5.715440e-83,1.176244e-82,2.508551e-82,4.700853e-82,6.369835e-82,7.484940e-82,8.325347e-82,8.718126e-82,9.128444e-82,8.927134e-82,8.063378e-82,6.864215e-82,2.934580e-82,1.829622e-83,1.182684e-83,3.325767e-83,6.679587e-83,1.157882e-82,1.498356e-82,1.750590e-82,1.998087e-82,2.150930e-82,2.292347e-82,2.363253e-82,2.226727e-82,1.893242e-82,1.001827e-82,5.136436e-84,1.014599e-84,3.686156e-84,6.226257e-84,8.932656e-84,1.005786e-83,1.611825e-83,1.222177e-83,1.629133e-83,1.744739e-83,1.640004e-83,1.432992e-83,9.442844e-84,3.435291e-84,-9.105744e-85
1.607862e-81,1.397961e-80,4.901772e-80,9.517445e-80,1.366645e-79,1.893841e-79,2.436703e-79,1.254607e-79,3.236034e-81,3.989654e-81,1.444128e-80,4.106576e-80,7.757556e-80,1.064122e-79,1.409705e-79,1.652641e-79,1.896309e-79,1.331356e-79,1.383648e-80,4.481956e-81,1.853135e-80,4.433851e-80,7.288934e-80,1.077889e-79,1.323692e-79,1.534156e-79,1.720607e-79,1.762670e-79,1.287485e-79,1.018015e-80,4.260518e-81,1.909153e-80,4.255301e-80,7.253222e-80,1.069661e-79,1.234413e-79,1.405813e-79,1.599084e-79,1.519404e-79,1.221906e-79,5.126446e-80,3.471922e-82,4.572714e-81,1.717424e-80,4.272096e-80,7.056653e-80,9.557646e-80,1.136400e-79,1.282834e-79,1.401840e-79,1.305635e-79,1.067195e-79,5.183533e-80,5.121322e-81,4.513981e-81,1.823201e-80,4.123609e-80,7.319206e-80,9.744673e-80,1.135061e-79,1.309406e-79,1.293705e-79,1.082990e-79,7.876570e-80,3.740426e-80,5.478827e-82,-6.198585e-83,4.782057e-81,1.856573e-80,4.198138e-80,6.864673e-80,8.373810e-80,1.003332e-79,1.119748e-79,1.093185e-79,9.010678e-80,5.737950e-80,2.345519e-80,-3.903900e-82,-5.346548e-82,4.245487e-81,1.497141e-80,3.529874e-80,5.688800e-80,7.241704e-80,8.354073e-80,8.814009e-80,8.045197e-80,5.844653e-80,3.543615e-80,1.195165e-80,2.124485e-82,-2.515877e-82,1.591147e-81,6.414201e-81,1.359065e-80,2.217208e-80,2.691730e-80,2.820666e-80,2.514062e-80,1.806627e-80,6.327713e-81,1.262223e-81,-3.340394e-81,-1.686642e-81,-7.825794e-83,7.444861e-86,1.907815e-82,1.864953e-81,4.615234e-81,6.410778e-81,6.690636e-81,5.531451e-81,4.883245e-81,2.107002e-81,7.290417e-82,-3.707575e-82,-4.301675e-82,-1.096999e-82,3.008566e-82,6.303860e-84,7.182662e-83,5.065089e-85,1.161158e-82,2.940294e-83,8.526975e-83,1.039168e-82,-5.512717e-82,-1.098566e-81,-2.582173e-82,3.750123e-82,1.134116e-81,1.367668e-81,7.180602e-82,1.549523e-83,5.225046e-83,8.776453e-83,1.403899e-82,3.453984e-82,1.104209e-82,9.163300e-82,5.020613e-82,-4.847274e-83,6.579650e-82,8.153504e-82,1.551159e-81,1.835809e-81,8.244683e-82,2.072138e-83,9.244844e-83,2.625148e-82,6.274569e-82,1.097530e-81,1.300814e-81,1.483263e-81,1.909607e-81,1.968964e-81,1.942478e-81,2.020215e-81,1.989971e-81,1.633255e-81,6.707413e-82,3.123115e-83,6.435643e-83,1.361733e-82,2.990520e-82,5.480834e-82,7.367935e-82,8.703901e-82,9.817359e-82,1.049051e-81,1.100542e-81,1.085430e-81,9.880074e-82,8.415855e-82,3.843091e-82,2.926296e-83,1.355828e-83,3.780569e-83,7.589436e-83,1.320595e-82,1.730347e-82,2.052877e-82,2.372007e-82,2.585524e-82,2.776648e-82,2.865083e-82,2.724728e-82,2.317810e-82,1.284239e-82,1.075493e-83,1.540365e-84,5.341870e-84,8.551831e-84,1.256965e-83,1.532915e-83,2.149379e-83,1.877721e-83,2.384257e-83,2.657705e-83,2.662829e-83,2.436014e-83,1.814448e-83,9.408248e-84,1.843929e-85
1.987418e-81,1.295327e-80,4.066473e-80,7.882774e-80,1.131374e-79,1.573722e-79,2.060388e-79,1.167507e-79,3.105745e-81,3.783172e-81,1.347110e-80,3.712906e-80,6.917633e-80,9.592052e-80,1.280233e-79,1.519224e-79,1.788031e-79,1.334740e-79,1.302594e-80,4.233097e-81,1.653044e-80,3.971709e-80,6.640694e-80,9.807470e-80,1.226355e-79,1.439309e-79,1.640703e-79,1.727238e-79,1.334170e-79,1.157426e-80,3.992149e-81,1.723071e-80,3.917584e-80,6.674378e-80,9.847382e-80,1.164439e-79,1.339993e-79,1.519404e-79,1.584353e-79,1.314269e-79,6.380912e-80,3.941757e-82,4.263435e-81,1.608153e-80,3.965611e-80,6.569551e-80,8.954710e-80,1.083664e-79,1.239316e-79,1.377066e-79,1.347424e-79,1.149402e-79,6.692879e-80,1.247798e-80,4.280865e-81,1.690135e-80,3.843207e-80,6.782270e-80,9.119600e-80,1.079316e-79,1.252908e-79,1.282053e-79,1.144123e-79,9.074317e-80,5.195021e-80,1.319965e-80,2.927483e-82,4.498083e-81,1.741132e-80,3.915744e-80,6.461171e-80,8.172184e-80,9.871307e-80,1.108875e-79,1.123162e-79,9.844678e-80,7.034950e-80,3.720135e-80,9.354080e-81,4.674748e-82,4.051894e-81,1.439101e-80,3.372667e-80,5.478674e-80,7.059316e-80,8.249180e-80,8.871614e-80,8.478125e-80,6.732001e-80,4.633081e-80,2.183550e-80,6.481303e-81,6.472239e-82,1.900875e-81,7.320146e-81,1.573311e-80,2.591753e-80,3.232133e-80,3.577216e-80,3.476877e-80,2.993321e-80,1.915116e-80,1.241592e-80,4.961984e-81,2.495260e-81,6.773963e-82,1.470393e-85,5.119408e-82,2.903869e-81,6.737253e-81,1.004874e-80,1.191121e-80,1.228353e-80,1.260423e-80,1.031540e-80,8.070127e-81,5.509451e-81,3.608066e-81,2.161225e-81,8.451957e-82,1.263959e-83,2.275001e-82,7.122639e-82,1.693329e-81,2.599156e-81,3.426237e-81,3.926810e-81,3.780690e-81,3.348441e-81,3.524566e-81,3.399656e-81,3.086967e-81,2.524086e-81,1.082986e-81,2.673010e-83,1.187018e-82,3.813094e-82,8.474713e-82,1.485808e-81,1.720376e-81,2.623728e-81,2.458675e-81,2.111157e-81,2.484656e-81,2.472272e-81,2.670721e-81,2.527137e-81,1.101586e-81,3.346505e-83,1.018538e-82,3.136309e-82,7.349429e-82,1.238872e-81,1.520155e-81,1.805519e-81,2.205854e-81,2.318922e-81,2.346711e-81,2.344920e-81,2.285942e-81,1.884198e-81,8.394195e-82,4.558819e-83,6.554706e-83,1.444265e-82,3.220256e-82,5.793520e-82,7.650634e-82,9.153656e-82,1.043922e-81,1.126430e-81,1.195771e-81,1.182546e-81,1.107244e-81,9.603188e-82,4.855034e-82,4.451050e-83,1.447717e-83,3.916908e-83,7.858983e-83,1.365633e-82,1.799289e-82,2.157235e-82,2.506062e-82,2.771214e-82,2.999442e-82,3.116898e-82,3.012568e-82,2.656945e-82,1.579136e-82,1.988417e-83,2.131526e-84,6.684319e-84,1.080455e-83,1.551646e-83,2.066072e-83,2.689800e-83,2.541273e-83,3.125920e-83,3.482503e-83,3.654282e-83,3.401563e-83,2.989050e-83,1.881970e-83,2.400420e-84
1.990165e-81,8.436738e-81,1.927176e-80,3.790612e-80,5.505298e-80,7.762888e-80,1.057343e-79,8.175748e-80,2.406963e-81,2.800458e-81,9.646201e-81,2.482334e-80,4.393069e-80,6.350428e-80,8.681128e-80,1.056263e-79,1.326496e-79,1.112871e-79,9.427381e-81,3.171211e-81,1.061686e-80,2.612487e-80,4.594235e-80,6.718728e-80,8.672650e-80,1.047292e-79,1.257548e-79,1.396797e-79,1.206191e-79,1.160602e-80,2.896395e-81,1.158656e-80,2.775831e-80,4.722627e-80,6.937938e-80,8.713663e-80,1.028844e-79,1.221906e-79,1.314269e-79,1.332919e-79,7.382562e-80,3.816245e-82,3.091969e-81,1.184044e-80,2.861055e-80,4.740394e-80,6.572546e-80,8.396510e-80,9.741088e-80,1.125955e-79,1.205281e-79,1.103093e-79,8.073581e-80,2.191591e-80,3.221231e-81,1.205999e-80,2.823253e-80,4.928754e-80,6.724450e-80,8.235713e-80,9.764307e-80,1.059503e-79,1.071167e-79,9.539514e-80,6.651352e-80,3.080929e-80,7.793276e-82,3.419070e-81,1.288106e-80,2.864321e-80,4.837933e-80,6.610594e-80,8.096860e-80,9.222738e-80,1.001874e-79,9.681176e-80,7.944030e-80,5.325719e-80,2.313766e-80,1.928003e-81,3.081954e-81,1.132438e-80,2.608669e-80,4.318253e-80,5.698621e-80,6.824607e-80,7.638964e-80,7.880543e-80,7.137208e-80,5.650997e-80,3.423407e-80,1.527194e-80,1.947096e-81,2.059208e-81,7.545188e-81,1.656522e-80,2.788842e-80,3.571544e-80,4.223708e-80,4.464282e-80,4.411569e-80,3.632232e-80,2.803258e-80,1.700748e-80,8.491306e-81,1.736445e-81,2.771009e-85,9.287541e-82,4.041048e-81,9.036081e-81,1.408595e-80,1.827954e-80,2.061810e-80,2.273126e-80,2.147725e-80,1.823675e-80,1.384209e-80,9.256586e-81,5.290893e-81,1.520866e-81,1.991803e-83,4.265080e-82,1.661345e-81,3.831213e-81,6.139530e-81,8.129442e-81,9.167838e-81,9.787298e-81,9.774487e-81,8.763377e-81,7.475830e-81,5.606714e-81,3.862084e-81,1.440935e-81,3.818450e-83,1.995418e-82,7.594937e-82,1.768903e-81,3.021248e-81,3.891192e-81,4.856452e-81,5.087455e-81,5.128582e-81,4.907765e-81,4.648738e-81,3.955008e-81,3.127564e-81,1.325929e-81,4.609481e-83,9.973803e-83,3.378562e-82,7.747939e-82,1.269229e-81,1.638765e-81,1.998050e-81,2.332353e-81,2.530094e-81,2.596929e-81,2.494012e-81,2.371740e-81,1.955230e-81,9.470032e-82,5.751006e-83,5.623930e-83,1.375757e-82,3.058978e-82,5.298518e-82,7.082481e-82,8.485420e-82,9.825075e-82,1.085361e-81,1.170433e-81,1.172107e-81,1.114740e-81,9.810140e-82,5.504482e-82,5.789469e-83,1.293043e-83,3.425187e-83,6.866329e-83,1.194771e-82,1.636410e-82,2.032671e-82,2.366756e-82,2.658824e-82,2.941766e-82,3.073620e-82,2.998851e-82,2.675400e-82,1.745131e-82,2.911295e-83,2.604915e-84,8.098268e-84,1.202036e-83,1.817923e-83,2.509892e-83,3.204740e-83,3.314299e-83,3.903945e-83,4.524492e-83,4.766293e-83,4.569310e-83,4.202244e-83,2.886185e-83,4.988006e-84
9.923915e-82,1.009887e-81,-4.926095e-81,-7.934625e-81,-1.065340e-80,-1.255793e-80,-8.484348e-81,2.398258e-80,8.903988e-82,8.965554e-82,2.777571e-81,5.498466e-81,7.685740e-81,1.392141e-80,2.134752e-80,2.989411e-80,4.629051e-80,5.154012e-80,2.949242e-81,1.126733e-81,1.859804e-81,5.344911e-81,1.199802e-80,1.710249e-80,2.534003e-80,3.426783e-80,4.732949e-80,6.020532e-80,6.369085e-80,7.611106e-81,9.384893e-82,2.623973e-81,7.950374e-81,1.348597e-80,1.982045e-80,3.020321e-80,3.817019e-80,5.126446e-80,6.380912e-80,7.382562e-80,5.641728e-80,2.482538e-82,9.697236e-82,3.881436e-81,8.888481e-81,1.489341e-80,2.184107e-80,3.176910e-80,3.897616e-80,4.935924e-80,6.303709e-80,6.372893e-80,6.080921e-80,2.151900e-80,1.163950e-81,3.619286e-81,9.154986e-81,1.527465e-80,2.219742e-80,3.033895e-80,3.780487e-80,4.793105e-80,5.972090e-80,6.277563e-80,5.299859e-80,3.341399e-80,8.882366e-82,1.193063e-81,4.284924e-81,9.164478e-81,1.659906e-80,2.810880e-80,3.554966e-80,4.160507e-80,5.195658e-80,5.840680e-80,5.627216e-80,4.570147e-80,2.553118e-80,2.393410e-81,1.129796e-81,4.450698e-81,9.884736e-81,1.711939e-80,2.409517e-80,3.054196e-80,3.680774e-80,4.363501e-80,4.718899e-80,4.295779e-80,3.087782e-80,1.654581e-80,2.247773e-81,1.426385e-81,4.870199e-81,1.100717e-80,1.878077e-80,2.485927e-80,3.123866e-80,3.552941e-80,3.875488e-80,3.656608e-80,3.017486e-80,2.034075e-80,1.015880e-80,1.924009e-81,2.645502e-85,9.254764e-82,3.460238e-81,7.480518e-81,1.207112e-80,1.651304e-80,1.977376e-80,2.242071e-80,2.248776e-80,1.961937e-80,1.542436e-80,1.031109e-80,5.787262e-81,1.487391e-81,1.884476e-83,4.331472e-82,1.836988e-81,4.204523e-81,6.763765e-81,8.877791e-81,1.003955e-80,1.110681e-80,1.135201e-80,9.769639e-81,8.081728e-81,5.495999e-81,3.433292e-81,1.162938e-81,3.437034e-83,1.921229e-82,7.880197e-82,1.902781e-81,3.163125e-81,4.252120e-81,4.850391e-81,5.355074e-81,5.682432e-81,5.038867e-81,4.681552e-81,3.486956e-81,2.386409e-81,9.746158e-82,3.926186e-83,6.225909e-83,2.324335e-82,5.206206e-82,8.003185e-82,1.101024e-81,1.406411e-81,1.541334e-81,1.726835e-81,1.809113e-81,1.656943e-81,1.496906e-81,1.214371e-81,6.461840e-82,4.623983e-83,2.784926e-83,7.804412e-83,1.765948e-82,2.858746e-82,3.712717e-82,4.656262e-82,5.545068e-82,6.291456e-82,6.876599e-82,7.007309e-82,6.784868e-82,5.974386e-82,3.763416e-82,4.671529e-83,7.136037e-84,1.779664e-83,3.497881e-83,6.063385e-83,8.655641e-83,1.127371e-82,1.336094e-82,1.539456e-82,1.728764e-82,1.833627e-82,1.800740e-82,1.622393e-82,1.147792e-82,2.482697e-83,1.984981e-84,5.551090e-84,8.823727e-84,1.298209e-83,1.974878e-83,2.362084e-83,2.627885e-83,3.002281e-83,3.475342e-83,3.803016e-83,3.709361e-83,3.552470e-83,2.561264e-83,5.182752e-84
8.438524e-84,3.053149e-83,6.931593e-83,1.333634e-82,1.920262e-82,2.634229e-82,3.582847e-82,2.522685e-82,6.133986e-84,7.242450e-84,2.885539e-83,7.018061e-83,1.351495e-82,1.875651e-82,2.663541e-82,3.326732e-82,4.237091e-82,3.160574e-82,2.268473e-83,9.028344e-84,2.649558e-83,6.770182e-83,1.239522e-82,1.816428e-82,2.431855e-82,2.996900e-82,3.602460e-82,4.062109e-82,3.335032e-82,3.852983e-83,7.845409e-84,2.718918e-83,6.874424e-83,1.211462e-82,1.770278e-82,2.328154e-82,2.904020e-82,3.471922e-82,3.941757e-82,3.816245e-82,2.482538e-82,2.807371e-84,8.609453e-84,2.719879e-83,7.055912e-83,1.221072e-82,1.680225e-82,2.200292e-82,2.722071e-82,3.162694e-82,3.581701e-82,3.381143e-82,2.749440e-82,1.087987e-82,7.876331e-84,3.004859e-83,6.923338e-83,1.193444e-82,1.702527e-82,2.214890e-82,2.659249e-82,3.035191e-82,3.303157e-82,3.064422e-82,2.389073e-82,1.425028e-82,5.055476e-84,8.480075e-84,3.084197e-83,6.878841e-83,1.211766e-82,1.841342e-82,2.195496e-82,2.635186e-82,2.992884e-82,2.997583e-82,2.682182e-82,1.996122e-82,1.101355e-82,1.097361e-83,8.108477e-84,2.912807e-83,6.757050e-83,1.102818e-82,1.565277e-82,1.865410e-82,2.211560e-82,2.389675e-82,2.360456e-82,1.987490e-82,1.374075e-82,7.630630e-83,1.060804e-83,8.215316e-84,2.645852e-83,6.172274e-83,9.693192e-83,1.357077e-82,1.592776e-82,1.811304e-82,1.870310e-82,1.643374e-82,1.344603e-82,9.114676e-83,4.977484e-83,9.141707e-84,9.384415e-88,4.828947e-84,1.821200e-83,4.104367e-83,6.342561e-83,8.677096e-83,1.003326e-82,1.145586e-82,1.108990e-82,9.384736e-83,7.554181e-83,4.930687e-83,2.802385e-83,7.579690e-84,5.684450e-86,2.409624e-84,9.576193e-84,2.263439e-83,3.536583e-83,4.698377e-83,5.134292e-83,5.722763e-83,5.855915e-83,4.924512e-83,4.052308e-83,2.732034e-83,1.768524e-83,6.753769e-84,1.383165e-85,1.042015e-84,4.414687e-84,1.061019e-83,1.743143e-83,2.378555e-83,2.539535e-83,2.786503e-83,2.906750e-83,2.574160e-83,2.359005e-83,1.773692e-83,1.253783e-83,6.042269e-84,1.897989e-85,3.534605e-85,1.317127e-84,3.189233e-84,4.585197e-84,6.280846e-84,7.924541e-84,8.560079e-84,9.378270e-84,9.623823e-84,8.829194e-84,8.241878e-84,7.096848e-84,3.984352e-84,2.808771e-85,1.897181e-85,4.511839e-85,1.018319e-84,1.557304e-84,2.125454e-84,2.688164e-84,2.993157e-84,3.371059e-84,3.528429e-84,3.608216e-84,3.710038e-84,3.408484e-84,2.356775e-84,3.243935e-85,5.807254e-86,1.420602e-85,2.233820e-85,3.602522e-85,5.109979e-85,6.650565e-85,7.871720e-85,8.410017e-85,8.512050e-85,9.277909e-85,9.610585e-85,9.162989e-85,7.397279e-85,1.871528e-85,9.329405e-87,3.563618e-87,4.469911e-86,7.052832e-86,1.401475e-85,1.547857e-85,1.300328e-85,1.482159e-85,1.697314e-85,1.800543e-85,1.934792e-85,2.097595e-85,1.673356e-85,3.926860e-86
5.001295e-83,4.753154e-82,1.689593e-81,3.241361e-81,4.627811e-81,6.397164e-81,8.173765e-81,3.829969e-81,9.178851e-83,1.273870e-82,4.519859e-82,1.294496e-81,2.485650e-81,3.341798e-81,4.403261e-81,5.084076e-81,5.662179e-81,3.720782e-81,4.185002e-82,1.303588e-82,6.060574e-82,1.418882e-81,2.284434e-81,3.393168e-81,4.117122e-81,4.713134e-81,5.153918e-81,5.117033e-81,3.438412e-81,2.395468e-82,1.286049e-82,5.869996e-82,1.338125e-81,2.269459e-81,3.339286e-81,3.761105e-81,4.233887e-81,4.572714e-81,4.263435e-81,3.091969e-81,9.697236e-82,8.609453e-84,2.467022e-82,5.230646e-82,1.323668e-81,2.194254e-81,2.934784e-81,3.421975e-81,3.818533e-81,4.058183e-81,3.533590e-81,2.707334e-81,8.696793e-82,-1.346136e-82,1.415258e-82,5.457283e-82,1.273947e-81,2.280373e-81,3.007479e-81,3.442771e-81,3.915236e-81,3.708617e-81,2.809911e-81,1.750475e-81,4.667653e-82,-4.866132e-82,-1.524099e-83,1.333418e-82,5.642297e-82,1.307345e-81,2.110108e-81,2.461027e-81,2.910355e-81,3.220130e-81,2.952325e-81,2.184700e-81,1.098353e-81,9.415624e-83,-4.143091e-82,-5.511019e-83,1.293836e-82,4.503810e-82,1.068334e-81,1.693621e-81,2.131270e-81,2.412075e-81,2.477635e-81,2.088266e-81,1.270852e-81,5.324784e-82,-8.620917e-83,-2.596760e-82,-4.443472e-83,3.398660e-83,1.433878e-82,2.897571e-82,4.578395e-82,5.253413e-82,4.650859e-82,2.855211e-82,-2.397081e-83,-4.012536e-82,-4.735004e-82,-4.625929e-82,-2.265062e-82,-3.491675e-83,-2.560976e-87,-8.781535e-84,4.901036e-84,2.979242e-83,1.074335e-83,-5.394785e-83,-1.503140e-82,-2.142827e-82,-3.200908e-82,-3.226953e-82,-2.861837e-82,-1.979537e-82,-1.039876e-82,-1.426247e-83,-1.057532e-85,-5.170479e-84,-3.347718e-83,-7.118896e-83,-1.219814e-82,-1.585495e-82,-1.779824e-82,-2.217221e-82,-2.450649e-82,-1.856929e-82,-1.327057e-82,-5.896437e-83,-1.147909e-83,5.859014e-84,-9.039708e-86,-1.676371e-84,-1.154350e-83,-3.021427e-83,-4.555116e-83,-7.310416e-83,-5.894068e-83,-8.185802e-83,-1.071674e-82,-6.850060e-83,-5.659658e-83,-7.922740e-84,2.381610e-83,1.286992e-83,1.777491e-86,2.230871e-84,5.335178e-84,1.293778e-83,2.407181e-83,2.622607e-83,2.784696e-83,3.948355e-83,3.883360e-83,3.651892e-83,4.172927e-83,4.373611e-83,3.697194e-83,1.282201e-83,2.717243e-85,1.822838e-84,3.451382e-84,7.448514e-84,1.441105e-83,1.963800e-83,2.274714e-83,2.474561e-83,2.546003e-83,2.647583e-83,2.537500e-83,2.249467e-83,1.916735e-83,7.085508e-84,2.093251e-85,3.662402e-85,1.059587e-84,2.101934e-84,3.655833e-84,4.632335e-84,5.292965e-84,6.063908e-84,6.379906e-84,6.618290e-84,6.776974e-84,6.364255e-84,5.347079e-84,2.556056e-84,-6.300232e-86,9.420439e-87,6.794123e-86,1.371796e-85,2.106508e-85,1.757242e-85,3.044142e-85,1.209119e-85,2.442295e-85,2.485377e-85,1.663728e-85,9.568914e-86,-4.608091e-86,-1.343084e-85,-8.705118e-86
1.445711e-82,1.673167e-81,6.157971e-81,1.190574e-80,1.697991e-80,2.352771e-80,3.012124e-80,1.443558e-80,3.788939e-82,4.699334e-82,1.693073e-81,4.857613e-81,9.164905e-81,1.247421e-80,1.627667e-80,1.885947e-80,2.110282e-80,1.440244e-80,1.670623e-81,5.144049e-82,2.250122e-81,5.364947e-81,8.538392e-81,1.271317e-80,1.531820e-80,1.760832e-80,1.936346e-80,1.926032e-80,1.328617e-80,9.315231e-82,4.663981e-82,2.304050e-81,5.009434e-81,8.553051e-81,1.258869e-80,1.414473e-80,1.583354e-80,1.717424e-80,1.608153e-80,1.184044e-80,3.881436e-81,2.719879e-83,5.230646e-82,2.447560e-81,5.043007e-81,8.272945e-81,1.113291e-80,1.286779e-80,1.436954e-80,1.532011e-80,1.342862e-80,1.037095e-80,3.528898e-81,-5.702930e-82,5.007542e-82,2.180156e-81,4.785753e-81,8.610613e-81,1.133958e-80,1.285995e-80,1.473671e-80,1.397201e-80,1.065602e-80,6.823468e-81,1.969371e-81,-1.796271e-81,-6.335507e-83,5.428811e-82,2.148426e-81,4.931184e-81,7.947597e-81,9.261818e-81,1.103519e-80,1.210882e-80,1.118708e-80,8.382628e-81,4.346824e-81,5.203118e-82,-1.522755e-81,-2.097601e-82,4.918742e-82,1.713196e-81,4.052161e-81,6.465632e-81,8.013474e-81,9.136514e-81,9.301910e-81,7.948647e-81,4.869284e-81,2.143997e-81,-2.310660e-82,-9.610481e-82,-1.705576e-82,1.186789e-82,5.569920e-82,1.100397e-81,1.806924e-81,1.960614e-81,1.832374e-81,1.118549e-81,-2.663912e-83,-1.412259e-81,-1.707709e-81,-1.704557e-81,-8.528483e-82,-1.350884e-82,-7.690171e-87,-3.356460e-83,2.378841e-83,1.170413e-82,8.274395e-83,-2.062362e-82,-5.141989e-82,-7.986768e-82,-1.167657e-81,-1.171615e-81,-1.069407e-81,-7.337469e-82,-3.870341e-82,-5.818067e-83,-3.416591e-85,-2.154626e-83,-1.218732e-82,-2.697902e-82,-4.557279e-82,-5.797083e-82,-6.537522e-82,-8.145275e-82,-9.199005e-82,-6.892626e-82,-4.937961e-82,-2.218389e-82,-4.666375e-83,1.820128e-83,-2.379930e-85,-6.887551e-84,-4.257206e-83,-1.086992e-82,-1.749566e-82,-2.901989e-82,-2.149578e-82,-3.035913e-82,-4.002635e-82,-2.610193e-82,-2.145233e-82,-3.077194e-83,8.583417e-83,4.285576e-83,5.964217e-86,8.477844e-84,2.052441e-83,4.939139e-83,9.710208e-83,1.011318e-82,1.037249e-82,1.528462e-82,1.440993e-82,1.367009e-82,1.552260e-82,1.616739e-82,1.323713e-82,4.503908e-83,7.904366e-85,6.769361e-84,1.356913e-83,2.898996e-83,5.659382e-83,7.365890e-83,8.471713e-83,9.501494e-83,9.600265e-83,9.868519e-83,9.589332e-83,8.370912e-83,6.938659e-83,2.461382e-83,4.038980e-85,1.261926e-84,3.628325e-84,8.144850e-84,1.445003e-83,1.818646e-83,1.982881e-83,2.227154e-83,2.351124e-83,2.473362e-83,2.499679e-83,2.338104e-83,1.979408e-83,8.832891e-84,-5.664448e-85,1.160395e-85,7.029025e-85,7.468173e-85,9.078802e-85,6.534512e-85,1.156592e-84,6.874533e-85,1.074694e-84,9.002279e-85,7.661938e-85,3.005755e-85,-2.853250e-85,-6.705316e-85,-3.855128e-85
3.360847e-82,4.170043e-81,1.575076e-80,3.053513e-80,4.363028e-80,6.038841e-80,7.710786e-80,3.616002e-80,8.959663e-82,1.157543e-81,4.205911e-81,1.221812e-80,2.328812e-80,3.143241e-80,4.120562e-80,4.762911e-80,5.302680e-80,3.521749e-80,4.050602e-81,1.286010e-81,5.690880e-81,1.341443e-80,2.152442e-80,3.193366e-80,3.852570e-80,4.418586e-80,4.828066e-80,4.786871e-80,3.236178e-80,2.220232e-81,1.236576e-81,5.752835e-81,1.253133e-80,2.128762e-80,3.156697e-80,3.525156e-80,3.957074e-80,4.272096e-80,3.965611e-80,2.861055e-80,8.888481e-81,7.055912e-83,1.323668e-81,5.043007e-81,1.334598e-80,2.066248e-80,2.770807e-80,3.203002e-80,3.575955e-80,3.796703e-80,3.290916e-80,2.508064e-80,7.786204e-81,-1.597967e-81,1.303006e-81,5.349116e-81,1.202147e-80,2.135294e-80,2.818684e-80,3.212253e-80,3.671839e-80,3.458460e-80,2.598767e-80,1.615043e-80,4.013003e-81,-4.986976e-81,-1.637603e-82,1.371739e-81,5.448901e-81,1.222616e-80,1.969949e-80,2.295981e-80,2.731877e-80,2.998376e-80,2.744757e-80,2.021140e-80,9.971196e-81,5.249326e-82,-4.209236e-81,-5.553083e-82,1.210551e-81,4.233507e-81,1.006217e-80,1.599427e-80,1.990443e-80,2.254647e-80,2.297349e-80,1.935864e-80,1.157747e-80,4.687660e-81,-1.095231e-81,-2.661602e-81,-4.556408e-82,2.836261e-82,1.313388e-81,2.652216e-81,4.225046e-81,4.615167e-81,4.112798e-81,2.307579e-81,-6.375414e-82,-4.108115e-81,-4.759637e-81,-4.596684e-81,-2.290892e-81,-3.625175e-82,-2.340277e-86,-9.625482e-83,1.357916e-83,2.151875e-82,2.936362e-83,-7.205994e-82,-1.567560e-81,-2.306567e-81,-3.277693e-81,-3.242202e-81,-2.889514e-81,-1.996808e-81,-1.063474e-81,-1.644371e-82,-1.040345e-84,-5.873131e-83,-3.355277e-82,-7.183369e-82,-1.229632e-81,-1.572445e-81,-1.787737e-81,-2.205128e-81,-2.460672e-81,-1.866755e-81,-1.344730e-81,-6.328907e-82,-1.684885e-82,2.810043e-83,-9.328898e-85,-2.048842e-83,-1.193348e-82,-2.942849e-82,-4.692664e-82,-7.610898e-82,-6.028662e-82,-8.343941e-82,-1.083751e-81,-7.118020e-82,-5.959418e-82,-1.227402e-82,1.781753e-82,9.388512e-83,-3.467233e-85,2.012973e-83,4.777473e-83,1.193766e-82,2.274756e-82,2.357353e-82,2.411953e-82,3.615672e-82,3.421783e-82,3.214336e-82,3.707178e-82,3.866820e-82,3.178427e-82,1.020049e-82,1.502708e-84,1.679790e-83,3.241525e-83,6.962238e-83,1.353947e-82,1.801350e-82,2.091516e-82,2.308671e-82,2.337235e-82,2.413076e-82,2.326077e-82,2.019605e-82,1.674743e-82,5.533360e-83,4.614918e-85,3.288970e-84,9.445705e-84,1.971343e-83,3.448937e-83,4.348211e-83,4.871534e-83,5.476255e-83,5.749450e-83,6.056978e-83,6.138872e-83,5.662084e-83,4.686131e-83,2.021554e-83,-1.698981e-84,1.984814e-85,1.092554e-84,1.513706e-84,1.800909e-84,1.600649e-84,2.983455e-84,1.439276e-84,2.359329e-84,2.020311e-84,1.503873e-84,4.950134e-85,-1.077475e-84,-2.014425e-84,-1.041817e-84
5.922065e-82,6.970802e-81,2.613171e-80,5.058023e-80,7.226536e-80,9.997823e-80,1.277035e-79,5.978203e-80,1.465035e-81,1.908049e-81,6.939411e-81,2.015790e-80,3.856897e-80,5.195430e-80,6.818099e-80,7.887282e-80,8.788533e-80,5.813244e-80,6.615483e-81,2.112317e-81,9.370625e-81,2.208423e-80,3.537460e-80,5.269829e-80,6.363441e-80,7.305153e-80,7.975167e-80,7.911872e-80,5.337824e-80,3.685942e-81,2.040746e-81,9.525979e-81,2.060858e-80,3.511537e-80,5.174068e-80,5.817254e-80,6.535181e-80,7.056653e-80,6.569551e-80,4.740394e-80,1.489341e-80,1.221072e-82,2.194254e-81,8.272945e-81,2.066248e-80,3.581323e-80,4.557676e-80,5.269504e-80,5.909103e-80,6.273892e-80,5.453221e-80,4.164312e-80,1.323766e-80,-2.356053e-81,2.136404e-81,8.888618e-81,1.967715e-80,3.528501e-80,4.629811e-80,5.282926e-80,6.059069e-80,5.721603e-80,4.315545e-80,2.705591e-80,7.086282e-81,-7.773031e-81,-2.520430e-82,2.246362e-81,8.948071e-81,2.026023e-80,3.238698e-80,3.775043e-80,4.497305e-80,4.965160e-80,4.552535e-80,3.370053e-80,1.688177e-80,1.326086e-81,-6.554550e-81,-8.766399e-82,2.001615e-81,6.938330e-81,1.655555e-80,2.630866e-80,3.282090e-80,3.720960e-80,3.805197e-80,3.217785e-80,1.947126e-80,8.141899e-81,-1.420201e-81,-4.122357e-81,-7.105606e-82,4.927565e-82,2.204820e-81,4.476906e-81,7.130923e-81,7.946037e-81,7.153880e-81,4.262106e-81,-4.650500e-82,-6.187592e-81,-7.318190e-81,-7.191035e-81,-3.580662e-81,-5.578731e-82,-3.636102e-86,-1.393391e-82,7.741289e-83,4.715003e-82,2.329248e-82,-8.954374e-82,-2.234879e-81,-3.411709e-81,-4.977233e-81,-4.961598e-81,-4.446185e-81,-3.072012e-81,-1.630427e-81,-2.398217e-82,-1.359697e-84,-8.490543e-83,-5.120840e-82,-1.095129e-81,-1.883597e-81,-2.410655e-81,-2.732445e-81,-3.389068e-81,-3.795594e-81,-2.863712e-81,-2.042220e-81,-9.295834e-82,-2.060186e-82,6.931623e-83,-8.152857e-85,-2.860161e-83,-1.767436e-82,-4.455628e-82,-7.086373e-82,-1.154546e-81,-8.867238e-82,-1.260229e-81,-1.651716e-81,-1.063753e-81,-8.774718e-82,-1.337984e-82,3.410679e-82,1.749607e-82,3.060673e-85,3.381458e-83,8.128381e-83,2.024113e-82,3.832098e-82,4.009056e-82,4.191596e-82,6.158469e-82,5.892076e-82,5.560876e-82,6.349198e-82,6.602477e-82,5.446942e-82,1.806396e-82,3.703310e-84,2.811794e-83,5.383201e-83,1.158095e-82,2.244024e-82,2.992391e-82,3.491919e-82,3.865229e-82,3.927004e-82,4.067972e-82,3.917098e-82,3.431632e-82,2.866570e-82,9.939556e-83,2.123603e-84,5.553259e-84,1.584428e-83,3.266186e-83,5.672628e-83,7.137538e-83,8.081776e-83,9.161941e-83,9.691554e-83,1.018971e-82,1.038518e-82,9.619089e-83,8.002792e-83,3.581101e-83,-1.950443e-84,3.369089e-85,1.629901e-84,2.541507e-84,3.113574e-84,3.055427e-84,5.271420e-84,2.645489e-84,4.427242e-84,3.977755e-84,3.146581e-84,1.664081e-84,-8.227761e-85,-2.585224e-84,-1.520932e-84
8.912345e-82,9.433386e-81,3.469079e-80,6.694935e-80,9.575446e-80,1.323239e-79,1.691118e-79,8.042358e-80,2.007849e-81,2.591793e-81,9.335980e-81,2.696200e-80,5.146084e-80,6.962209e-80,9.148263e-80,1.060439e-79,1.183332e-79,7.945362e-80,8.911820e-81,2.828220e-81,1.243908e-80,2.957752e-80,4.736497e-80,7.054877e-80,8.549162e-80,9.812990e-80,1.075231e-79,1.073012e-79,7.337853e-80,5.162907e-81,2.740471e-81,1.272270e-80,2.765606e-80,4.680707e-80,6.958470e-80,7.788582e-80,8.811691e-80,9.557646e-80,8.954710e-80,6.572546e-80,2.184107e-80,1.680225e-82,2.934784e-81,1.113291e-80,2.770807e-80,4.557676e-80,6.412331e-80,7.084536e-80,7.948363e-80,8.517948e-80,7.480105e-80,5.787825e-80,2.003206e-80,-2.371415e-81,2.897538e-81,1.187701e-80,2.655816e-80,4.699785e-80,6.244012e-80,7.103380e-80,8.138232e-80,7.783892e-80,5.976305e-80,3.848898e-80,1.180242e-80,-8.849279e-81,-2.983499e-82,3.037531e-81,1.197547e-80,2.712581e-80,4.378667e-80,5.106848e-80,6.091966e-80,6.734168e-80,6.247309e-80,4.729191e-80,2.490767e-80,3.875251e-81,-7.456938e-81,-1.051071e-81,2.682515e-81,9.359346e-81,2.220868e-80,3.550471e-80,4.438899e-80,5.063272e-80,5.194049e-80,4.451303e-80,2.791175e-80,1.284238e-80,-3.612246e-82,-4.629330e-81,-8.285577e-82,7.057892e-82,3.146402e-81,6.435993e-81,1.035945e-80,1.166581e-80,1.107378e-80,7.401959e-81,1.376697e-81,-6.242289e-81,-8.071235e-81,-8.404914e-81,-4.200516e-81,-6.346377e-82,-2.926663e-86,-1.406554e-82,2.815863e-82,9.873877e-82,9.334561e-82,-2.864114e-82,-1.872807e-81,-3.228234e-81,-5.369971e-81,-5.449193e-81,-5.021319e-81,-3.463472e-81,-1.837849e-81,-2.348332e-82,-7.885358e-85,-8.562062e-83,-5.706144e-82,-1.224441e-81,-2.108774e-81,-2.703265e-81,-3.079570e-81,-3.860522e-81,-4.385711e-81,-3.220981e-81,-2.243691e-81,-8.932542e-82,-7.218857e-83,1.574223e-82,8.280333e-85,-2.177022e-83,-1.894505e-82,-4.889840e-82,-7.432931e-82,-1.282028e-81,-8.940598e-82,-1.324937e-81,-1.860039e-81,-1.129747e-81,-8.976676e-82,2.645130e-83,5.960343e-82,2.856455e-82,2.764254e-84,4.940030e-83,1.194567e-82,2.884668e-82,5.367989e-82,5.923995e-82,6.241472e-82,9.010505e-82,8.728174e-82,8.330611e-82,9.309570e-82,9.580789e-82,7.902763e-82,2.785956e-82,7.606231e-84,3.764652e-83,7.424577e-83,1.592166e-82,3.086794e-82,4.078784e-82,4.839564e-82,5.381430e-82,5.571672e-82,5.737651e-82,5.580732e-82,4.932024e-82,4.138507e-82,1.555026e-82,5.609612e-84,7.414655e-84,2.159192e-83,4.457277e-83,7.792028e-83,9.923075e-83,1.120172e-82,1.279734e-82,1.354810e-82,1.444064e-82,1.472117e-82,1.376272e-82,1.159985e-82,5.487428e-83,-8.442177e-85,5.215457e-85,2.471877e-84,3.737889e-84,4.588530e-84,4.433939e-84,7.838397e-84,5.147640e-84,7.629018e-84,7.414954e-84,7.077876e-84,4.792091e-84,1.284034e-84,-1.849256e-84,-1.630561e-84
1.105067e-81,1.053816e-80,3.725747e-80,7.224041e-80,1.032573e-79,1.431605e-79,1.837409e-79,9.116414e-80,2.298851e-81,2.972985e-81,1.074384e-80,3.061127e-80,5.789076e-80,7.897614e-80,1.039383e-79,1.208357e-79,1.371527e-79,9.417749e-80,1.016559e-80,3.329655e-81,1.407000e-80,3.338767e-80,5.439969e-80,8.038002e-80,9.824899e-80,1.134288e-79,1.259295e-79,1.271256e-79,9.004722e-80,6.735204e-81,3.171598e-81,1.448010e-80,3.198596e-80,5.428064e-80,7.951513e-80,9.130749e-80,1.030310e-79,1.136400e-79,1.083664e-79,8.396510e-80,3.176910e-80,2.200292e-82,3.421975e-81,1.286779e-80,3.203002e-80,5.269504e-80,7.084536e-80,8.731387e-80,9.417238e-80,1.014971e-79,9.206804e-80,7.329483e-80,3.087946e-80,5.228450e-82,3.337830e-81,1.368180e-80,3.078101e-80,5.496665e-80,7.246873e-80,8.382706e-80,9.614130e-80,9.301839e-80,7.493107e-80,5.160109e-80,2.043054e-80,-5.212037e-81,-2.128602e-82,3.552972e-81,1.395348e-80,3.144882e-80,5.110439e-80,6.149876e-80,7.272856e-80,8.054978e-80,7.692544e-80,6.082600e-80,3.555173e-80,1.070026e-80,-4.843628e-81,-8.511286e-82,3.163771e-81,1.105601e-80,2.615750e-80,4.194555e-80,5.308838e-80,6.068824e-80,6.315444e-80,5.577712e-80,3.784108e-80,2.033834e-80,3.894734e-81,-2.929904e-81,-6.222403e-82,1.007559e-81,4.150177e-81,8.634121e-81,1.407939e-80,1.663286e-80,1.653795e-80,1.318788e-80,6.878120e-81,-2.045075e-81,-4.925255e-81,-6.653964e-81,-3.353073e-81,-4.508218e-82,-9.382034e-88,-2.903068e-83,7.606979e-82,2.119867e-81,2.621582e-81,1.901597e-81,3.318686e-82,-7.245389e-82,-2.971026e-81,-3.519156e-81,-3.559489e-81,-2.509706e-81,-1.273717e-81,-6.835278e-83,1.509211e-84,-4.580677e-83,-4.130444e-82,-8.353357e-82,-1.447379e-81,-1.832184e-81,-2.086216e-81,-2.885954e-81,-3.380601e-81,-2.349800e-81,-1.466453e-81,-2.949521e-82,3.729073e-82,3.248363e-82,5.022331e-84,-6.748015e-84,-1.106417e-82,-3.201969e-82,-4.375312e-82,-8.695405e-82,-3.800524e-82,-8.451470e-82,-1.317996e-81,-5.856214e-82,-3.784285e-82,4.862186e-82,9.669319e-82,4.474916e-82,7.694350e-84,6.093315e-83,1.613462e-82,3.900084e-82,7.201427e-82,8.098619e-82,8.978157e-82,1.196828e-81,1.206583e-81,1.170673e-81,1.262261e-81,1.273719e-81,1.049784e-81,3.942591e-82,1.396042e-83,4.664042e-83,9.422430e-83,2.035306e-82,3.859224e-82,5.226471e-82,6.056609e-82,6.733744e-82,6.998876e-82,7.398493e-82,7.189599e-82,6.413664e-82,5.452346e-82,2.220855e-82,1.191881e-83,9.267503e-84,2.600335e-83,5.381796e-83,9.495209e-83,1.220767e-82,1.415183e-82,1.622840e-82,1.751350e-82,1.857398e-82,1.900639e-82,1.782830e-82,1.499455e-82,7.636707e-83,2.082418e-84,8.656325e-85,3.660493e-84,5.264484e-84,7.560756e-84,7.873784e-84,1.201752e-83,8.816747e-84,1.242910e-83,1.355633e-83,1.229770e-83,1.015124e-83,5.696667e-84,1.244796e-84,-1.258256e-84
1.330105e-81,1.173415e-80,4.086455e-80,7.932121e-80,1.134418e-79,1.570665e-79,2.021806e-79,1.021274e-79,2.554353e-81,3.336724e-81,1.202811e-80,3.405805e-80,6.441504e-80,8.784338e-80,1.161212e-79,1.357287e-79,1.545268e-79,1.068971e-79,1.124290e-80,3.734235e-81,1.554686e-80,3.706057e-80,6.061699e-80,8.966673e-80,1.096285e-79,1.274171e-79,1.418504e-79,1.440567e-79,1.030456e-79,7.919386e-81,3.550084e-81,1.603576e-80,3.556435e-80,6.066461e-80,8.888581e-80,1.020903e-79,1.164038e-79,1.282834e-79,1.239316e-79,9.741088e-80,3.897616e-80,2.722071e-82,3.818533e-81,1.436954e-80,3.575955e-80,5.909103e-80,7.948363e-80,9.417238e-80,1.105466e-79,1.151615e-79,1.060122e-79,8.534699e-80,3.869702e-80,2.488908e-81,3.748819e-81,1.527707e-80,3.441136e-80,6.116644e-80,8.130915e-80,9.382123e-80,1.085172e-79,1.059335e-79,8.691765e-80,6.174321e-80,2.678045e-80,-2.619670e-81,-1.316519e-82,3.972075e-81,1.558638e-80,3.513017e-80,5.719730e-80,6.939767e-80,8.293010e-80,9.202518e-80,8.850433e-80,7.142662e-80,4.370493e-80,1.551398e-80,-2.935202e-81,-6.840403e-82,3.555047e-81,1.245075e-80,2.942557e-80,4.727730e-80,5.992218e-80,6.889280e-80,7.229222e-80,6.477005e-80,4.542335e-80,2.590307e-80,6.984547e-81,-1.606044e-81,-4.542584e-82,1.237643e-81,4.987528e-81,1.054387e-80,1.716204e-80,2.040311e-80,2.103838e-80,1.778063e-80,1.119890e-80,1.222715e-81,-2.551022e-81,-5.301590e-81,-2.600387e-81,-3.056099e-82,2.071338e-86,6.564658e-83,1.189618e-81,3.079376e-81,4.090914e-81,3.766763e-81,2.473074e-81,1.558674e-81,-9.983028e-82,-1.859750e-81,-2.318719e-81,-1.725730e-81,-8.246993e-82,7.180281e-83,2.995469e-84,3.343098e-85,-2.497199e-82,-4.421430e-82,-8.936427e-82,-1.052656e-81,-1.244063e-81,-1.958238e-81,-2.487184e-81,-1.533321e-81,-7.653623e-82,2.238371e-82,7.445561e-82,4.747475e-82,8.354431e-84,1.654518e-83,-3.112314e-83,-1.248657e-82,-1.274289e-82,-4.964151e-82,1.083783e-82,-3.565792e-82,-8.511434e-82,-1.251187e-82,6.230497e-83,8.658910e-82,1.293555e-81,5.904330e-82,1.209591e-83,7.352923e-83,2.001836e-82,4.800036e-82,8.612105e-82,9.851510e-82,1.108355e-81,1.466762e-81,1.483485e-81,1.451268e-81,1.533495e-81,1.528988e-81,1.262955e-81,4.960040e-82,2.019069e-83,5.388149e-83,1.109861e-82,2.381919e-82,4.435371e-82,5.970519e-82,7.050288e-82,7.879948e-82,8.232900e-82,8.657846e-82,8.465382e-82,7.625904e-82,6.500564e-82,2.822794e-82,1.858177e-83,1.112015e-83,3.102120e-83,6.264879e-83,1.085527e-82,1.405749e-82,1.644798e-82,1.887802e-82,2.033012e-82,2.167485e-82,2.238044e-82,2.106524e-82,1.789838e-82,9.505325e-83,5.397651e-84,1.091442e-84,3.771965e-84,6.428868e-84,8.860169e-84,1.083462e-83,1.587354e-83,1.221415e-83,1.641959e-83,1.756276e-83,1.684064e-83,1.462363e-83,1.019462e-83,4.245573e-84,-6.599108e-85
1.572347e-81,1.225649e-80,4.117082e-80,7.996160e-80,1.146725e-79,1.591301e-79,2.059747e-79,1.088813e-79,2.827611e-81,3.572654e-81,1.276771e-80,3.584832e-80,6.729621e-80,9.244876e-80,1.226521e-79,1.444902e-79,1.664612e-79,1.187232e-79,1.207672e-80,3.992557e-81,1.617572e-80,3.879243e-80,6.398565e-80,9.458548e-80,1.166886e-79,1.362135e-79,1.533307e-79,1.577936e-79,1.167716e-79,9.445749e-81,3.789341e-81,1.680146e-80,3.764659e-80,6.412475e-80,9.460505e-80,1.095710e-79,1.253121e-79,1.401840e-79,1.377066e-79,1.125955e-79,4.935924e-80,3.162694e-82,4.058183e-81,1.532011e-80,3.796703e-80,6.273892e-80,8.517948e-80,1.014971e-79,1.151615e-79,1.292682e-79,1.193422e-79,9.858706e-80,5.054433e-80,6.327842e-81,4.039578e-81,1.618719e-80,3.671537e-80,6.493130e-80,8.674267e-80,1.014786e-79,1.170300e-79,1.168781e-79,9.949656e-80,7.436999e-80,3.741601e-80,3.499763e-81,1.974223e-83,4.268101e-81,1.659598e-80,3.740638e-80,6.130148e-80,7.551290e-80,9.080180e-80,1.015363e-79,9.979151e-80,8.374306e-80,5.510058e-80,2.463044e-80,1.944450e-81,-2.588808e-82,3.810283e-81,1.346095e-80,3.169396e-80,5.121663e-80,6.529198e-80,7.568506e-80,8.029432e-80,7.421552e-80,5.527061e-80,3.478542e-80,1.315906e-80,1.604653e-81,-3.354629e-83,1.512190e-81,6.025996e-81,1.283944e-80,2.108143e-80,2.556726e-80,2.742057e-80,2.499684e-80,1.917769e-80,8.736626e-81,3.670935e-81,-1.196013e-81,-6.330939e-82,8.296005e-83,8.044483e-86,2.425734e-82,1.907457e-81,4.613810e-81,6.571913e-81,7.144550e-81,6.468095e-81,6.090459e-81,3.624842e-81,2.216710e-81,8.781965e-82,4.362034e-82,3.744529e-82,3.829932e-82,7.258404e-84,9.323446e-83,1.372217e-82,4.109384e-82,4.977867e-82,7.250393e-82,8.319755e-82,3.455021e-82,-1.375303e-82,5.090614e-82,9.406359e-82,1.412464e-81,1.481526e-81,7.197844e-82,1.617692e-83,5.991882e-83,1.319969e-82,2.577370e-82,5.219045e-82,3.785855e-82,1.145440e-81,8.087062e-82,3.608028e-82,9.505862e-82,1.065422e-81,1.621882e-81,1.816885e-81,7.965430e-82,2.102516e-83,8.660913e-83,2.486360e-82,5.886825e-82,1.026090e-81,1.222393e-81,1.407237e-81,1.797018e-81,1.861257e-81,1.847505e-81,1.907617e-81,1.865201e-81,1.531269e-81,6.393523e-82,3.060820e-83,5.916136e-83,1.265586e-82,2.758303e-82,5.050358e-82,6.754202e-82,8.034957e-82,9.090055e-82,9.704801e-82,1.023780e-81,1.009330e-81,9.200420e-82,7.867582e-82,3.671716e-82,2.883711e-83,1.248191e-83,3.458378e-83,6.973046e-83,1.209739e-82,1.588866e-82,1.886958e-82,2.181348e-82,2.382889e-82,2.570787e-82,2.663443e-82,2.532164e-82,2.165481e-82,1.212647e-82,1.107326e-83,1.501866e-84,5.137261e-84,8.204887e-84,1.167256e-83,1.450791e-83,2.053515e-83,1.836958e-83,2.317784e-83,2.546381e-83,2.598895e-83,2.367228e-83,1.825836e-83,9.854504e-84,5.010651e-85
1.733106e-81,9.918072e-81,2.905920e-80,5.691497e-80,8.190683e-80,1.143163e-79,1.512793e-79,9.361548e-80,2.556416e-81,3.138434e-81,1.101613e-80,2.984654e-80,5.472607e-80,7.675153e-80,1.031875e-79,1.235716e-79,1.480054e-79,1.141285e-79,1.050326e-80,3.555570e-81,1.314510e-80,3.187295e-80,5.420720e-80,7.977902e-80,1.005815e-79,1.194286e-79,1.383092e-79,1.479216e-79,1.185114e-79,1.067388e-80,3.319195e-81,1.393101e-80,3.225385e-80,5.496135e-80,8.100309e-80,9.765024e-80,1.133898e-79,1.305635e-79,1.347424e-79,1.205281e-79,6.303709e-80,3.581701e-82,3.533590e-81,1.342862e-80,3.290916e-80,5.453221e-80,7.480105e-80,9.206804e-80,1.060122e-79,1.193422e-79,1.241946e-79,1.053585e-79,6.771879e-80,1.517033e-80,3.607051e-81,1.397468e-80,3.213820e-80,5.644167e-80,7.628599e-80,9.140284e-80,1.069015e-79,1.116624e-79,1.043979e-79,8.671708e-80,5.414680e-80,1.906975e-80,4.545433e-82,3.802856e-81,1.457819e-80,3.264316e-80,5.436905e-80,7.075281e-80,8.592602e-80,9.700453e-80,1.010399e-79,9.187213e-80,6.924351e-80,4.097211e-80,1.409530e-80,9.909335e-82,3.425822e-81,1.232390e-80,2.870966e-80,4.697679e-80,6.099813e-80,7.204177e-80,7.867627e-80,7.747685e-80,6.508525e-80,4.760688e-80,2.529731e-80,9.456704e-81,1.093516e-81,1.848271e-81,6.977146e-81,1.517706e-80,2.525138e-80,3.182455e-80,3.629849e-80,3.671220e-80,3.393033e-80,2.496605e-80,1.797258e-80,9.389436e-81,4.671166e-81,1.026490e-81,1.909580e-85,6.475297e-82,3.193572e-81,7.261790e-81,1.105721e-80,1.380922e-80,1.490175e-80,1.595488e-80,1.416710e-80,1.165662e-80,8.516695e-81,5.582615e-81,3.217899e-81,1.035249e-81,1.451380e-83,2.944096e-82,1.048917e-81,2.452720e-81,3.859433e-81,5.088573e-81,5.784073e-81,5.955028e-81,5.714320e-81,5.389498e-81,4.829960e-81,3.867116e-81,2.856775e-81,1.130358e-81,2.908515e-83,1.451115e-82,5.073437e-82,1.162116e-81,2.021400e-81,2.480437e-81,3.368681e-81,3.365754e-81,3.189053e-81,3.290469e-81,3.190538e-81,2.995384e-81,2.578844e-81,1.095774e-81,3.552976e-83,9.587360e-83,3.036754e-82,7.053391e-82,1.176567e-81,1.476627e-81,1.772361e-81,2.128019e-81,2.268683e-81,2.303193e-81,2.267103e-81,2.165835e-81,1.773990e-81,8.122138e-82,4.637821e-83,5.818586e-83,1.337368e-82,2.965449e-82,5.241673e-82,6.955210e-82,8.380862e-82,9.618893e-82,1.045649e-81,1.114961e-81,1.108991e-81,1.038585e-81,8.978932e-82,4.711623e-82,4.575189e-83,1.303803e-83,3.501686e-83,6.982404e-83,1.212482e-82,1.621384e-82,1.976110e-82,2.304903e-82,2.564579e-82,2.795383e-82,2.916384e-82,2.811396e-82,2.465286e-82,1.508065e-82,2.140880e-83,2.174819e-84,6.621022e-84,1.056824e-83,1.542791e-83,2.107364e-83,2.742246e-83,2.699906e-83,3.260890e-83,3.676896e-83,3.865502e-83,3.654739e-83,3.239540e-83,2.096106e-83,3.134142e-84
1.693295e-81,7.350319e-81,1.770007e-80,3.473652e-80,5.024845e-80,7.054437e-80,9.611147e-80,7.201213e-80,2.100924e-81,2.440478e-81,8.453455e-81,2.198587e-80,3.922794e-80,5.643839e-80,7.681401e-80,9.349269e-80,1.165147e-79,9.715763e-80,8.250215e-81,2.780689e-81,9.361133e-81,2.304323e-80,4.043936e-80,5.922341e-80,7.643916e-80,9.219952e-80,1.100970e-79,1.218960e-79,1.044673e-79,1.017056e-80,2.552268e-81,1.015523e-80,2.432093e-80,4.141814e-80,6.109690e-80,7.637785e-80,9.013134e-80,1.067195e-79,1.149402e-79,1.103093e-79,6.372893e-80,3.381143e-82,2.707334e-81,1.037095e-80,2.508064e-80,4.164312e-80,5.787825e-80,7.329483e-80,8.534699e-80,9.858706e-80,1.053585e-79,1.000576e-79,7.021329e-80,1.907623e-80,2.831198e-81,1.058138e-80,2.468494e-80,4.303430e-80,5.891253e-80,7.217645e-80,8.546033e-80,9.307598e-80,9.357564e-80,8.379694e-80,5.844994e-80,2.698786e-80,6.886607e-82,2.972952e-81,1.124896e-80,2.503988e-80,4.231941e-80,5.780950e-80,7.099095e-80,8.081806e-80,8.792099e-80,8.518011e-80,6.987309e-80,4.671111e-80,2.044198e-80,1.709973e-81,2.694221e-81,9.885145e-81,2.278531e-80,3.775745e-80,4.982599e-80,5.982181e-80,6.691454e-80,6.928996e-80,6.290214e-80,5.003976e-80,3.035500e-80,1.361762e-80,1.727184e-81,1.829355e-81,6.703989e-81,1.472644e-80,2.475123e-80,3.179141e-80,3.756851e-80,3.984105e-80,3.960314e-80,3.286428e-80,2.545004e-80,1.554650e-80,7.723971e-81,1.557657e-81,2.401876e-85,8.401077e-82,3.655654e-81,8.127668e-81,1.273597e-80,1.652713e-80,1.877534e-80,2.065975e-80,1.963093e-80,1.670789e-80,1.268700e-80,8.499425e-81,4.817418e-81,1.364595e-81,1.791392e-83,3.943022e-82,1.547547e-81,3.548648e-81,5.683394e-81,7.470658e-81,8.479003e-81,9.103552e-81,9.063130e-81,8.120285e-81,6.906783e-81,5.114286e-81,3.478476e-81,1.280863e-81,3.480003e-83,1.857450e-82,7.036585e-82,1.645661e-81,2.792370e-81,3.612802e-81,4.485766e-81,4.726995e-81,4.758574e-81,4.515141e-81,4.257530e-81,3.588728e-81,2.797315e-81,1.172956e-81,4.154325e-83,8.956719e-83,3.020330e-82,6.925802e-82,1.126781e-81,1.461295e-81,1.792294e-81,2.078008e-81,2.251846e-81,2.321414e-81,2.217044e-81,2.103449e-81,1.725677e-81,8.367747e-82,5.199462e-83,4.934876e-83,1.208893e-82,2.709182e-82,4.674145e-82,6.150274e-82,7.470995e-82,8.683375e-82,9.608280e-82,1.033111e-81,1.033460e-81,9.899267e-82,8.682262e-82,4.889331e-82,5.218248e-83,1.146317e-83,3.016338e-83,6.043638e-83,1.052359e-82,1.435205e-82,1.778908e-82,2.080607e-82,2.348660e-82,2.597657e-82,2.713530e-82,2.649939e-82,2.382275e-82,1.544749e-82,2.638285e-83,2.331083e-84,7.092450e-84,1.085587e-83,1.611086e-83,2.249858e-83,2.839060e-83,2.980093e-83,3.504776e-83,4.027269e-83,4.314447e-83,4.105401e-83,3.838808e-83,2.646523e-83,4.689799e-84
1.212988e-81,8.394850e-82,-7.602074e-81,-1.345256e-80,-1.853816e-80,-2.393191e-80,-2.298891e-80,2.135548e-80,9.244931e-82,8.244396e-82,2.560943e-81,4.467458e-81,5.198811e-81,1.116285e-80,1.809049e-80,2.680975e-80,4.463011e-80,5.324827e-80,2.709800e-81,1.059068e-81,1.117453e-81,3.718861e-81,1.004193e-80,1.405229e-80,2.255339e-80,3.172243e-80,4.596983e-80,6.052316e-80,6.718162e-80,8.134693e-81,8.468322e-82,1.896634e-81,6.805206e-81,1.161203e-80,1.708712e-80,2.856656e-80,3.726945e-80,5.183533e-80,6.692879e-80,8.073581e-80,6.080921e-80,2.749440e-82,8.696793e-82,3.528898e-81,7.786204e-81,1.323766e-80,2.003206e-80,3.087946e-80,3.869702e-80,5.054433e-80,6.771879e-80,7.021329e-80,7.245907e-80,2.557148e-80,1.090251e-81,3.123321e-81,8.251407e-81,1.345026e-80,2.038235e-80,2.917075e-80,3.708353e-80,4.974787e-80,6.577841e-80,7.116299e-80,6.263185e-80,4.106094e-80,1.099084e-81,1.111447e-81,3.870674e-81,8.175603e-81,1.547983e-80,2.840348e-80,3.647174e-80,4.322893e-80,5.627977e-80,6.556286e-80,6.561636e-80,5.468802e-80,3.166890e-80,2.995500e-81,1.075556e-81,4.377723e-81,9.529264e-81,1.685006e-80,2.427228e-80,3.149226e-80,3.902622e-80,4.825734e-80,5.436015e-80,5.102997e-80,3.785212e-80,2.078225e-80,2.837015e-81,1.671985e-81,5.662114e-81,1.283616e-80,2.199015e-80,2.949605e-80,3.735245e-80,4.311773e-80,4.792648e-80,4.600055e-80,3.839021e-80,2.631123e-80,1.313157e-80,2.454259e-81,3.243624e-85,1.168932e-81,4.293381e-81,9.251436e-81,1.505156e-80,2.072371e-80,2.498678e-80,2.841260e-80,2.888358e-80,2.530579e-80,1.997228e-80,1.341625e-80,7.493629e-81,1.880427e-81,2.263022e-83,5.629168e-82,2.404026e-81,5.443322e-81,8.820587e-81,1.157040e-80,1.309501e-80,1.455775e-80,1.494023e-80,1.278069e-80,1.047448e-80,7.068174e-81,4.344347e-81,1.446498e-81,4.213265e-83,2.504060e-82,1.034948e-81,2.469861e-81,4.096198e-81,5.553790e-81,6.308906e-81,6.990784e-81,7.470025e-81,6.528706e-81,6.035658e-81,4.405268e-81,2.943468e-81,1.201264e-81,4.887107e-83,7.135377e-83,2.745740e-82,6.157549e-82,9.458912e-82,1.315324e-81,1.690933e-81,1.824455e-81,2.053756e-81,2.163292e-81,1.959617e-81,1.774484e-81,1.445152e-81,7.917718e-82,5.790513e-83,2.973756e-83,8.810199e-83,2.006527e-82,3.186778e-82,4.112814e-82,5.177366e-82,6.260353e-82,7.202156e-82,7.886087e-82,8.091948e-82,8.006916e-82,7.111732e-82,4.676958e-82,5.980686e-83,7.868994e-84,1.899349e-83,3.773612e-83,6.558045e-83,9.510251e-83,1.256623e-82,1.498228e-82,1.752903e-82,1.975403e-82,2.103016e-82,2.099466e-82,1.932977e-82,1.422697e-82,3.306318e-83,2.486212e-84,6.901918e-84,1.064236e-83,1.600058e-83,2.437898e-83,2.867960e-83,3.248705e-83,3.702674e-83,4.299689e-83,4.736535e-83,4.683746e-83,4.591057e-83,3.381860e-83,7.158580e-84
3.412314e-82,-1.318518e-81,-9.048990e-81,-1.672923e-80,-2.362777e-80,-3.194534e-80,-3.760197e-80,-5.081901e-81,-4.288320e-83,-1.212616e-82,-5.558250e-82,-2.821403e-81,-6.413463e-81,-7.215631e-81,-7.830003e-81,-6.551882e-81,-1.314332e-81,7.679228e-81,-6.285499e-82,-3.299418e-83,-1.724921e-81,-3.561683e-81,-3.927760e-81,-6.262997e-81,-5.137111e-81,-3.445057e-81,6.099317e-82,6.875650e-81,1.482763e-80,2.496163e-81,-1.178817e-82,-1.462290e-81,-2.025654e-81,-3.315391e-81,-4.973504e-81,-1.658849e-81,4.486059e-82,5.121322e-81,1.247798e-80,2.191591e-80,2.151900e-80,1.087987e-82,-1.346136e-82,-5.702930e-82,-1.597967e-81,-2.356053e-81,-2.371415e-81,5.228450e-82,2.488908e-81,6.327842e-81,1.517033e-80,1.907623e-80,2.557148e-80,1.229192e-80,-6.540691e-83,-7.799936e-82,-1.227329e-81,-2.697788e-81,-2.419722e-81,-9.081516e-83,1.403654e-81,7.286661e-81,1.699229e-80,2.290414e-80,2.381282e-80,1.900860e-80,5.476653e-82,-6.743391e-83,-5.245911e-82,-1.387282e-81,-1.228275e-81,3.064247e-81,4.511562e-81,6.389825e-81,1.263206e-80,1.901216e-80,2.274442e-80,2.206251e-80,1.455937e-80,1.463963e-81,-1.618546e-83,1.583260e-82,9.248843e-83,7.690763e-82,2.512899e-81,4.277932e-81,7.315488e-81,1.229840e-80,1.778314e-80,1.887538e-80,1.577007e-80,9.539942e-81,1.343878e-81,5.934333e-82,1.796979e-81,4.308923e-81,7.308539e-81,1.033644e-80,1.364623e-80,1.676729e-80,1.976806e-80,2.028530e-80,1.741720e-80,1.245208e-80,6.252419e-81,1.144304e-81,1.374049e-85,5.215973e-82,1.753840e-81,3.742677e-81,6.131670e-81,8.801899e-81,1.082185e-80,1.254457e-80,1.300623e-80,1.151831e-80,9.269506e-81,6.201868e-81,3.446262e-81,8.320012e-82,9.631792e-84,2.525543e-82,1.104639e-81,2.533764e-81,4.085205e-81,5.358616e-81,6.018444e-81,6.787014e-81,7.045589e-81,5.911215e-81,4.791774e-81,3.104720e-81,1.825591e-81,5.775253e-82,1.737172e-83,1.078141e-82,4.672953e-82,1.137450e-81,1.873094e-81,2.598213e-81,2.792119e-81,3.158422e-81,3.453626e-81,2.940398e-81,2.691874e-81,1.836629e-81,1.117779e-81,4.539815e-82,1.971731e-83,2.113568e-83,9.372291e-83,2.114768e-82,2.948749e-82,4.426511e-82,5.978170e-82,6.054944e-82,7.100466e-82,7.606919e-82,6.581226e-82,5.692055e-82,4.634921e-82,2.785017e-82,2.311800e-83,6.341524e-84,2.332190e-83,5.462869e-83,7.367384e-83,9.874520e-83,1.342646e-82,1.649846e-82,2.015904e-82,2.276725e-82,2.379585e-82,2.441940e-82,2.224253e-82,1.655789e-82,2.439614e-83,2.373649e-84,5.171256e-84,7.978039e-84,1.282773e-83,2.130784e-83,3.352740e-83,4.139104e-83,4.994139e-83,5.727766e-83,6.277824e-83,6.312646e-83,5.864588e-83,4.908890e-83,1.418420e-83,8.499534e-85,1.458537e-84,3.511933e-84,5.416834e-84,1.000245e-83,1.127206e-83,1.263018e-83,1.413266e-83,1.686135e-83,1.851947e-83,1.893254e-83,1.910037e-83,1.452098e-83,3.315838e-84
4.541573e-83,4.330227e-82,1.523727e-81,2.939139e-81,4.204054e-81,5.841318e-81,7.504974e-81,3.706239e-81,9.634771e-83,1.253204e-82,4.305890e-82,1.234113e-81,2.331139e-81,3.177771e-81,4.194703e-81,4.854347e-81,5.439773e-81,3.804571e-81,4.279569e-82,1.327547e-82,5.781348e-82,1.365411e-81,2.196113e-81,3.280604e-81,3.964928e-81,4.561560e-81,5.038597e-81,5.074441e-81,3.569521e-81,2.657842e-82,1.198260e-82,5.965732e-82,1.299459e-81,2.183252e-81,3.251594e-81,3.666785e-81,4.104649e-81,4.513981e-81,4.280865e-81,3.221231e-81,1.163950e-81,7.876331e-84,1.415258e-82,5.007542e-82,1.303006e-81,2.136404e-81,2.897538e-81,3.337830e-81,3.748819e-81,4.039578e-81,3.607051e-81,2.831198e-81,1.090251e-81,-6.540691e-83,2.368742e-82,5.593449e-82,1.258128e-81,2.226300e-81,2.942093e-81,3.379734e-81,3.827078e-81,3.702697e-81,2.909647e-81,1.929688e-81,6.705277e-82,-3.424106e-82,-1.280111e-83,1.597483e-82,5.404727e-82,1.276456e-81,2.072343e-81,2.422720e-81,2.908616e-81,3.212725e-81,2.992726e-81,2.320815e-81,1.287255e-81,2.823675e-82,-3.017741e-82,-4.555492e-83,1.179574e-82,4.361827e-82,1.059251e-81,1.674578e-81,2.100209e-81,2.419323e-81,2.483385e-81,2.154588e-81,1.388149e-81,6.823227e-82,3.711681e-83,-1.926727e-82,-3.659699e-83,3.355767e-83,1.597426e-82,3.149974e-82,5.069641e-82,5.782220e-82,5.567790e-82,3.939979e-82,1.091140e-82,-2.462807e-82,-3.385237e-82,-3.723710e-82,-1.858709e-82,-2.858704e-83,-7.087788e-88,-4.901110e-84,1.735562e-83,4.866278e-83,4.585212e-83,-4.213700e-84,-7.557780e-83,-1.310678e-82,-2.312718e-82,-2.425795e-82,-2.267454e-82,-1.579216e-82,-8.274184e-83,-9.891104e-84,-1.735801e-86,-2.965027e-84,-2.549513e-83,-5.676308e-83,-9.832698e-83,-1.330911e-82,-1.416536e-82,-1.792060e-82,-2.031918e-82,-1.478903e-82,-1.022225e-82,-3.968362e-83,-2.566570e-84,8.180943e-84,4.372102e-86,-7.587387e-85,-9.293322e-84,-2.401824e-83,-3.606540e-83,-6.176569e-83,-4.467469e-83,-5.852548e-83,-8.690643e-83,-5.357010e-83,-4.207620e-83,2.688408e-84,2.951737e-83,1.403030e-83,1.393955e-85,2.434501e-84,6.111542e-84,1.400596e-83,2.446030e-83,2.875444e-83,3.062663e-83,4.297962e-83,4.251607e-83,4.048341e-83,4.436351e-83,4.546638e-83,3.758632e-83,1.364428e-83,3.335659e-85,1.766537e-84,3.476079e-84,7.961390e-84,1.522422e-83,1.955225e-83,2.301364e-83,2.605501e-83,2.717384e-83,2.742580e-83,2.645199e-83,2.348573e-83,1.953689e-83,7.430969e-84,2.323058e-85,3.408133e-85,1.022254e-84,2.138026e-84,3.736388e-84,4.774594e-84,5.306022e-84,6.181211e-84,6.478543e-84,6.810955e-84,6.857673e-84,6.472728e-84,5.543480e-84,2.598535e-84,-7.735001e-86,2.673229e-86,1.700470e-85,2.100489e-85,2.995498e-85,2.461245e-85,3.070219e-85,2.215244e-85,3.416912e-85,3.287568e-85,3.353004e-85,1.918707e-85,4.614929e-86,-1.013583e-85,-8.594845e-86
1.617617e-82,1.836430e-81,6.812157e-81,1.314329e-80,1.877435e-80,2.599076e-80,3.321349e-80,1.550126e-80,3.834078e-82,5.033377e-82,1.806440e-81,5.239762e-81,9.998737e-81,1.347059e-80,1.765687e-80,2.038635e-80,2.263979e-80,1.499008e-80,1.741096e-81,5.514900e-82,2.454522e-81,5.775612e-81,9.214508e-81,1.371894e-80,1.653815e-80,1.894491e-80,2.063449e-80,2.043125e-80,1.371976e-80,9.358149e-82,5.298646e-82,2.462557e-81,5.423288e-81,9.174297e-81,1.353316e-80,1.509440e-80,1.692405e-80,1.823201e-80,1.690135e-80,1.205999e-80,3.619286e-81,3.004859e-83,5.457283e-82,2.180156e-81,5.349116e-81,8.888618e-81,1.187701e-80,1.368180e-80,1.527707e-80,1.618719e-80,1.397468e-80,1.058138e-80,3.123321e-81,-7.799936e-82,5.593449e-82,2.673667e-81,5.172912e-81,9.214646e-81,1.212845e-80,1.379244e-80,1.567649e-80,1.476216e-80,1.097850e-80,6.713295e-81,1.505523e-81,-2.299833e-81,-7.422152e-83,5.619663e-82,2.377857e-81,5.243754e-81,8.482143e-81,9.812215e-81,1.164225e-80,1.279989e-80,1.163222e-80,8.474320e-81,4.064605e-81,7.705429e-84,-1.934936e-81,-2.505175e-82,5.182400e-82,1.777477e-81,4.288168e-81,6.837769e-81,8.496427e-81,9.615840e-81,9.787088e-81,8.178544e-81,4.776684e-81,1.818073e-81,-6.299382e-82,-1.228734e-81,-2.083780e-82,1.181857e-82,5.495671e-82,1.094188e-81,1.731842e-81,1.889207e-81,1.610192e-81,8.161741e-82,-4.897024e-82,-1.985972e-81,-2.230292e-81,-2.103328e-81,-1.040466e-81,-1.670510e-82,-1.222190e-86,-4.718802e-83,-1.001429e-83,4.836900e-83,-6.638407e-83,-3.963636e-82,-8.014913e-82,-1.125280e-81,-1.550598e-81,-1.523666e-81,-1.342864e-81,-9.275288e-82,-4.924691e-82,-7.803367e-83,-5.875317e-85,-2.721962e-83,-1.549729e-82,-3.387885e-82,-5.728308e-82,-7.452904e-82,-8.330187e-82,-1.022517e-81,-1.139103e-81,-8.715476e-82,-6.332407e-82,-3.074243e-82,-9.144733e-83,7.761880e-84,-6.519805e-85,-9.578878e-84,-5.659742e-83,-1.427841e-82,-2.236522e-82,-3.561659e-82,-2.914651e-82,-3.911379e-82,-5.058480e-82,-3.427731e-82,-2.886635e-82,-7.519776e-83,6.654153e-83,3.743154e-83,-3.552591e-85,8.342588e-84,1.947478e-83,4.876069e-83,9.315946e-83,9.618773e-83,9.734582e-83,1.472697e-82,1.383760e-82,1.288289e-82,1.516570e-82,1.600393e-82,1.328010e-82,4.241840e-83,4.432190e-85,7.095956e-84,1.347497e-83,2.952304e-83,5.766001e-83,7.646141e-83,8.830583e-83,9.716944e-83,9.810223e-83,1.004383e-82,9.627917e-83,8.406627e-83,6.976019e-83,2.289173e-83,3.659208e-86,1.407245e-84,4.065131e-84,8.422766e-84,1.474052e-83,1.838490e-83,2.041772e-83,2.306911e-83,2.412624e-83,2.498158e-83,2.537621e-83,2.351402e-83,1.970534e-83,8.426821e-84,-8.100106e-85,7.060674e-86,4.388248e-85,5.961928e-85,7.504578e-85,5.932358e-85,1.081376e-84,4.042285e-85,7.843249e-85,5.790344e-85,3.252979e-85,-7.940275e-86,-6.392051e-85,-9.904928e-85,-4.690643e-85
3.555988e-82,3.975650e-81,1.467035e-80,2.840012e-80,4.068614e-80,5.635612e-80,7.202517e-80,3.435177e-80,8.574399e-82,1.122788e-81,3.987418e-81,1.160306e-80,2.203381e-80,2.982299e-80,3.918352e-80,4.531277e-80,5.056080e-80,3.392871e-80,3.868779e-81,1.224342e-81,5.413502e-81,1.281216e-80,2.054420e-80,3.049274e-80,3.681864e-80,4.225948e-80,4.629899e-80,4.615929e-80,3.158667e-80,2.208151e-81,1.199353e-81,5.529981e-81,1.200605e-80,2.049575e-80,3.015172e-80,3.381507e-80,3.804986e-80,4.123609e-80,3.843207e-80,2.823253e-80,9.154986e-81,6.923338e-83,1.273947e-81,4.785753e-81,1.202147e-80,1.967715e-80,2.655816e-80,3.078101e-80,3.441136e-80,3.671537e-80,3.213820e-80,2.468494e-80,8.251407e-81,-1.227329e-81,1.258128e-81,5.172912e-81,1.228007e-80,2.062679e-80,2.715775e-80,3.109037e-80,3.528144e-80,3.353028e-80,2.553250e-80,1.616367e-80,4.500290e-81,-4.308397e-81,-1.452991e-82,1.334773e-81,5.156422e-81,1.187651e-80,1.901304e-80,2.208576e-80,2.639104e-80,2.910277e-80,2.675836e-80,2.004067e-80,1.020802e-80,1.083634e-81,-3.660138e-81,-4.985138e-82,1.167416e-81,4.079072e-81,9.637968e-81,1.536732e-80,1.916464e-80,2.186130e-80,2.241913e-80,1.898690e-80,1.161149e-80,5.021987e-81,-6.520898e-82,-2.320000e-81,-4.076007e-82,2.723234e-82,1.321659e-81,2.662910e-81,4.248585e-81,4.736858e-81,4.245601e-81,2.622008e-81,-1.424379e-82,-3.498197e-81,-4.183057e-81,-4.154416e-81,-2.066826e-81,-3.240437e-82,-1.778400e-86,-8.738736e-83,5.294191e-83,2.851176e-82,1.154461e-82,-4.689996e-82,-1.366306e-81,-1.952294e-81,-2.889693e-81,-2.890387e-81,-2.592335e-81,-1.801238e-81,-9.569798e-82,-1.401486e-82,-8.082809e-85,-4.835244e-83,-2.989849e-82,-6.478428e-82,-1.104628e-81,-1.448989e-81,-1.602354e-81,-2.001239e-81,-2.238166e-81,-1.694811e-81,-1.215927e-81,-5.474338e-82,-1.291056e-82,3.906739e-83,-6.559927e-85,-1.569856e-83,-1.074102e-82,-2.772033e-82,-4.163705e-82,-6.908381e-82,-5.221174e-82,-7.285609e-82,-9.757650e-82,-6.353945e-82,-5.287033e-82,-8.793866e-83,1.949852e-82,9.959840e-83,7.733607e-86,1.955925e-83,4.707806e-83,1.177158e-82,2.218357e-82,2.382341e-82,2.440702e-82,3.574031e-82,3.454403e-82,3.236133e-82,3.714059e-82,3.844713e-82,3.170908e-82,1.047822e-82,1.791004e-84,1.601340e-83,3.132259e-83,6.902343e-83,1.324297e-82,1.779786e-82,2.048977e-82,2.259351e-82,2.316194e-82,2.387268e-82,2.286449e-82,2.004067e-82,1.661352e-82,5.706050e-83,7.546792e-85,3.206028e-84,9.323510e-84,1.902998e-83,3.325176e-83,4.234036e-83,4.776978e-83,5.419146e-83,5.688677e-83,5.967039e-83,6.044789e-83,5.564871e-83,4.633870e-83,2.050927e-83,-1.451751e-84,1.921344e-85,1.112185e-84,1.387077e-84,2.025676e-84,1.591156e-84,2.832210e-84,1.599286e-84,2.497242e-84,2.335146e-84,1.767957e-84,7.473946e-85,-7.118055e-85,-1.767239e-84,-9.576983e-85
6.134625e-82,7.170973e-81,2.666133e-80,5.156414e-80,7.374575e-80,1.020984e-79,1.303032e-79,6.140900e-80,1.520457e-81,1.996656e-81,7.156770e-81,2.077059e-80,3.955305e-80,5.368097e-80,7.023572e-80,8.107912e-80,9.030202e-80,5.994336e-80,6.882647e-81,2.188339e-81,9.702076e-81,2.292586e-80,3.684376e-80,5.456082e-80,6.576449e-80,7.526158e-80,8.244568e-80,8.183069e-80,5.543557e-80,3.780801e-81,2.125235e-81,9.926285e-81,2.149024e-80,3.652892e-80,5.372546e-80,6.057666e-80,6.772352e-80,7.319206e-80,6.782270e-80,4.928754e-80,1.527465e-80,1.193444e-82,2.280373e-81,8.610613e-81,2.135294e-80,3.528501e-80,4.699785e-80,5.496665e-80,6.116644e-80,6.493130e-80,5.644167e-80,4.303430e-80,1.345026e-80,-2.697788e-81,2.226300e-81,9.214646e-81,2.062679e-80,3.853002e-80,4.840296e-80,5.517744e-80,6.278079e-80,5.923799e-80,4.461941e-80,2.762281e-80,6.862235e-81,-8.519570e-81,-2.807068e-82,2.367177e-81,9.316585e-81,2.095487e-80,3.409067e-80,3.925619e-80,4.641907e-80,5.143827e-80,4.706607e-80,3.468854e-80,1.706490e-80,8.885977e-82,-7.200756e-81,-9.507044e-82,2.072461e-81,7.241958e-81,1.719031e-80,2.726535e-80,3.402423e-80,3.864504e-80,3.951062e-80,3.319664e-80,1.983362e-80,8.057471e-81,-1.870043e-81,-4.559714e-81,-7.798663e-82,4.774830e-82,2.222789e-81,4.500797e-81,7.223688e-81,7.968500e-81,6.955856e-81,3.936807e-81,-1.168887e-81,-7.162824e-81,-8.243869e-81,-7.952077e-81,-3.949158e-81,-6.222315e-82,-3.776756e-86,-1.733355e-82,8.268385e-84,3.274440e-82,-6.252320e-83,-1.225262e-81,-2.966917e-81,-4.003714e-81,-5.709037e-81,-5.643380e-81,-5.013161e-81,-3.467024e-81,-1.845672e-81,-2.852843e-82,-1.920896e-84,-1.019369e-82,-5.857982e-82,-1.265700e-81,-2.125639e-81,-2.781525e-81,-3.131318e-81,-3.875981e-81,-4.265587e-81,-3.268952e-81,-2.367225e-81,-1.104367e-81,-3.000607e-82,4.731417e-83,-2.019381e-84,-3.432265e-83,-2.097353e-82,-5.400988e-82,-8.143608e-82,-1.325154e-81,-1.073087e-81,-1.467526e-81,-1.877207e-81,-1.259005e-81,-1.048382e-81,-2.302255e-82,3.016294e-82,1.616215e-82,-7.935210e-85,3.418777e-83,7.991730e-83,1.967495e-82,3.831098e-82,4.059616e-82,4.139564e-82,6.090673e-82,5.852176e-82,5.455765e-82,6.332145e-82,6.629319e-82,5.488606e-82,1.762768e-82,2.258639e-84,2.841556e-83,5.511842e-83,1.195100e-82,2.324345e-82,3.143168e-82,3.571811e-82,3.905818e-82,4.008205e-82,4.147471e-82,3.986100e-82,3.459751e-82,2.873629e-82,9.563430e-83,5.809946e-85,5.462255e-84,1.598802e-83,3.317549e-83,5.875013e-83,7.495465e-83,8.343614e-83,9.494916e-83,9.959888e-83,1.040338e-82,1.050286e-82,9.698668e-83,8.010039e-83,3.497591e-83,-2.990151e-84,3.430351e-85,1.910197e-84,2.321650e-84,3.481607e-84,2.146306e-84,4.254633e-84,2.036218e-84,3.718534e-84,3.677115e-84,2.370963e-84,7.978577e-85,-1.974513e-84,-3.645063e-84,-1.819455e-84
8.946549e-82,9.526058e-81,3.480797e-80,6.726422e-80,9.618757e-80,1.332005e-79,1.702745e-79,8.116101e-80,2.015154e-81,2.640334e-81,9.447445e-81,2.734623e-80,5.209138e-80,7.051061e-80,9.268448e-80,1.072171e-79,1.198699e-79,8.028293e-80,9.035585e-81,2.886101e-81,1.269356e-80,3.001825e-80,4.833492e-80,7.185175e-80,8.690906e-80,9.967236e-80,1.094123e-79,1.091092e-79,7.468977e-80,5.250885e-81,2.804954e-81,1.297950e-80,2.828974e-80,4.800262e-80,7.075308e-80,7.994077e-80,8.980436e-80,9.744673e-80,9.119600e-80,6.724450e-80,2.219742e-80,1.702527e-82,3.007479e-81,1.133958e-80,2.818684e-80,4.629811e-80,6.244012e-80,7.246873e-80,8.130915e-80,8.674267e-80,7.628599e-80,5.891253e-80,2.038235e-80,-2.419722e-81,2.942093e-81,1.212845e-80,2.715775e-80,4.840296e-80,6.617968e-80,7.310488e-80,8.318231e-80,7.929404e-80,6.082096e-80,3.901077e-80,1.167091e-80,-9.277813e-81,-3.137947e-82,3.121934e-81,1.224741e-80,2.772636e-80,4.458035e-80,5.262469e-80,6.215832e-80,6.851164e-80,6.367160e-80,4.801430e-80,2.506113e-80,3.602263e-81,-7.881000e-81,-1.100184e-81,2.750453e-81,9.559114e-81,2.273849e-80,3.628661e-80,4.526379e-80,5.150618e-80,5.298938e-80,4.528018e-80,2.823651e-80,1.277355e-80,-6.943522e-82,-4.942997e-81,-8.792096e-82,7.050108e-82,3.154757e-81,6.421805e-81,1.036346e-80,1.186321e-80,1.085889e-80,7.135984e-81,8.535070e-82,-7.033414e-81,-8.776041e-81,-8.996285e-81,-4.486164e-81,-6.833013e-82,-3.546747e-86,-1.648242e-82,2.210246e-82,8.773964e-82,6.597295e-82,-5.432709e-82,-2.474251e-81,-3.794790e-81,-5.944595e-81,-6.035232e-81,-5.472200e-81,-3.787182e-81,-2.001728e-81,-2.691289e-82,-1.175143e-84,-9.781734e-83,-6.310537e-82,-1.367754e-81,-2.302396e-81,-3.001113e-81,-3.360272e-81,-4.246065e-81,-4.769549e-81,-3.563866e-81,-2.508632e-81,-1.052943e-81,-1.505700e-82,1.380819e-82,-1.191689e-85,-2.864504e-83,-2.136040e-82,-5.748395e-82,-8.434015e-82,-1.413876e-81,-1.029824e-81,-1.509409e-81,-2.036331e-81,-1.282140e-81,-1.028083e-81,-5.941176e-83,5.573028e-82,2.742433e-82,1.884001e-84,4.803046e-83,1.160859e-82,2.844618e-82,5.438901e-82,5.918869e-82,6.237649e-82,8.856476e-82,8.650938e-82,8.169335e-82,9.261150e-82,9.570100e-82,7.905815e-82,2.720290e-82,6.544555e-84,3.851762e-83,7.468805e-83,1.623423e-82,3.159604e-82,4.251480e-82,4.923719e-82,5.431012e-82,5.590736e-82,5.805103e-82,5.593595e-82,4.935368e-82,4.135053e-82,1.509289e-82,4.362912e-84,7.520911e-84,2.179212e-83,4.495750e-83,7.925205e-83,1.004556e-82,1.137513e-82,1.304458e-82,1.385282e-82,1.450240e-82,1.477810e-82,1.377651e-82,1.150901e-82,5.350822e-83,-1.769266e-84,5.173354e-85,2.628795e-84,3.543734e-84,5.070337e-84,4.288850e-84,7.367087e-84,4.236601e-84,7.027942e-84,6.992444e-84,5.784478e-84,3.720252e-84,1.810171e-85,-2.680248e-84,-1.899425e-84
1.156597e-81,1.071254e-80,3.795872e-80,7.343584e-80,1.051370e-79,1.456778e-79,1.870385e-79,9.190815e-80,2.270471e-81,3.019263e-81,1.074548e-80,3.081715e-80,5.851702e-80,7.957172e-80,1.048208e-79,1.218727e-79,1.375202e-79,9.360008e-80,1.015386e-80,3.328013e-81,1.419617e-80,3.370943e-80,5.485127e-80,8.123413e-80,9.905090e-80,1.140726e-79,1.260122e-79,1.271050e-79,8.910477e-80,6.619205e-81,3.218739e-81,1.457550e-80,3.211916e-80,5.466892e-80,8.018816e-80,9.161478e-80,1.036696e-79,1.135061e-79,1.079316e-79,8.235713e-80,3.033895e-80,2.214890e-82,3.442771e-81,1.285995e-80,3.212253e-80,5.282926e-80,7.103380e-80,8.382706e-80,9.382123e-80,1.014786e-79,9.140284e-80,7.217645e-80,2.917075e-80,-9.081516e-83,3.379734e-81,1.379244e-80,3.109037e-80,5.517744e-80,7.310488e-80,8.723792e-80,9.625428e-80,9.309507e-80,7.404304e-80,5.022368e-80,1.885786e-80,-6.361009e-81,-2.353008e-82,3.597967e-81,1.394985e-80,3.161274e-80,5.147297e-80,6.086992e-80,7.281353e-80,8.077827e-80,7.614287e-80,5.978353e-80,3.413323e-80,9.149473e-81,-5.728044e-81,-9.307777e-82,3.170330e-81,1.104702e-80,2.620836e-80,4.194571e-80,5.295641e-80,6.040697e-80,6.278904e-80,5.503188e-80,3.669074e-80,1.906976e-80,2.793544e-81,-3.504506e-81,-7.087324e-82,9.467339e-82,4.064033e-81,8.451342e-81,1.356142e-80,1.606067e-80,1.555908e-80,1.216193e-80,5.528918e-81,-3.432675e-81,-6.130356e-81,-7.514070e-81,-3.727496e-81,-5.266416e-82,-1.291260e-86,-7.328790e-83,6.703530e-82,1.876506e-81,2.117899e-81,1.426454e-81,-4.829377e-82,-1.485896e-81,-3.868342e-81,-4.329889e-81,-4.175186e-81,-2.964012e-81,-1.521842e-81,-1.176088e-82,7.663507e-85,-5.211019e-83,-4.708878e-82,-9.838173e-82,-1.712566e-81,-2.275360e-81,-2.485821e-81,-3.334687e-81,-3.874203e-81,-2.768519e-81,-1.799970e-81,-5.094527e-82,2.390520e-82,2.919313e-82,3.758646e-84,-8.695306e-84,-1.432809e-82,-4.079156e-82,-5.431780e-82,-1.026031e-81,-5.592047e-82,-1.011083e-81,-1.556482e-81,-8.019406e-82,-5.791316e-82,3.472352e-82,8.958225e-82,4.222744e-82,6.583914e-84,5.907605e-83,1.556079e-82,3.799678e-82,6.849454e-82,7.783849e-82,8.578009e-82,1.153025e-81,1.160513e-81,1.120047e-81,1.219192e-81,1.235607e-81,1.022949e-81,3.793838e-82,1.274444e-83,4.570891e-83,9.081594e-83,2.023669e-82,3.806235e-82,5.154852e-82,5.980123e-82,6.614984e-82,6.928378e-82,7.231132e-82,6.981469e-82,6.273307e-82,5.314328e-82,2.134439e-82,1.060641e-83,9.460709e-84,2.691131e-83,5.350407e-83,9.335326e-83,1.199667e-82,1.390666e-82,1.605079e-82,1.717395e-82,1.805128e-82,1.848769e-82,1.732031e-82,1.465379e-82,7.339440e-83,1.296551e-84,7.420310e-85,2.881567e-84,4.659162e-84,7.104509e-84,7.407750e-84,1.089456e-83,7.809463e-84,1.098835e-83,1.184480e-83,1.068720e-83,8.492416e-84,4.712925e-84,3.002927e-85,-1.429560e-84
1.333478e-81,1.207027e-80,4.247522e-80,8.232435e-80,1.177917e-79,1.629647e-79,2.093079e-79,1.045863e-79,2.620235e-81,3.420345e-81,1.234322e-80,3.508064e-80,6.632440e-80,9.024001e-80,1.191568e-79,1.389725e-79,1.577664e-79,1.084174e-79,1.155207e-80,3.831115e-81,1.601902e-80,3.819369e-80,6.223285e-80,9.216895e-80,1.126819e-79,1.303957e-79,1.446878e-79,1.465728e-79,1.041126e-79,7.850054e-81,3.637585e-81,1.654299e-80,3.653251e-80,6.228601e-80,9.158612e-80,1.044858e-79,1.190561e-79,1.309406e-79,1.252908e-79,9.764307e-80,3.780487e-80,2.659249e-82,3.915236e-81,1.473671e-80,3.671839e-80,6.059069e-80,8.138232e-80,9.614130e-80,1.085172e-79,1.170300e-79,1.069015e-79,8.546033e-80,3.708353e-80,1.403654e-81,3.827078e-81,1.567649e-80,3.528144e-80,6.278079e-80,8.318231e-80,9.625428e-80,1.145460e-79,1.076312e-79,8.728461e-80,6.084587e-80,2.509732e-80,-4.538161e-81,-1.932691e-82,4.080344e-81,1.599046e-80,3.603148e-80,5.861969e-80,7.074293e-80,8.394496e-80,9.380126e-80,8.926264e-80,7.115242e-80,4.243492e-80,1.375312e-80,-4.402521e-81,-8.460058e-82,3.628531e-81,1.272176e-80,3.004727e-80,4.833011e-80,6.105420e-80,7.007411e-80,7.313391e-80,6.486174e-80,4.466829e-80,2.468649e-80,5.622262e-81,-2.566629e-81,-5.979471e-82,1.200714e-81,4.925850e-81,1.033381e-80,1.683251e-80,1.982888e-80,2.018759e-80,1.656331e-80,9.527187e-81,-7.351507e-82,-4.340034e-81,-6.639956e-81,-3.285409e-81,-4.276026e-82,6.128467e-87,8.678481e-84,1.042946e-81,2.765631e-81,3.562651e-81,2.992470e-81,1.458145e-81,3.344199e-82,-2.333772e-81,-3.068638e-81,-3.305995e-81,-2.380758e-81,-1.188722e-81,-1.077791e-83,2.029368e-84,-2.778120e-83,-3.712404e-82,-7.202279e-82,-1.326211e-81,-1.597107e-81,-1.866384e-81,-2.688774e-81,-3.281503e-81,-2.185004e-81,-1.287475e-81,-8.542767e-83,5.773925e-82,4.250041e-82,6.717069e-84,6.082087e-84,-8.422402e-83,-2.525195e-82,-3.153912e-82,-7.651915e-82,-1.525102e-82,-6.740401e-82,-1.236815e-81,-4.268025e-82,-2.236179e-82,6.988833e-82,1.204310e-81,5.547280e-82,1.023770e-83,7.329307e-83,1.936581e-82,4.673736e-82,8.525288e-82,9.670896e-82,1.071551e-81,1.437709e-81,1.443003e-81,1.403277e-81,1.502926e-81,1.508060e-81,1.245679e-81,4.779018e-82,1.805436e-83,5.405139e-83,1.114020e-82,2.366252e-82,4.450353e-82,6.017726e-82,7.098389e-82,7.883999e-82,8.207552e-82,8.637276e-82,8.429795e-82,7.566655e-82,6.440568e-82,2.709167e-82,1.607581e-83,1.105797e-83,3.107367e-83,6.307686e-83,1.099671e-82,1.419562e-82,1.654286e-82,1.885630e-82,2.024655e-82,2.163824e-82,2.227237e-82,2.088227e-82,1.768170e-82,9.213034e-83,3.943721e-84,9.415855e-85,3.692171e-84,6.127924e-84,8.309104e-84,9.657962e-84,1.542141e-83,1.158386e-83,1.545908e-83,1.658643e-83,1.563383e-83,1.308680e-83,8.349536e-84,2.777770e-84,-1.052609e-84
1.566020e-81,1.119754e-80,3.654675e-80,7.081805e-80,1.015013e-79,1.407596e-79,1.828866e-79,9.860315e-80,2.563914e-81,3.278943e-81,1.166174e-80,3.247993e-80,6.078587e-80,8.365445e-80,1.111176e-79,1.312685e-79,1.517958e-79,1.093136e-79,1.090178e-80,3.665006e-81,1.458499e-80,3.504525e-80,5.811830e-80,8.579507e-80,1.062767e-79,1.245371e-79,1.404431e-79,1.451531e-79,1.084825e-79,8.945778e-81,3.466308e-81,1.520664e-80,3.422817e-80,5.836997e-80,8.607566e-80,1.003764e-79,1.151893e-79,1.293705e-79,1.282053e-79,1.059503e-79,4.793105e-80,3.035191e-82,3.708617e-81,1.397201e-80,3.458460e-80,5.721603e-80,7.783892e-80,9.301839e-80,1.059335e-79,1.168781e-79,1.116624e-79,9.307598e-80,4.974787e-80,7.286661e-81,3.702697e-81,1.476216e-80,3.353028e-80,5.923799e-80,7.929404e-80,9.309507e-80,1.076312e-79,1.107299e-79,9.373246e-80,7.157420e-80,3.758783e-80,5.761963e-81,9.172369e-83,3.914840e-81,1.515695e-80,3.413609e-80,5.614620e-80,6.975901e-80,8.409902e-80,9.387093e-80,9.350667e-80,7.951468e-80,5.380674e-80,2.558322e-80,3.796587e-81,-3.329559e-83,3.501384e-81,1.239090e-80,2.909802e-80,4.715222e-80,6.026028e-80,7.016812e-80,7.489914e-80,6.983634e-80,5.315760e-80,3.458501e-80,1.428994e-80,2.812133e-81,1.553050e-82,1.470820e-81,5.808510e-81,1.242168e-80,2.043612e-80,2.499338e-80,2.712378e-80,2.537420e-80,2.046605e-80,1.090169e-80,5.815971e-81,6.779607e-82,3.356847e-82,2.331450e-82,8.793067e-86,2.952117e-82,2.013276e-81,4.767901e-81,6.905988e-81,7.852459e-81,7.470008e-81,7.411163e-81,5.180539e-81,3.678712e-81,2.114646e-81,1.276902e-81,8.312002e-82,4.690807e-82,7.723403e-84,1.226784e-82,2.912850e-82,7.412756e-82,1.058213e-81,1.414878e-81,1.633327e-81,1.297148e-81,8.732238e-82,1.300947e-81,1.541644e-81,1.734681e-81,1.623444e-81,7.456880e-82,1.695685e-83,7.181511e-83,1.898335e-82,3.943519e-82,7.490209e-82,7.199854e-82,1.453547e-81,1.192010e-81,8.174044e-82,1.281248e-81,1.350492e-81,1.746741e-81,1.838301e-81,8.004391e-82,2.193958e-83,8.306203e-83,2.418841e-82,5.698753e-82,9.839450e-82,1.187304e-81,1.380704e-81,1.734461e-81,1.807371e-81,1.806722e-81,1.847700e-81,1.799032e-81,1.481257e-81,6.311024e-82,3.127815e-83,5.523903e-83,1.202433e-82,2.624409e-82,4.759880e-82,6.352292e-82,7.584655e-82,8.586149e-82,9.183785e-82,9.723015e-82,9.602983e-82,8.823305e-82,7.574505e-82,3.645047e-82,3.009242e-83,1.191506e-83,3.260988e-83,6.533962e-83,1.134894e-82,1.491486e-82,1.776585e-82,2.057458e-82,2.255650e-82,2.432532e-82,2.533251e-82,2.416056e-82,2.087643e-82,1.193929e-82,1.240863e-83,1.467378e-84,4.845897e-84,7.953438e-84,1.142121e-83,1.450244e-83,2.019849e-83,1.844732e-83,2.309153e-83,2.543761e-83,2.606939e-83,2.414426e-83,1.969533e-83,1.130774e-83,9.831662e-85
1.583779e-81,7.675079e-81,2.018126e-80,3.966422e-80,5.722537e-80,7.987650e-80,1.066314e-79,7.343201e-80,2.087033e-81,2.502115e-81,8.761633e-81,2.317247e-80,4.187597e-80,5.962926e-80,8.085908e-80,9.774141e-80,1.193374e-79,9.532530e-80,8.234431e-81,2.859477e-81,9.942923e-81,2.443310e-80,4.246105e-80,6.219197e-80,7.947268e-80,9.524511e-80,1.125035e-79,1.222948e-79,1.014995e-79,9.607507e-81,2.641074e-81,1.067021e-80,2.531267e-80,4.314430e-80,6.361886e-80,7.863611e-80,9.225248e-80,1.082990e-79,1.144123e-79,1.071167e-79,5.972090e-80,3.303157e-82,2.809911e-81,1.065602e-80,2.598767e-80,4.315545e-80,5.976305e-80,7.493107e-80,8.691765e-80,9.949656e-80,1.043979e-79,9.357564e-80,6.577841e-80,1.699229e-80,2.909647e-81,1.097850e-80,2.553250e-80,4.461941e-80,6.082096e-80,7.404304e-80,8.728461e-80,9.373246e-80,9.495771e-80,8.028877e-80,5.447943e-80,2.358229e-80,5.967318e-82,3.060038e-81,1.157773e-80,2.586397e-80,4.355644e-80,5.867335e-80,7.169800e-80,8.160907e-80,8.745135e-80,8.318742e-80,6.643084e-80,4.313734e-80,1.791210e-80,1.437728e-81,2.756741e-81,1.006507e-80,2.329905e-80,3.840114e-80,5.059486e-80,6.037657e-80,6.708859e-80,6.853977e-80,6.084826e-80,4.719071e-80,2.776489e-80,1.202880e-80,1.490713e-81,1.771890e-81,6.504840e-81,1.431541e-80,2.392797e-80,3.066736e-80,3.589644e-80,3.768983e-80,3.688148e-80,2.986223e-80,2.284892e-80,1.351323e-80,6.712702e-81,1.363315e-81,2.229294e-85,7.735227e-82,3.424806e-81,7.687392e-81,1.193303e-80,1.538738e-80,1.725762e-80,1.896394e-80,1.777354e-80,1.502012e-80,1.138058e-80,7.539736e-81,4.263677e-81,1.228648e-81,1.585013e-83,3.631008e-82,1.386712e-81,3.214982e-81,5.113855e-81,6.726299e-81,7.598298e-81,8.123891e-81,8.087266e-81,7.270487e-81,6.243653e-81,4.665677e-81,3.200746e-81,1.192956e-81,3.124990e-83,1.720321e-82,6.410761e-82,1.499337e-81,2.551359e-81,3.272613e-81,4.093987e-81,4.292918e-81,4.284140e-81,4.105835e-81,3.902156e-81,3.333261e-81,2.634351e-81,1.108892e-81,3.780196e-83,8.814040e-83,2.924420e-82,6.733883e-82,1.094437e-81,1.416900e-81,1.726349e-81,2.021895e-81,2.188238e-81,2.239614e-81,2.157440e-81,2.037456e-81,1.669126e-81,7.986371e-82,4.848515e-83,4.967997e-83,1.192082e-82,2.662250e-82,4.595446e-82,6.092326e-82,7.402426e-82,8.576960e-82,9.491734e-82,1.014489e-81,1.017944e-81,9.645287e-82,8.402124e-82,4.666590e-82,4.912341e-83,1.144194e-83,3.043750e-83,6.003916e-83,1.039877e-82,1.420461e-82,1.762990e-82,2.068054e-82,2.318739e-82,2.551285e-82,2.669441e-82,2.598198e-82,2.297452e-82,1.479974e-82,2.469949e-83,2.198646e-84,6.445606e-84,1.033879e-83,1.545923e-83,2.182144e-83,2.745967e-83,2.824005e-83,3.348739e-83,3.848459e-83,4.107991e-83,3.959387e-83,3.600421e-83,2.447611e-83,4.258555e-84
1.416627e-81,3.830273e-81,4.460529e-81,9.701435e-81,1.431022e-80,2.095584e-80,3.362821e-80,4.490725e-80,1.445962e-81,1.576065e-81,5.412228e-81,1.294711e-80,2.177018e-80,3.324042e-80,4.636321e-80,5.916561e-80,7.911306e-80,7.372173e-80,5.151085e-81,1.911741e-81,5.024749e-81,1.297907e-80,2.472877e-80,3.580975e-80,4.872093e-80,6.112005e-80,7.691704e-80,9.009712e-80,8.477664e-80,9.117833e-81,1.663948e-81,5.812370e-81,1.522960e-80,2.598927e-80,3.840646e-80,5.186637e-80,6.300892e-80,7.876570e-80,9.074317e-80,9.539514e-80,6.277563e-80,3.064422e-82,1.750475e-81,6.823468e-81,1.615043e-80,2.705591e-80,3.848898e-80,5.160109e-80,6.174321e-80,7.436999e-80,8.671708e-80,8.379694e-80,7.116299e-80,2.290414e-80,1.929688e-81,6.713295e-81,1.616367e-80,2.762281e-80,3.901077e-80,5.022368e-80,6.084587e-80,7.157420e-80,8.028877e-80,8.174159e-80,6.205395e-80,3.531742e-80,9.288537e-82,1.992222e-81,7.408984e-81,1.630021e-80,2.846461e-80,4.303319e-80,5.377488e-80,6.210565e-80,7.289385e-80,7.654482e-80,6.955583e-80,5.245859e-80,2.723963e-80,2.462779e-81,1.866869e-81,7.072755e-81,1.597865e-80,2.714216e-80,3.701580e-80,4.574635e-80,5.321788e-80,5.964815e-80,6.016730e-80,5.215078e-80,3.540195e-80,1.800050e-80,2.390705e-81,1.815326e-81,6.355364e-81,1.420668e-80,2.407164e-80,3.162122e-80,3.880366e-80,4.317582e-80,4.588383e-80,4.175217e-80,3.391617e-80,2.233778e-80,1.104456e-80,2.112477e-81,2.925521e-85,1.066423e-81,4.173616e-81,9.095760e-81,1.459518e-80,1.960439e-80,2.313713e-80,2.592411e-80,2.576191e-80,2.238266e-80,1.742717e-80,1.170604e-80,6.539499e-81,1.701094e-81,2.147701e-83,5.081305e-82,2.114324e-81,4.812541e-81,7.751296e-81,1.017400e-80,1.153362e-80,1.270639e-80,1.286758e-80,1.118773e-80,9.302004e-81,6.466176e-81,4.112020e-81,1.407748e-81,4.076484e-83,2.311871e-82,9.289023e-82,2.211260e-81,3.666253e-81,4.906425e-81,5.748642e-81,6.257820e-81,6.551957e-81,5.890580e-81,5.480996e-81,4.220298e-81,2.986540e-81,1.217992e-81,4.721409e-83,8.252609e-83,2.976827e-82,6.770440e-82,1.066642e-81,1.430114e-81,1.806492e-81,2.016664e-81,2.226242e-81,2.333202e-81,2.162246e-81,1.998780e-81,1.625402e-81,8.327770e-82,5.716991e-83,4.018989e-83,1.067615e-82,2.411125e-82,3.970389e-82,5.169063e-82,6.435683e-82,7.640617e-82,8.614965e-82,9.374616e-82,9.486845e-82,9.235185e-82,8.140428e-82,4.919173e-82,5.812145e-83,9.904704e-84,2.483086e-83,4.957276e-83,8.576490e-83,1.194912e-82,1.536383e-82,1.818984e-82,2.103103e-82,2.359456e-82,2.488854e-82,2.445215e-82,2.220925e-82,1.521138e-82,3.104804e-83,2.457419e-84,6.906064e-84,1.115301e-83,1.624326e-83,2.462168e-83,2.966405e-83,3.270708e-83,3.784838e-83,4.381360e-83,4.788558e-83,4.647014e-83,4.462765e-83,3.188359e-83,6.287298e-84
1.069197e-81,1.773570e-84,-9.588679e-81,-1.770361e-80,-2.472901e-80,-3.320480e-80,-3.600946e-80,1.156421e-80,6.643677e-82,4.586985e-82,1.432467e-81,1.513522e-81,2.436877e-83,3.872268e-81,7.848081e-81,1.460755e-80,2.928294e-80,4.032032e-80,1.468825e-81,6.656758e-82,-3.324119e-82,2.984667e-82,4.276857e-81,5.478489e-81,1.198290e-80,1.890871e-80,3.070740e-80,4.365680e-80,5.313784e-80,6.927648e-81,4.666638e-82,2.905406e-82,3.147932e-81,5.477111e-81,8.235447e-81,1.781609e-80,2.471165e-80,3.740426e-80,5.195021e-80,6.651352e-80,5.299859e-80,2.389073e-82,4.667653e-82,1.969371e-81,4.013003e-81,7.086282e-81,1.180242e-80,2.043054e-80,2.678045e-80,3.741601e-80,5.414680e-80,5.844994e-80,6.263185e-80,2.381282e-80,6.705277e-82,1.505523e-81,4.500290e-81,6.862235e-81,1.167091e-80,1.885786e-80,2.509732e-80,3.758783e-80,5.447943e-80,6.205395e-80,5.867321e-80,3.931433e-80,1.067323e-81,6.579817e-82,2.136275e-81,4.382620e-81,9.240773e-81,2.038373e-80,2.692054e-80,3.252445e-80,4.551340e-80,5.612112e-80,5.871238e-80,5.118108e-80,3.083235e-80,2.937295e-81,6.779604e-82,2.954418e-81,6.170667e-81,1.149440e-80,1.742138e-80,2.350150e-80,3.036055e-80,4.021178e-80,4.802868e-80,4.689646e-80,3.593255e-80,2.029272e-80,2.785737e-81,1.511419e-81,5.022499e-81,1.147686e-80,1.971116e-80,2.675296e-80,3.434338e-80,4.035475e-80,4.589902e-80,4.510079e-80,3.804328e-80,2.649376e-80,1.312728e-80,2.438759e-81,3.129148e-85,1.145997e-81,4.119746e-81,8.819652e-81,1.449042e-80,2.007402e-80,2.446027e-80,2.788497e-80,2.871472e-80,2.531694e-80,2.006190e-80,1.353462e-80,7.519927e-81,1.846695e-81,2.207972e-83,5.616477e-82,2.428401e-81,5.473464e-81,8.892635e-81,1.164374e-80,1.318402e-80,1.476354e-80,1.518411e-80,1.293146e-80,1.054520e-80,7.041928e-81,4.248995e-81,1.378676e-81,4.122576e-83,2.503374e-82,1.042258e-81,2.492294e-81,4.101539e-81,5.613945e-81,6.312719e-81,7.050791e-81,7.581061e-81,6.550816e-81,6.030771e-81,4.318652e-81,2.795420e-81,1.126428e-81,4.740080e-83,6.258569e-83,2.495496e-82,5.580238e-82,8.422218e-82,1.195939e-81,1.559585e-81,1.654345e-81,1.877570e-81,1.999750e-81,1.786486e-81,1.608524e-81,1.305938e-81,7.347928e-82,5.594749e-83,2.324476e-83,7.451022e-83,1.714194e-82,2.628518e-82,3.348904e-82,4.315662e-82,5.324171e-82,6.280762e-82,6.913328e-82,7.165511e-82,7.213008e-82,6.450072e-82,4.388624e-82,5.816743e-83,6.541015e-84,1.516320e-83,3.005559e-83,5.202770e-83,7.736897e-83,1.053609e-82,1.270591e-82,1.522055e-82,1.744680e-82,1.866181e-82,1.882553e-82,1.755593e-82,1.330541e-82,3.315414e-83,2.319661e-84,6.157283e-84,9.805564e-84,1.460243e-83,2.293549e-83,2.667384e-83,3.132659e-83,3.533948e-83,4.145962e-83,4.637156e-83,4.621189e-83,4.565307e-83,3.400041e-83,7.409734e-84
5.263773e-82,-2.742341e-81,-1.703225e-80,-3.204632e-80,-4.539546e-80,-6.201439e-80,-7.441568e-80,-1.433610e-80,-1.385306e-82,-4.114898e-82,-1.603868e-81,-6.616789e-81,-1.451096e-80,-1.694289e-80,-1.995452e-80,-1.891223e-80,-1.144252e-80,6.861857e-81,-1.628233e-81,-3.005937e-82,-3.845400e-81,-8.224018e-81,-1.034617e-80,-1.603253e-80,-1.546560e-80,-1.376545e-80,-7.808106e-81,2.082701e-81,1.836084e-80,3.632063e-81,-4.359334e-82,-3.459374e-81,-5.656312e-81,-9.424763e-81,-1.388798e-80,-9.166757e-81,-6.585422e-81,5.478827e-82,1.319965e-80,3.080929e-80,3.341399e-80,1.425028e-82,-4.866132e-82,-1.796271e-81,-4.986976e-81,-7.773031e-81,-8.849279e-81,-5.212037e-81,-2.619670e-81,3.499763e-81,1.906975e-80,2.698786e-80,4.106094e-80,1.900860e-80,-3.424106e-82,-2.299833e-81,-4.308397e-81,-8.519570e-81,-9.277813e-81,-6.361009e-81,-4.538161e-81,5.761963e-81,2.358229e-80,3.531742e-80,3.931433e-80,3.324622e-80,9.218062e-82,-3.860602e-82,-1.872063e-81,-4.592726e-81,-5.758563e-81,6.333604e-82,2.501303e-81,5.058615e-81,1.610399e-80,2.824179e-80,3.658778e-80,3.701298e-80,2.551370e-80,2.560933e-81,-2.638694e-82,-5.017667e-82,-1.789338e-81,-1.688956e-81,3.269756e-82,2.998609e-81,7.848066e-81,1.716751e-80,2.781412e-80,3.115335e-80,2.699790e-80,1.662367e-80,2.351228e-81,9.475190e-82,2.839012e-81,6.808585e-81,1.177665e-80,1.673287e-80,2.261003e-80,2.818001e-80,3.399966e-80,3.553310e-80,3.076776e-80,2.225313e-80,1.112638e-80,2.013840e-81,2.372296e-85,9.114319e-82,3.018634e-81,6.381094e-81,1.062759e-80,1.524150e-80,1.897016e-80,2.200781e-80,2.310118e-80,2.054709e-80,1.652306e-80,1.112383e-80,6.154229e-81,1.453046e-81,1.632745e-83,4.489963e-82,1.989076e-81,4.503683e-81,7.309053e-81,9.587958e-81,1.078545e-80,1.222036e-80,1.270056e-80,1.063338e-80,8.556791e-81,5.516941e-81,3.194835e-81,9.911562e-82,3.012914e-83,1.949217e-82,8.408188e-82,2.033288e-81,3.327981e-81,4.625135e-81,4.994584e-81,5.671191e-81,6.223484e-81,5.233720e-81,4.777652e-81,3.215475e-81,1.909146e-81,7.658091e-82,3.417352e-83,3.366491e-83,1.531127e-82,3.386328e-82,4.760958e-82,7.280662e-82,9.889577e-82,9.849912e-82,1.156804e-81,1.252012e-81,1.063112e-81,9.149179e-82,7.422812e-82,4.672718e-82,3.983604e-83,7.192418e-84,3.500478e-83,8.107876e-83,1.032510e-82,1.304474e-82,1.858772e-82,2.409547e-82,3.047139e-82,3.447468e-82,3.684027e-82,3.885537e-82,3.558818e-82,2.810535e-82,4.252959e-83,3.045544e-84,5.980863e-84,9.970094e-84,1.624089e-83,2.933986e-83,4.711318e-83,5.904041e-83,7.397596e-83,8.702906e-83,9.571631e-83,9.872724e-83,9.495384e-83,8.293594e-83,2.538264e-83,1.529185e-84,3.163323e-84,6.133011e-84,9.329875e-84,1.640409e-83,1.835980e-83,2.182982e-83,2.419907e-83,2.889616e-83,3.243031e-83,3.309000e-83,3.378587e-83,2.604952e-83,6.115323e-84
1.493574e-83,-7.421273e-83,-4.595716e-82,-8.627331e-82,-1.222553e-81,-1.679267e-81,-2.021366e-81,-4.190587e-82,-7.012375e-84,-1.391899e-83,-4.853525e-83,-1.954505e-82,-4.080551e-82,-4.886268e-82,-5.692491e-82,-5.399498e-82,-3.400147e-82,1.090636e-82,-5.629351e-83,-1.000238e-83,-1.147762e-82,-2.447618e-82,-3.130894e-82,-4.820702e-82,-4.747837e-82,-4.341007e-82,-2.886039e-82,-1.777550e-83,4.089702e-82,9.601391e-83,-1.406867e-83,-1.069282e-82,-1.811936e-82,-2.962219e-82,-4.392952e-82,-3.160513e-82,-2.395521e-82,-6.198585e-83,2.927483e-82,7.793276e-82,8.882366e-82,5.055476e-84,-1.524099e-83,-6.335507e-83,-1.637603e-82,-2.520430e-82,-2.983499e-82,-2.128602e-82,-1.316519e-82,1.974223e-83,4.545433e-82,6.886607e-82,1.099084e-81,5.476653e-82,-1.280111e-83,-7.422152e-83,-1.452991e-82,-2.807068e-82,-3.137947e-82,-2.353008e-82,-1.932691e-82,9.172369e-83,5.967318e-82,9.288537e-82,1.067323e-81,9.218062e-82,3.182609e-83,-1.373888e-83,-6.461716e-83,-1.554707e-82,-2.025480e-82,-2.563261e-83,6.533434e-84,8.348607e-83,3.880777e-82,7.266187e-82,9.778846e-82,1.014606e-81,7.126627e-82,7.695636e-83,-9.600684e-84,-2.362886e-83,-7.124512e-83,-8.560802e-83,-3.104252e-83,3.233834e-83,1.707026e-82,4.284837e-82,7.393764e-82,8.421856e-82,7.472578e-82,4.735380e-82,6.784218e-83,2.685631e-83,7.647681e-83,1.890447e-82,3.188861e-82,4.641189e-82,6.247043e-82,7.877433e-82,9.517791e-82,9.962664e-82,8.660245e-82,6.322071e-82,3.212206e-82,5.763641e-83,6.503737e-87,2.632527e-83,8.554484e-83,1.823117e-82,3.012078e-82,4.356830e-82,5.400411e-82,6.307389e-82,6.586555e-82,5.847865e-82,4.733952e-82,3.172510e-82,1.756292e-82,4.146842e-83,4.411895e-85,1.306996e-83,5.735664e-83,1.310277e-82,2.112939e-82,2.780295e-82,3.098080e-82,3.525989e-82,3.678246e-82,3.058029e-82,2.453206e-82,1.566839e-82,9.041674e-83,2.848534e-83,8.176608e-85,5.623876e-84,2.450529e-83,5.941674e-83,9.705063e-83,1.352399e-82,1.429687e-82,1.626903e-82,1.789538e-82,1.495894e-82,1.361354e-82,9.052739e-83,5.310148e-83,2.213299e-83,9.473344e-85,9.371756e-85,4.274269e-84,9.634561e-84,1.302906e-83,2.026744e-83,2.763161e-83,2.714547e-83,3.183528e-83,3.435774e-83,2.881122e-83,2.468299e-83,2.042327e-83,1.326884e-83,1.154988e-84,2.029000e-85,9.447258e-85,2.136659e-84,2.468053e-84,3.227701e-84,4.839891e-84,6.127514e-84,7.838583e-84,8.835008e-84,9.534531e-84,1.032090e-83,9.622112e-84,8.007795e-84,1.271787e-84,9.827916e-86,1.929856e-85,2.530262e-85,3.716480e-85,7.304809e-85,1.233557e-84,1.572323e-84,1.911892e-84,2.190268e-84,2.461853e-84,2.573031e-84,2.529522e-84,2.360812e-84,7.693578e-85,4.159591e-86,5.066542e-86,1.648952e-85,2.530909e-85,4.963073e-85,5.429013e-85,6.007132e-85,6.673873e-85,7.995236e-85,8.908607e-85,9.294415e-85,9.765603e-85,7.675276e-85,1.867468e-85
5.701337e-83,4.642770e-82,1.581975e-81,3.032912e-81,4.355320e-81,6.038248e-81,7.734806e-81,3.818906e-81,9.458249e-83,1.335540e-82,4.515282e-82,1.295780e-81,2.446371e-81,3.307134e-81,4.388951e-81,5.075798e-81,5.691174e-81,3.880164e-81,4.299209e-82,1.418936e-82,6.006440e-82,1.430691e-81,2.319220e-81,3.440987e-81,4.184541e-81,4.802472e-81,5.294041e-81,5.336750e-81,3.728184e-81,2.689203e-82,1.391679e-82,6.320383e-82,1.364225e-81,2.320679e-81,3.426889e-81,3.871237e-81,4.388947e-81,4.782057e-81,4.498083e-81,3.419070e-81,1.193063e-81,8.480075e-84,1.333418e-82,5.428811e-82,1.371739e-81,2.246362e-81,3.037531e-81,3.552972e-81,3.972075e-81,4.268101e-81,3.802856e-81,2.972952e-81,1.111447e-81,-6.743391e-83,1.597483e-82,5.619663e-82,1.334773e-81,2.367177e-81,3.121934e-81,3.597967e-81,4.080344e-81,3.914840e-81,3.060038e-81,1.992222e-81,6.579817e-82,-3.860602e-82,-1.373888e-83,2.527289e-82,6.050661e-82,1.351202e-81,2.207745e-81,2.577074e-81,3.085273e-81,3.416847e-81,3.166978e-81,2.428815e-81,1.305884e-81,2.480172e-82,-3.401659e-82,-4.936837e-83,1.396307e-82,4.526863e-82,1.113378e-81,1.786663e-81,2.233454e-81,2.558715e-81,2.657310e-81,2.269637e-81,1.446036e-81,6.850667e-82,8.291700e-84,-2.170598e-82,-3.980134e-83,2.710691e-83,1.541401e-82,3.238909e-82,5.205757e-82,5.933165e-82,5.513295e-82,3.822246e-82,7.138563e-83,-3.193170e-82,-4.127128e-82,-4.280293e-82,-2.094492e-82,-3.174579e-83,-1.565816e-87,-8.153562e-84,1.595621e-83,4.265274e-83,2.519722e-83,-1.886729e-83,-1.260641e-82,-1.748301e-82,-2.906514e-82,-2.957788e-82,-2.671293e-82,-1.866498e-82,-9.661385e-83,-1.195122e-83,-5.600304e-86,-4.054984e-84,-3.067502e-83,-6.973659e-83,-1.181580e-82,-1.562952e-82,-1.683281e-82,-2.141783e-82,-2.393363e-82,-1.791113e-82,-1.272770e-82,-5.187266e-83,-6.805707e-84,7.742778e-84,-4.564197e-86,-1.145676e-84,-1.179203e-83,-3.219503e-83,-4.359443e-83,-7.248822e-83,-5.310146e-83,-7.457058e-83,-1.044950e-82,-6.515110e-83,-5.372689e-83,-4.150718e-84,2.859848e-83,1.431165e-83,8.209531e-86,2.433311e-84,5.751694e-84,1.373867e-83,2.547480e-83,2.920664e-83,3.043519e-83,4.325352e-83,4.333288e-83,4.070623e-83,4.648055e-83,4.785133e-83,4.024342e-83,1.415636e-83,2.881828e-85,1.847047e-84,3.714572e-84,8.101329e-84,1.551435e-83,2.134516e-83,2.460633e-83,2.676585e-83,2.808292e-83,2.891958e-83,2.765403e-83,2.464258e-83,2.072483e-83,7.725116e-84,1.834551e-85,3.739939e-85,1.124347e-84,2.203795e-84,3.856830e-84,4.954207e-84,5.700408e-84,6.515380e-84,6.849277e-84,7.206589e-84,7.323903e-84,6.803743e-84,5.724744e-84,2.719047e-84,-9.672262e-86,4.658972e-87,9.489114e-86,1.428981e-85,2.475404e-85,1.573470e-85,3.420022e-85,2.210487e-85,3.208253e-85,3.464975e-85,2.571355e-85,1.538647e-85,-7.382824e-87,-1.543343e-85,-9.964090e-86
1.768808e-82,1.804798e-81,6.445996e-81,1.245493e-80,1.774985e-80,2.462224e-80,3.162747e-80,1.519453e-80,3.818205e-82,5.099413e-82,1.811612e-81,5.168468e-81,9.769667e-81,1.322844e-80,1.733891e-80,2.009472e-80,2.249976e-80,1.522769e-80,1.728636e-81,5.567207e-82,2.419691e-81,5.706865e-81,9.159738e-81,1.361884e-80,1.644692e-80,1.895990e-80,2.082713e-80,2.077177e-80,1.428894e-80,1.002498e-81,5.411306e-82,2.498665e-81,5.435384e-81,9.202073e-81,1.352313e-80,1.524642e-80,1.715710e-80,1.856573e-80,1.741132e-80,1.288106e-80,4.284924e-81,3.084197e-83,5.642297e-82,2.148426e-81,5.448901e-81,8.948071e-81,1.197547e-80,1.395348e-80,1.558638e-80,1.659598e-80,1.457819e-80,1.124896e-80,3.870674e-81,-5.245911e-82,5.404727e-82,2.377857e-81,5.156422e-81,9.316585e-81,1.224741e-80,1.394985e-80,1.599046e-80,1.515695e-80,1.157773e-80,7.408984e-81,2.136275e-81,-1.872063e-81,-6.461716e-83,6.050661e-82,2.747939e-81,5.354936e-81,8.596402e-81,1.009576e-80,1.198227e-80,1.319082e-80,1.217631e-80,9.115657e-81,4.690494e-81,5.603694e-82,-1.622705e-81,-2.211219e-82,5.133050e-82,1.863796e-81,4.346655e-81,6.988099e-81,8.728117e-81,9.929175e-81,1.015847e-80,8.630302e-81,5.297469e-81,2.299819e-81,-2.710336e-82,-1.042353e-81,-1.821712e-82,1.335041e-82,5.647910e-82,1.173666e-81,1.941467e-81,2.119436e-81,1.956506e-81,1.173162e-81,-7.480439e-83,-1.603633e-81,-1.924071e-81,-1.895373e-81,-9.358490e-82,-1.486090e-82,-1.004502e-86,-3.424433e-83,2.026665e-83,1.115569e-82,4.895057e-83,-2.542734e-82,-6.257329e-82,-9.141854e-82,-1.343088e-81,-1.340222e-81,-1.210264e-81,-8.347655e-82,-4.369062e-82,-6.496162e-83,-4.094404e-85,-2.448510e-83,-1.405271e-82,-3.085858e-82,-5.256213e-82,-6.673030e-82,-7.574892e-82,-9.405606e-82,-1.045626e-81,-7.922388e-82,-5.707541e-82,-2.632758e-82,-5.854823e-83,1.818090e-83,-4.299666e-85,-8.314326e-84,-5.083056e-83,-1.303700e-82,-2.031562e-82,-3.312031e-82,-2.603954e-82,-3.660556e-82,-4.648442e-82,-3.050201e-82,-2.520988e-82,-4.712860e-83,8.994879e-83,4.584199e-83,-9.952640e-86,9.360750e-84,2.169642e-83,5.144576e-83,1.021697e-82,1.064910e-82,1.099932e-82,1.618156e-82,1.540144e-82,1.447804e-82,1.669628e-82,1.738810e-82,1.444048e-82,4.800366e-83,6.968933e-85,7.581906e-84,1.491988e-83,3.088241e-83,6.071886e-83,8.080045e-83,9.310470e-83,1.026588e-82,1.031187e-82,1.076586e-82,1.036281e-82,8.982484e-83,7.506065e-83,2.601267e-83,2.930053e-85,1.419536e-84,4.073302e-84,8.754800e-84,1.540070e-83,1.945476e-83,2.142939e-83,2.414623e-83,2.535171e-83,2.660742e-83,2.711548e-83,2.516029e-83,2.101528e-83,9.315958e-84,-6.908318e-85,8.828969e-86,5.560562e-85,7.033412e-85,8.602464e-85,5.583023e-85,1.225112e-84,5.619278e-85,1.024219e-84,8.823828e-85,6.034003e-85,1.591454e-85,-4.820072e-85,-8.623842e-85,-4.474326e-85
3.964857e-82,4.156360e-81,1.503783e-80,2.900565e-80,4.143081e-80,5.737885e-80,7.341204e-80,3.489574e-80,8.729361e-82,1.154513e-81,4.112239e-81,1.183350e-80,2.246050e-80,3.037108e-80,3.980674e-80,4.605631e-80,5.139069e-80,3.446343e-80,3.942108e-81,1.253193e-81,5.524108e-81,1.304767e-80,2.091290e-80,3.104889e-80,3.753174e-80,4.312171e-80,4.721647e-80,4.697167e-80,3.205138e-80,2.227250e-81,1.217508e-81,5.673677e-81,1.234086e-80,2.090787e-80,3.074091e-80,3.454351e-80,3.880462e-80,4.198138e-80,3.915744e-80,2.864321e-80,9.164478e-81,6.878841e-83,1.307345e-81,4.931184e-81,1.222616e-80,2.026023e-80,2.712581e-80,3.144882e-80,3.513017e-80,3.740638e-80,3.264316e-80,2.503988e-80,8.175603e-81,-1.387282e-81,1.276456e-81,5.243754e-81,1.187651e-80,2.095487e-80,2.772636e-80,3.161274e-80,3.603148e-80,3.413609e-80,2.586397e-80,1.630021e-80,4.382620e-81,-4.592726e-81,-1.554707e-82,1.351202e-81,5.354936e-81,1.273710e-80,1.948272e-80,2.260355e-80,2.693691e-80,2.964002e-80,2.723083e-80,2.023992e-80,1.020614e-80,8.888218e-82,-3.911810e-81,-5.268822e-82,1.197818e-81,4.128229e-81,9.888222e-81,1.569181e-80,1.957641e-80,2.229899e-80,2.278677e-80,1.928372e-80,1.167210e-80,4.911585e-81,-8.419747e-82,-2.486378e-81,-4.320656e-82,2.844773e-82,1.319810e-81,2.602079e-81,4.203127e-81,4.644191e-81,4.193882e-81,2.448400e-81,-4.265520e-82,-3.843377e-81,-4.517489e-81,-4.403048e-81,-2.190717e-81,-3.441536e-82,-2.207756e-86,-9.393254e-83,2.984042e-83,2.289296e-82,4.400263e-83,-6.399781e-82,-1.522749e-81,-2.198086e-81,-3.153288e-81,-3.124726e-81,-2.793017e-81,-1.923933e-81,-1.013315e-81,-1.513477e-82,-9.297352e-85,-5.684362e-83,-3.261258e-82,-7.042418e-82,-1.201273e-81,-1.551593e-81,-1.740466e-81,-2.158324e-81,-2.405373e-81,-1.821204e-81,-1.312811e-81,-6.034928e-82,-1.441376e-82,3.674981e-83,-9.081057e-85,-1.940308e-83,-1.180151e-82,-2.985646e-82,-4.654307e-82,-7.548360e-82,-5.942660e-82,-8.209252e-82,-1.061513e-81,-6.962109e-82,-5.789960e-82,-1.128378e-82,1.952115e-82,1.007655e-82,-1.741762e-85,1.977049e-83,4.758486e-83,1.170669e-82,2.243712e-82,2.343238e-82,2.412015e-82,3.581762e-82,3.432956e-82,3.235727e-82,3.736553e-82,3.909154e-82,3.242228e-82,1.072841e-82,1.631175e-84,1.652319e-83,3.207203e-83,6.952108e-83,1.351816e-82,1.807638e-82,2.075641e-82,2.289365e-82,2.336628e-82,2.417176e-82,2.323911e-82,2.031500e-82,1.699706e-82,5.849465e-83,6.636482e-85,3.229704e-84,9.350942e-84,1.950296e-83,3.407552e-83,4.308574e-83,4.826156e-83,5.441421e-83,5.727986e-83,6.020700e-83,6.123722e-83,5.689434e-83,4.753811e-83,2.111943e-83,-1.511231e-84,1.854453e-85,1.132446e-84,1.428291e-84,1.888212e-84,1.413344e-84,2.731560e-84,1.392620e-84,2.302376e-84,2.028350e-84,1.451382e-84,5.241494e-85,-9.276911e-85,-1.909219e-84,-1.009890e-84
7.165856e-82,6.702162e-81,2.365819e-80,4.553754e-80,6.517334e-80,9.021002e-80,1.155957e-79,5.598794e-80,1.394864e-81,1.870537e-81,6.606357e-81,1.896655e-80,3.593752e-80,4.864409e-80,6.403046e-80,7.423127e-80,8.323330e-80,5.626701e-80,6.257443e-81,2.023685e-81,8.799751e-81,2.083161e-80,3.363899e-80,4.987027e-80,6.053350e-80,6.968852e-80,7.660533e-80,7.675569e-80,5.308798e-80,3.797503e-81,1.969347e-81,9.049811e-81,1.978450e-80,3.365263e-80,4.948775e-80,5.586007e-80,6.313092e-80,6.864673e-80,6.461171e-80,4.837933e-80,1.659906e-80,1.211766e-82,2.110108e-81,7.947597e-81,1.969949e-80,3.238698e-80,4.378667e-80,5.110439e-80,5.719730e-80,6.130148e-80,5.436905e-80,4.231941e-80,1.547983e-80,-1.228275e-81,2.072343e-81,8.482143e-81,1.901304e-80,3.409067e-80,4.458035e-80,5.147297e-80,5.861969e-80,5.614620e-80,4.355644e-80,2.846461e-80,9.240773e-81,-5.758563e-81,-2.025480e-82,2.207745e-81,8.596402e-81,1.948272e-80,3.305435e-80,3.706254e-80,4.404254e-80,4.884390e-80,4.537001e-80,3.466353e-80,1.861323e-80,3.427164e-81,-4.971018e-81,-7.182563e-82,1.936006e-81,6.762779e-81,1.597303e-80,2.564745e-80,3.192701e-80,3.644934e-80,3.783422e-80,3.245418e-80,2.061481e-80,9.754841e-81,1.103455e-82,-3.127690e-81,-5.725565e-82,5.041151e-82,2.300143e-81,4.717747e-81,7.517866e-81,8.541520e-81,8.039475e-81,5.599377e-81,1.265584e-81,-4.296787e-81,-5.649334e-81,-5.945163e-81,-2.953455e-81,-4.461331e-82,-2.162314e-86,-1.071681e-82,2.084500e-82,7.275236e-82,6.360495e-82,-1.315998e-82,-1.463618e-81,-2.319007e-81,-3.850330e-81,-3.944377e-81,-3.617870e-81,-2.510602e-81,-1.311495e-81,-1.625601e-82,-5.766939e-85,-6.339865e-83,-4.189455e-82,-9.057531e-82,-1.539123e-81,-2.008352e-81,-2.226203e-81,-2.839433e-81,-3.205628e-81,-2.378938e-81,-1.665743e-81,-6.662074e-82,-5.134732e-83,1.169618e-82,1.996367e-85,-1.810054e-83,-1.442106e-82,-3.881417e-82,-5.598461e-82,-9.581849e-82,-6.699162e-82,-1.005058e-81,-1.373905e-81,-8.377254e-82,-6.709522e-82,-7.786243e-85,4.336395e-82,2.096984e-82,1.785053e-84,3.418941e-83,8.461361e-83,2.070802e-82,3.891193e-82,4.265216e-82,4.520990e-82,6.389973e-82,6.298912e-82,5.989803e-82,6.756527e-82,6.961329e-82,5.788239e-82,2.038394e-82,5.032827e-84,2.724005e-83,5.377694e-83,1.171445e-82,2.257619e-82,3.047645e-82,3.525073e-82,3.886000e-82,4.014784e-82,4.186720e-82,4.028762e-82,3.573551e-82,3.010129e-82,1.133796e-82,3.571387e-84,5.492508e-84,1.580673e-83,3.202560e-83,5.605195e-83,7.160640e-83,8.159800e-83,9.300757e-83,9.869695e-83,1.040368e-82,1.065179e-82,9.936727e-83,8.361187e-83,3.976294e-83,-8.698333e-85,3.707777e-85,1.802835e-84,2.432550e-84,3.570382e-84,3.005129e-84,5.498717e-84,3.466259e-84,5.217778e-84,5.209003e-84,4.352037e-84,2.935030e-84,5.792030e-85,-1.595053e-84,-1.276754e-84
9.679456e-82,7.419048e-81,2.432730e-80,4.725786e-80,6.740221e-80,9.356804e-80,1.212134e-79,6.337929e-80,1.584441e-81,2.159533e-81,7.713983e-81,2.138058e-80,4.010972e-80,5.494343e-80,7.275685e-80,8.521901e-80,9.788037e-80,6.891510e-80,6.999636e-81,2.416710e-81,9.774295e-81,2.332479e-80,3.845150e-80,5.686498e-80,6.992925e-80,8.137851e-80,9.129694e-80,9.359177e-80,6.827216e-80,5.420618e-81,2.283870e-81,1.017434e-80,2.273916e-80,3.876402e-80,5.687797e-80,6.612515e-80,7.531224e-80,8.373810e-80,8.172184e-80,6.610594e-80,2.810880e-80,1.841342e-82,2.461027e-81,9.261818e-81,2.295981e-80,3.775043e-80,5.106848e-80,6.149876e-80,6.939767e-80,7.551290e-80,7.075281e-80,5.780950e-80,2.840348e-80,3.064247e-81,2.422720e-81,9.812215e-81,2.208576e-80,3.925619e-80,5.262469e-80,6.086992e-80,7.074293e-80,6.975901e-80,5.867335e-80,4.303319e-80,2.038373e-80,6.333604e-82,-2.563261e-83,2.577074e-81,1.009576e-80,2.260355e-80,3.706254e-80,4.795905e-80,5.456960e-80,6.068581e-80,5.936366e-80,4.892055e-80,3.123135e-80,1.283439e-80,-1.760691e-82,-2.752858e-82,2.316710e-81,8.125509e-81,1.918232e-80,3.075636e-80,3.947870e-80,4.541259e-80,4.782232e-80,4.368183e-80,3.179596e-80,1.915349e-80,6.392800e-81,7.780395e-84,-1.497737e-82,8.787283e-82,3.428644e-81,7.330113e-81,1.200887e-80,1.449294e-80,1.517877e-80,1.339341e-80,9.437143e-81,2.996925e-81,1.940406e-82,-2.149849e-81,-1.050371e-81,-8.682910e-83,2.683727e-86,9.667279e-83,9.320457e-82,2.353764e-81,3.228940e-81,3.365645e-81,2.656671e-81,2.278399e-81,5.988370e-82,-1.222069e-82,-6.266699e-82,-5.433090e-82,-1.996824e-82,1.284858e-82,2.895744e-84,1.829306e-83,-7.338391e-83,-7.787290e-83,-2.018702e-82,-2.049388e-82,-2.976295e-82,-7.125805e-82,-1.025966e-81,-5.053674e-82,-7.340984e-83,4.206885e-82,6.658832e-82,3.640958e-82,6.683610e-84,1.734796e-83,1.507939e-83,6.978895e-86,8.352236e-83,-9.047491e-83,2.613828e-82,-7.401224e-85,-2.846522e-82,1.517190e-82,2.742313e-82,7.332589e-82,9.585798e-82,4.293345e-82,9.268677e-84,5.022381e-83,1.392232e-82,3.300738e-82,5.864995e-82,6.878363e-82,7.861750e-82,1.010375e-81,1.035754e-81,1.018822e-81,1.069115e-81,1.059187e-81,8.770933e-82,3.520720e-82,1.473201e-83,3.618873e-83,7.445988e-83,1.601281e-82,3.006031e-82,4.061264e-82,4.789538e-82,5.330909e-82,5.570459e-82,5.925820e-82,5.800864e-82,5.226623e-82,4.491622e-82,2.002578e-82,1.382058e-83,7.496682e-84,2.066217e-83,4.154044e-83,7.305808e-83,9.463239e-83,1.107687e-82,1.281808e-82,1.382384e-82,1.469070e-82,1.523730e-82,1.442159e-82,1.225569e-82,6.681735e-83,4.581133e-84,8.411914e-85,2.654168e-84,4.555455e-84,6.258862e-84,7.868263e-84,1.132947e-83,8.668882e-84,1.178305e-83,1.301096e-83,1.250671e-83,1.109183e-83,8.085441e-84,3.834525e-84,-2.401759e-85
1.200350e-81,8.731486e-81,2.846784e-80,5.514121e-80,7.891916e-80,1.094454e-79,1.418572e-79,7.601831e-80,1.970380e-81,2.585662e-81,9.112628e-81,2.538867e-80,4.734819e-80,6.482820e-80,8.620072e-80,1.013321e-79,1.168299e-79,8.391527e-80,8.516524e-81,2.868320e-81,1.151115e-80,2.753783e-80,4.540751e-80,6.721040e-80,8.294908e-80,9.695113e-80,1.089646e-79,1.123444e-79,8.331186e-80,6.732931e-81,2.716917e-81,1.202711e-80,2.696716e-80,4.581840e-80,6.772961e-80,7.840943e-80,8.996998e-80,1.003332e-79,9.871307e-80,8.096860e-80,3.554966e-80,2.195496e-82,2.910355e-81,1.103519e-80,2.731877e-80,4.497305e-80,6.091966e-80,7.272856e-80,8.293010e-80,9.080180e-80,8.592602e-80,7.099095e-80,3.647174e-80,4.511562e-81,2.908616e-81,1.164225e-80,2.639104e-80,4.641907e-80,6.215832e-80,7.281353e-80,8.394496e-80,8.409902e-80,7.169800e-80,5.377488e-80,2.692054e-80,2.501303e-81,6.533434e-84,3.085273e-81,1.198227e-80,2.693691e-80,4.404254e-80,5.456960e-80,6.824530e-80,7.334349e-80,7.192848e-80,6.043021e-80,3.978634e-80,1.767411e-80,1.293137e-81,-1.965831e-82,2.754125e-81,9.721322e-81,2.285663e-80,3.701657e-80,4.685523e-80,5.452655e-80,5.791948e-80,5.332337e-80,3.981600e-80,2.495485e-80,9.370748e-81,1.042169e-81,-4.646086e-83,1.083140e-81,4.333038e-81,9.163444e-81,1.513085e-80,1.826067e-80,1.964575e-80,1.766484e-80,1.341243e-80,5.911660e-81,2.231029e-81,-1.125231e-81,-5.603952e-82,2.418701e-83,4.828779e-86,1.616103e-82,1.332428e-81,3.188896e-81,4.549548e-81,4.910319e-81,4.503752e-81,4.059960e-81,2.203088e-81,1.221810e-81,3.109583e-82,9.736617e-83,1.704126e-82,2.475561e-82,4.736053e-84,5.664200e-83,5.479088e-83,1.873412e-82,1.870974e-82,3.343937e-82,3.877161e-82,-2.739457e-84,-4.087791e-82,1.310241e-82,4.786419e-82,8.876734e-82,1.006821e-81,4.996010e-82,1.047105e-83,3.823328e-83,7.130058e-83,1.317210e-82,2.884990e-82,1.485815e-82,7.125619e-82,4.341413e-82,7.341869e-83,5.442216e-82,6.371230e-82,1.089528e-81,1.279937e-81,5.596326e-82,1.390478e-83,6.229964e-83,1.770516e-82,4.180770e-82,7.356130e-82,8.648729e-82,9.928358e-82,1.279457e-81,1.314648e-81,1.305433e-81,1.352502e-81,1.330691e-81,1.096436e-81,4.528200e-82,2.039642e-83,4.271891e-83,9.171071e-83,1.978855e-82,3.654763e-82,4.875051e-82,5.822009e-82,6.572532e-82,6.922229e-82,7.309836e-82,7.184003e-82,6.562793e-82,5.614765e-82,2.588885e-82,1.911506e-83,9.023168e-84,2.496480e-83,5.074920e-83,8.805464e-83,1.139865e-82,1.350522e-82,1.548126e-82,1.689149e-82,1.823300e-82,1.892654e-82,1.795109e-82,1.546833e-82,8.547171e-83,6.981839e-84,9.855172e-85,3.691083e-84,5.877106e-84,7.900762e-84,1.003868e-83,1.471361e-83,1.265153e-83,1.608254e-83,1.730893e-83,1.733719e-83,1.548647e-83,1.217969e-83,6.377576e-84,1.202381e-85
1.454933e-81,9.817183e-81,3.098916e-80,5.988187e-80,8.575136e-80,1.187496e-79,1.540128e-79,8.386631e-80,2.159924e-81,2.868264e-81,1.009627e-80,2.792779e-80,5.207143e-80,7.153928e-80,9.530588e-80,1.122582e-79,1.299229e-79,9.358827e-80,9.274154e-81,3.169273e-81,1.258416e-80,3.022135e-80,5.012563e-80,7.404972e-80,9.166666e-80,1.073186e-79,1.210348e-79,1.254348e-79,9.363053e-80,7.704123e-81,3.010459e-81,1.315058e-80,2.962622e-80,5.051370e-80,7.445103e-80,8.691264e-80,1.000922e-79,1.119748e-79,1.108875e-79,9.222738e-80,4.160507e-80,2.635186e-82,3.220130e-81,1.210882e-80,2.998376e-80,4.965160e-80,6.734168e-80,8.054978e-80,9.202518e-80,1.015363e-79,9.700453e-80,8.081806e-80,4.322893e-80,6.389825e-81,3.212725e-81,1.279989e-80,2.910277e-80,5.143827e-80,6.851164e-80,8.077827e-80,9.380126e-80,9.387093e-80,8.160907e-80,6.210565e-80,3.252445e-80,5.058615e-81,8.348607e-83,3.416847e-81,1.319082e-80,2.964002e-80,4.884390e-80,6.068581e-80,7.334349e-80,8.522033e-80,8.132527e-80,6.924174e-80,4.670720e-80,2.214801e-80,3.254996e-81,-2.533350e-83,3.047571e-81,1.077539e-80,2.532557e-80,4.102279e-80,5.249086e-80,6.085022e-80,6.525194e-80,6.057743e-80,4.610743e-80,2.991411e-80,1.230417e-80,2.393742e-81,1.287139e-82,1.275454e-81,5.012414e-81,1.076085e-80,1.768715e-80,2.162810e-80,2.356073e-80,2.189221e-80,1.737661e-80,9.032734e-81,4.671358e-81,3.551370e-82,2.209845e-82,1.803224e-82,7.097819e-86,2.473620e-82,1.706639e-81,4.058446e-81,5.834625e-81,6.666610e-81,6.300680e-81,6.233900e-81,4.185012e-81,2.885217e-81,1.594959e-81,9.415004e-82,6.492259e-82,3.904380e-82,6.154968e-84,1.007650e-82,2.131340e-82,5.641802e-82,7.797004e-82,1.095241e-81,1.228046e-81,8.962419e-82,5.349727e-82,9.455503e-82,1.162957e-81,1.413033e-81,1.373417e-81,6.424046e-82,1.347212e-83,5.949099e-83,1.474148e-82,2.978623e-82,5.989275e-82,5.455972e-82,1.162596e-81,9.101736e-82,5.634079e-82,9.970944e-82,1.067624e-81,1.456495e-81,1.583763e-81,6.951513e-82,1.796747e-83,7.186556e-83,2.088323e-82,4.907066e-82,8.486894e-82,1.023129e-81,1.185245e-81,1.498917e-81,1.556265e-81,1.548593e-81,1.586470e-81,1.558186e-81,1.292800e-81,5.490845e-82,2.605091e-83,4.831513e-83,1.042334e-82,2.262383e-82,4.139510e-82,5.562490e-82,6.636172e-82,7.467864e-82,7.957819e-82,8.423131e-82,8.285601e-82,7.632504e-82,6.588930e-82,3.161643e-82,2.535383e-83,1.040495e-83,2.877341e-83,5.698008e-83,9.844925e-83,1.294567e-82,1.541492e-82,1.780707e-82,1.937293e-82,2.092016e-82,2.177135e-82,2.079033e-82,1.805088e-82,1.037510e-82,1.043926e-83,1.261483e-84,3.967345e-84,6.760361e-84,9.647064e-84,1.245923e-83,1.767910e-83,1.544796e-83,1.951236e-83,2.158980e-83,2.184841e-83,1.995863e-83,1.652320e-83,9.465113e-84,7.478095e-85
1.498121e-81,8.412142e-81,2.436616e-80,4.758462e-80,6.824609e-80,9.484402e-80,1.250416e-79,7.668174e-80,2.083476e-81,2.611485e-81,9.271943e-81,2.495010e-80,4.575694e-80,6.418762e-80,8.593264e-80,1.029725e-79,1.227245e-79,9.352984e-80,8.499932e-81,2.986526e-81,1.091439e-80,2.656490e-80,4.527267e-80,6.645969e-80,8.383458e-80,9.961037e-80,1.151773e-79,1.223960e-79,9.723487e-80,8.730116e-81,2.757667e-81,1.159347e-80,2.688432e-80,4.591894e-80,6.749567e-80,8.156705e-80,9.491788e-80,1.093185e-79,1.123162e-79,1.001874e-79,5.195658e-80,2.992884e-82,2.952325e-81,1.118708e-80,2.744757e-80,4.552535e-80,6.247309e-80,7.692544e-80,8.850433e-80,9.979151e-80,1.010399e-79,8.792099e-80,5.627977e-80,1.263206e-80,2.992726e-81,1.163222e-80,2.675836e-80,4.706607e-80,6.367160e-80,7.614287e-80,8.926264e-80,9.350667e-80,8.745135e-80,7.289385e-80,4.551340e-80,1.610399e-80,3.880777e-82,3.166978e-81,1.217631e-80,2.723083e-80,4.537001e-80,5.936366e-80,7.192848e-80,8.132527e-80,8.689590e-80,7.730079e-80,5.848362e-80,3.469290e-80,1.205073e-80,8.513464e-82,2.868545e-81,1.031347e-80,2.396439e-80,3.929783e-80,5.116059e-80,6.048360e-80,6.593973e-80,6.512393e-80,5.481054e-80,4.026355e-80,2.162195e-80,8.190132e-81,9.474662e-82,1.585772e-81,5.896421e-81,1.288038e-80,2.145430e-80,2.701158e-80,3.096998e-80,3.146417e-80,2.924046e-80,2.167110e-80,1.572247e-80,8.398352e-81,4.161153e-81,8.944021e-82,1.582069e-85,5.718364e-82,2.748597e-81,6.255241e-81,9.562773e-81,1.195581e-80,1.293109e-80,1.394517e-80,1.248908e-80,1.032128e-80,7.573262e-81,4.977920e-81,2.862765e-81,8.961757e-82,1.212236e-83,2.561844e-82,9.321117e-82,2.184013e-81,3.434720e-81,4.565865e-81,5.137599e-81,5.345467e-81,5.178949e-81,4.822969e-81,4.291422e-81,3.394968e-81,2.490670e-81,9.713935e-82,2.443978e-83,1.261978e-82,4.513374e-82,1.038707e-81,1.783033e-81,2.207865e-81,2.950051e-81,2.951367e-81,2.849796e-81,2.901216e-81,2.805783e-81,2.600851e-81,2.220385e-81,9.408707e-82,2.997683e-83,8.189085e-83,2.584427e-82,5.995308e-82,1.003335e-81,1.259063e-81,1.515350e-81,1.814836e-81,1.934972e-81,1.968659e-81,1.935995e-81,1.847399e-81,1.516811e-81,6.958029e-82,3.965491e-83,4.962188e-83,1.148197e-82,2.507467e-82,4.406482e-82,5.877688e-82,7.082784e-82,8.132714e-82,8.850760e-82,9.476728e-82,9.460456e-82,8.846942e-82,7.681071e-82,4.057674e-82,3.966132e-83,1.103415e-83,2.929790e-83,5.857485e-83,1.015867e-82,1.365257e-82,1.668139e-82,1.945075e-82,2.167078e-82,2.370543e-82,2.482596e-82,2.394574e-82,2.097748e-82,1.299041e-82,1.908543e-83,1.833016e-84,5.390963e-84,8.965255e-84,1.294207e-83,1.792579e-83,2.348603e-83,2.319036e-83,2.798585e-83,3.192372e-83,3.351237e-83,3.208756e-83,2.832314e-83,1.858986e-83,2.891897e-84
1.404530e-81,5.417946e-81,1.180412e-80,2.369158e-80,3.440512e-80,4.836592e-80,6.697423e-80,5.620614e-80,1.687067e-81,1.948050e-81,6.777811e-81,1.738222e-80,3.062699e-80,4.471436e-80,6.118469e-80,7.553245e-80,9.504711e-80,8.046331e-80,6.312359e-81,2.285315e-81,7.167675e-81,1.798428e-80,3.234692e-80,4.711353e-80,6.155405e-80,7.512873e-80,9.090883e-80,1.014060e-79,8.876956e-80,8.890510e-81,2.064539e-81,7.900556e-81,1.944907e-80,3.324019e-80,4.908808e-80,6.267559e-80,7.469679e-80,9.010678e-80,9.844678e-80,9.681176e-80,5.840680e-80,2.997583e-82,2.184700e-81,8.382628e-81,2.021140e-80,3.370053e-80,4.729191e-80,6.082600e-80,7.142662e-80,8.374306e-80,9.187213e-80,8.518011e-80,6.556286e-80,1.901216e-80,2.320815e-81,8.474320e-81,2.004067e-80,3.468854e-80,4.801430e-80,5.978353e-80,7.115242e-80,7.951468e-80,8.318742e-80,7.654482e-80,5.612112e-80,2.824179e-80,7.266187e-82,2.428815e-81,9.115657e-81,2.023992e-80,3.466353e-80,4.892055e-80,6.043021e-80,6.924174e-80,7.730079e-80,7.947707e-80,6.546925e-80,4.620079e-80,2.182417e-80,1.870782e-81,2.219381e-81,8.233699e-81,1.885268e-80,3.153315e-80,4.210887e-80,5.111921e-80,5.803624e-80,6.176859e-80,5.840181e-80,4.803954e-80,3.058340e-80,1.454959e-80,1.870593e-81,1.728787e-81,6.198797e-81,1.378239e-80,2.325517e-80,3.014014e-80,3.617586e-80,3.915418e-80,4.031042e-80,3.488616e-80,2.763574e-80,1.746943e-80,8.621250e-81,1.684928e-81,2.540939e-85,8.928044e-82,3.687149e-81,8.140812e-81,1.287577e-80,1.702930e-80,1.961949e-80,2.184934e-80,2.123498e-80,1.830413e-80,1.410134e-80,9.411655e-81,5.265071e-81,1.418326e-81,1.818582e-83,4.264347e-82,1.711596e-81,3.913548e-81,6.283594e-81,8.249056e-81,9.345051e-81,1.019023e-80,1.027312e-80,9.029681e-81,7.610921e-81,5.440455e-81,3.555526e-81,1.252999e-81,3.499969e-83,1.990806e-82,7.676437e-82,1.804639e-81,3.038275e-81,3.991389e-81,4.820120e-81,5.160802e-81,5.314848e-81,4.879938e-81,4.588738e-81,3.677774e-81,2.726267e-81,1.118803e-81,4.119252e-83,8.323147e-83,2.845570e-82,6.490208e-82,1.045116e-81,1.381436e-81,1.711646e-81,1.959646e-81,2.145284e-81,2.218537e-81,2.101796e-81,1.955438e-81,1.591054e-81,7.855074e-82,5.104089e-83,4.332013e-83,1.095503e-82,2.438121e-82,4.118218e-82,5.429189e-82,6.692504e-82,7.858891e-82,8.803517e-82,9.501047e-82,9.590379e-82,9.167603e-82,8.001382e-82,4.625439e-82,5.166587e-83,1.017300e-83,2.640110e-83,5.238274e-83,9.063139e-83,1.255384e-82,1.588892e-82,1.878561e-82,2.143910e-82,2.391022e-82,2.515699e-82,2.454359e-82,2.181768e-82,1.446664e-82,2.696968e-83,2.266262e-84,6.439941e-84,1.029884e-83,1.523630e-83,2.203228e-83,2.755974e-83,2.977684e-83,3.493663e-83,4.045996e-83,4.383784e-83,4.253615e-83,3.928634e-83,2.731361e-83,5.134450e-84
1.229724e-81,2.055742e-81,-1.718366e-81,-2.559201e-81,-3.194832e-81,-3.672801e-81,1.053025e-81,2.825287e-80,1.068718e-81,1.004709e-81,3.439355e-81,7.417793e-81,1.132032e-80,1.911006e-80,2.772058e-80,3.726980e-80,5.404746e-80,5.599029e-80,3.292811e-81,1.267016e-81,2.407177e-81,6.747348e-81,1.462964e-80,2.079425e-80,3.041514e-80,3.969571e-80,5.322260e-80,6.555162e-80,6.697945e-80,7.780214e-81,1.058251e-81,3.037996e-81,9.140292e-81,1.564326e-80,2.324563e-80,3.464018e-80,4.339155e-80,5.737950e-80,7.034950e-80,7.944030e-80,5.627216e-80,2.682182e-82,1.098353e-81,4.346824e-81,9.971196e-81,1.688177e-80,2.490767e-80,3.555173e-80,4.370493e-80,5.510058e-80,6.924351e-80,6.987309e-80,6.561636e-80,2.274442e-80,1.287255e-81,4.064605e-81,1.020802e-80,1.706490e-80,2.506113e-80,3.413323e-80,4.243492e-80,5.380674e-80,6.643084e-80,6.955583e-80,5.871238e-80,3.658778e-80,9.778846e-82,1.305884e-81,4.690494e-81,1.020614e-80,1.861323e-80,3.123135e-80,3.978634e-80,4.670720e-80,5.848362e-80,6.546925e-80,6.552217e-80,5.115653e-80,2.865230e-80,2.657642e-81,1.247454e-81,4.936687e-81,1.090032e-80,1.901124e-80,2.683883e-80,3.414169e-80,4.120201e-80,4.941399e-80,5.347141e-80,4.907560e-80,3.538285e-80,1.899657e-80,2.562451e-81,1.651153e-81,5.658115e-81,1.276637e-80,2.173560e-80,2.908736e-80,3.638216e-80,4.163510e-80,4.576907e-80,4.337451e-80,3.594537e-80,2.436524e-80,1.205826e-80,2.267355e-81,3.018854e-85,1.105216e-81,4.148608e-81,8.966703e-81,1.457087e-80,1.985875e-80,2.384657e-80,2.695040e-80,2.734955e-80,2.395155e-80,1.884209e-80,1.269025e-80,7.045939e-81,1.769199e-81,2.135251e-83,5.404222e-82,2.289285e-81,5.173274e-81,8.388164e-81,1.097502e-80,1.244834e-80,1.384006e-80,1.415057e-80,1.216352e-80,9.991598e-81,6.802388e-81,4.186314e-81,1.392385e-81,4.065121e-83,2.433508e-82,9.952895e-82,2.371617e-81,3.914271e-81,5.311523e-81,6.082439e-81,6.725408e-81,7.134911e-81,6.268323e-81,5.792198e-81,4.290031e-81,2.888873e-81,1.172265e-81,4.712518e-83,7.193974e-83,2.739721e-82,6.184794e-82,9.504017e-82,1.313707e-81,1.684869e-81,1.833117e-81,2.050219e-81,2.166292e-81,1.968154e-81,1.801669e-81,1.464436e-81,7.858164e-82,5.655467e-83,3.107162e-83,8.919263e-83,2.053820e-82,3.278209e-82,4.214052e-82,5.312689e-82,6.430089e-82,7.433791e-82,8.100278e-82,8.296665e-82,8.231313e-82,7.304190e-82,4.682237e-82,5.858668e-83,8.084329e-84,1.968812e-83,3.915942e-83,6.783922e-83,9.735096e-83,1.282480e-82,1.532885e-82,1.802676e-82,2.042240e-82,2.161782e-82,2.160008e-82,1.993249e-82,1.437111e-82,3.263451e-83,2.451834e-84,6.695112e-84,1.056351e-83,1.568795e-83,2.403018e-83,2.815035e-83,3.224370e-83,3.676670e-83,4.287809e-83,4.763109e-83,4.689616e-83,4.580287e-83,3.354875e-83,6.992044e-84
8.260087e-82,-1.054260e-81,-1.217650e-80,-2.269482e-80,-3.191309e-80,-4.344600e-80,-5.049704e-80,1.712378e-81,3.887283e-82,1.066219e-82,2.686828e-82,-1.473883e-81,-5.353197e-81,-3.662687e-81,-2.287733e-81,2.124271e-81,1.397887e-80,2.768657e-80,3.037953e-82,2.819257e-82,-1.665960e-81,-2.932545e-81,-1.207749e-81,-2.657581e-81,1.624783e-81,6.299606e-81,1.603563e-80,2.754123e-80,3.962003e-80,5.644900e-81,1.144280e-82,-1.179195e-81,-2.237281e-82,-2.605057e-82,-2.330400e-82,7.628636e-81,1.272069e-80,2.345519e-80,3.720135e-80,5.325719e-80,4.570147e-80,1.996122e-82,9.415624e-83,5.203118e-82,5.249326e-82,1.326086e-81,3.875251e-81,1.070026e-80,1.551398e-80,2.463044e-80,4.097211e-80,4.671111e-80,5.468802e-80,2.206251e-80,2.823675e-82,7.705429e-84,1.083634e-81,8.885977e-82,3.602263e-81,9.149473e-81,1.375312e-80,2.558322e-80,4.313734e-80,5.245859e-80,5.118108e-80,3.701298e-80,1.014606e-81,2.480172e-82,5.603694e-82,8.888218e-82,3.427164e-81,1.283439e-80,1.767411e-80,2.214801e-80,3.469290e-80,4.620079e-80,5.115653e-80,4.762383e-80,2.919081e-80,2.822847e-81,3.041389e-82,1.618296e-81,3.090804e-81,6.410830e-81,1.092913e-80,1.574919e-80,2.190598e-80,3.188597e-80,4.111452e-80,4.174069e-80,3.327508e-80,1.930291e-80,2.665626e-81,1.321906e-81,4.273140e-81,9.887214e-81,1.704106e-80,2.348040e-80,3.058336e-80,3.660341e-80,4.249352e-80,4.265232e-80,3.635602e-80,2.559648e-80,1.263791e-80,2.334222e-81,2.968511e-85,1.086861e-81,3.799224e-81,8.120725e-81,1.341934e-80,1.874206e-80,2.304779e-80,2.638421e-80,2.744460e-80,2.428837e-80,1.933479e-80,1.306374e-80,7.215863e-81,1.739111e-81,2.052602e-83,5.375484e-82,2.336250e-81,5.269801e-81,8.573313e-81,1.122778e-80,1.269326e-80,1.427162e-80,1.475199e-80,1.249958e-80,1.013210e-80,6.701521e-81,3.969149e-81,1.259275e-81,3.827351e-83,2.375822e-82,1.000551e-81,2.399375e-81,3.934028e-81,5.422597e-81,6.025281e-81,6.776396e-81,7.336532e-81,6.275997e-81,5.759634e-81,4.042504e-81,2.529658e-81,1.011044e-81,4.363501e-83,5.225652e-83,2.184802e-82,4.865644e-82,7.198345e-82,1.046939e-81,1.381043e-81,1.439417e-81,1.652062e-81,1.768291e-81,1.552669e-81,1.384709e-81,1.120413e-81,6.484418e-82,5.109987e-83,1.699793e-83,5.966227e-83,1.393505e-82,2.055486e-82,2.610482e-82,3.423158e-82,4.307792e-82,5.211221e-82,5.769598e-82,6.029123e-82,6.144622e-82,5.525467e-82,3.895337e-82,5.358113e-83,5.071331e-84,1.138400e-83,2.221601e-83,3.815982e-83,5.952205e-83,8.455608e-83,1.032691e-82,1.259131e-82,1.465307e-82,1.567356e-82,1.593834e-82,1.495380e-82,1.175130e-82,3.114149e-83,2.144163e-84,5.490350e-84,8.759800e-84,1.323457e-83,2.115624e-83,2.411113e-83,2.882643e-83,3.240934e-83,3.842222e-83,4.319830e-83,4.321521e-83,4.279328e-83,3.220031e-83,7.153060e-84
4.077009e-82,-2.096096e-81,-1.280699e-80,-2.424879e-80,-3.426377e-80,-4.706928e-80,-5.687333e-80,-1.106755e-80,-7.999174e-83,-3.529584e-82,-1.300144e-81,-5.143268e-81,-1.124276e-80,-1.305359e-80,-1.548027e-80,-1.469716e-80,-9.066646e-81,5.002229e-81,-1.281845e-81,-2.673225e-82,-3.069610e-81,-6.560011e-81,-8.302204e-81,-1.286679e-80,-1.247474e-80,-1.136094e-80,-6.896897e-81,5.317662e-82,1.332204e-80,2.757883e-81,-3.702895e-82,-2.815674e-81,-4.675152e-81,-7.747990e-81,-1.131779e-80,-7.818856e-81,-5.882525e-81,-3.903900e-82,9.354080e-81,2.313766e-80,2.553118e-80,1.101355e-82,-4.143091e-82,-1.522755e-81,-4.209236e-81,-6.554550e-81,-7.456938e-81,-4.843628e-81,-2.935202e-81,1.944450e-81,1.409530e-80,2.044198e-80,3.166890e-80,1.455937e-80,-3.017741e-82,-1.934936e-81,-3.660138e-81,-7.200756e-81,-7.881000e-81,-5.728044e-81,-4.402521e-81,3.796587e-81,1.791210e-80,2.723963e-80,3.083235e-80,2.551370e-80,7.126627e-82,-3.401659e-82,-1.622705e-81,-3.911810e-81,-4.971018e-81,-1.760691e-82,1.293137e-81,3.254996e-81,1.205073e-80,2.182417e-80,2.865230e-80,2.919081e-80,2.073097e-80,2.012354e-81,-2.428010e-82,-5.054807e-82,-1.699612e-81,-1.749290e-81,-3.211080e-82,1.786897e-81,5.589825e-81,1.312302e-80,2.171474e-80,2.464538e-80,2.145660e-80,1.332406e-80,1.881967e-81,7.417436e-82,2.240656e-81,5.366487e-81,9.315365e-81,1.329363e-80,1.796020e-80,2.245722e-80,2.729443e-80,2.859449e-80,2.483206e-80,1.800024e-80,8.946429e-81,1.621088e-81,1.911012e-85,7.318070e-82,2.435099e-81,5.140235e-81,8.593210e-81,1.231080e-80,1.532665e-80,1.777110e-80,1.874637e-80,1.670821e-80,1.342332e-80,9.070357e-81,4.999476e-81,1.171444e-81,1.305973e-83,3.681313e-82,1.628537e-81,3.660804e-81,5.967145e-81,7.809998e-81,8.809246e-81,9.990980e-81,1.038552e-80,8.690921e-81,6.980014e-81,4.508207e-81,2.595486e-81,7.993038e-82,2.445511e-83,1.615840e-82,6.902558e-82,1.657425e-81,2.714766e-81,3.779069e-81,4.107710e-81,4.660320e-81,5.109567e-81,4.280512e-81,3.901427e-81,2.622475e-81,1.545454e-81,6.163093e-82,2.796869e-83,2.683009e-83,1.216680e-82,2.692380e-82,3.813348e-82,5.869285e-82,7.961189e-82,7.904976e-82,9.278660e-82,1.006568e-81,8.532586e-82,7.365667e-82,5.955366e-82,3.774056e-82,3.256581e-83,4.967652e-84,2.712388e-83,6.296962e-83,7.873644e-83,9.766423e-83,1.414742e-82,1.877521e-82,2.422664e-82,2.738792e-82,2.941855e-82,3.138143e-82,2.873418e-82,2.286873e-82,3.479009e-83,2.253453e-84,4.248349e-84,7.244921e-84,1.187165e-83,2.222431e-83,3.628014e-83,4.588655e-83,5.874946e-83,7.004938e-83,7.675265e-83,7.973152e-83,7.735567e-83,6.780622e-83,2.100029e-83,1.265867e-84,2.692050e-84,4.937938e-84,7.576167e-84,1.298798e-83,1.460625e-83,1.791953e-83,1.980205e-83,2.375064e-83,2.686769e-83,2.740275e-83,2.789801e-83,2.155146e-83,5.097649e-84
3.524930e-83,-2.530732e-82,-1.427140e-81,-2.693576e-81,-3.816577e-81,-5.248689e-81,-6.371504e-81,-1.478229e-81,-2.181851e-83,-4.821753e-83,-1.729082e-82,-6.434680e-82,-1.353441e-81,-1.632424e-81,-1.967762e-81,-1.949772e-81,-1.456976e-81,6.196084e-83,-1.784143e-82,-3.938437e-83,-3.657004e-82,-7.931054e-82,-1.055493e-81,-1.616093e-81,-1.657199e-81,-1.605852e-81,-1.221997e-81,-4.784338e-82,9.098384e-82,2.431733e-82,-5.016760e-83,-3.420685e-82,-6.036757e-82,-9.994865e-82,-1.473405e-81,-1.171518e-81,-1.015374e-81,-5.346548e-82,4.674748e-82,1.928003e-81,2.393410e-81,1.097361e-83,-5.511019e-83,-2.097601e-82,-5.553083e-82,-8.766399e-82,-1.051071e-81,-8.511286e-82,-6.840403e-82,-2.588808e-82,9.909335e-82,1.709973e-81,2.995500e-81,1.463963e-81,-4.555492e-83,-2.505175e-82,-4.985138e-82,-9.507044e-82,-1.100184e-81,-9.307777e-82,-8.460058e-82,-3.329559e-83,1.437728e-81,2.462779e-81,2.937295e-81,2.560933e-81,7.695636e-83,-4.936837e-83,-2.211219e-82,-5.268822e-82,-7.182563e-82,-2.752858e-82,-1.965831e-82,-2.533350e-83,8.513464e-82,1.870782e-81,2.657642e-81,2.822847e-81,2.012354e-81,2.179825e-82,-3.728582e-83,-9.806468e-83,-2.819407e-82,-3.575246e-82,-2.591731e-82,-9.068772e-83,2.784759e-82,1.039742e-81,1.966467e-81,2.322915e-81,2.090585e-81,1.325114e-81,1.918928e-82,7.010708e-83,2.021852e-82,4.955168e-82,8.548673e-82,1.238976e-81,1.696436e-81,2.158070e-81,2.649443e-81,2.809551e-81,2.450711e-81,1.794796e-81,9.014433e-82,1.618321e-82,1.862239e-86,7.269011e-83,2.364570e-82,4.987863e-82,8.338168e-82,1.206090e-81,1.506514e-81,1.756512e-81,1.853008e-81,1.652426e-81,1.334390e-81,8.987121e-82,4.955373e-82,1.155368e-82,1.264107e-84,3.638632e-83,1.617196e-82,3.653896e-82,5.933766e-82,7.792077e-82,8.743127e-82,9.943484e-82,1.036273e-81,8.632955e-82,6.909774e-82,4.416710e-82,2.520590e-82,7.759002e-83,2.341487e-84,1.584060e-83,6.856479e-83,1.653925e-82,2.703505e-82,3.771517e-82,4.033965e-82,4.588714e-82,5.055008e-82,4.213065e-82,3.826355e-82,2.531956e-82,1.461437e-82,5.917998e-83,2.670455e-84,2.428930e-84,1.136630e-83,2.510778e-83,3.447147e-83,5.426969e-83,7.438891e-83,7.233785e-83,8.537476e-83,9.310762e-83,7.744654e-83,6.596175e-83,5.375135e-83,3.542914e-83,3.143468e-84,3.431499e-85,2.348105e-84,5.312034e-84,5.900970e-84,7.373720e-84,1.140460e-83,1.519730e-83,2.005899e-83,2.303250e-83,2.509986e-83,2.738295e-83,2.538699e-83,2.147750e-83,3.411930e-84,2.072483e-85,3.631028e-85,5.128437e-85,7.764008e-85,1.692583e-84,2.976533e-84,3.798849e-84,4.868392e-84,5.827325e-84,6.514314e-84,6.851875e-84,6.790412e-84,6.319657e-84,2.082922e-84,1.180257e-85,2.043102e-85,4.564160e-85,6.985052e-85,1.279938e-84,1.425769e-84,1.694377e-84,1.859243e-84,2.233194e-84,2.525654e-84,2.602563e-84,2.708807e-84,2.122527e-84,5.124361e-85
5.117034e-83,4.140477e-82,1.398168e-81,2.696168e-81,3.833325e-81,5.319253e-81,6.867551e-81,3.371186e-81,8.186765e-83,1.156301e-82,4.089980e-82,1.145674e-81,2.170049e-81,2.934250e-81,3.861516e-81,4.503660e-81,5.082315e-81,3.459340e-81,3.726194e-82,1.268317e-82,5.295242e-82,1.254899e-81,2.036486e-81,3.029327e-81,3.696613e-81,4.284464e-81,4.714582e-81,4.750782e-81,3.312580e-81,2.454092e-82,1.211451e-82,5.503651e-82,1.204334e-81,2.053921e-81,3.018323e-81,3.434780e-81,3.893224e-81,4.245487e-81,4.051894e-81,3.081954e-81,1.129796e-81,8.108477e-84,1.293836e-82,4.918742e-82,1.210551e-81,2.001615e-81,2.682515e-81,3.163771e-81,3.555047e-81,3.810283e-81,3.425822e-81,2.694221e-81,1.075556e-81,-1.618546e-83,1.179574e-82,5.182400e-82,1.167416e-81,2.072461e-81,2.750453e-81,3.170330e-81,3.628531e-81,3.501384e-81,2.756741e-81,1.866869e-81,6.779604e-82,-2.638694e-82,-9.600684e-84,1.396307e-82,5.133050e-82,1.197818e-81,1.936006e-81,2.316710e-81,2.754125e-81,3.047571e-81,2.868545e-81,2.219381e-81,1.247454e-81,3.041389e-82,-2.428010e-82,-3.728582e-83,1.701277e-82,4.122936e-82,9.873430e-82,1.585557e-81,1.998268e-81,2.286998e-81,2.369802e-81,2.060837e-81,1.349260e-81,6.768521e-82,6.905663e-83,-1.538832e-82,-2.937692e-83,3.800537e-83,1.362679e-82,3.039521e-82,4.967042e-82,5.705846e-82,5.586767e-82,4.092052e-82,1.503855e-82,-1.924523e-82,-2.879113e-82,-3.216797e-82,-1.576767e-82,-2.320392e-83,-1.328066e-87,-7.474980e-84,1.468366e-83,5.608425e-83,6.001684e-83,1.951836e-83,-4.835501e-83,-1.007688e-82,-1.947220e-82,-2.060520e-82,-1.941796e-82,-1.352999e-82,-6.781934e-83,-6.674288e-84,4.496790e-88,-3.311629e-84,-2.116785e-83,-4.786846e-83,-8.464477e-83,-1.068125e-82,-1.197394e-82,-1.541245e-82,-1.763142e-82,-1.295080e-82,-8.705995e-83,-3.233001e-83,4.484285e-84,9.806668e-84,6.207756e-86,-6.536483e-85,-6.549732e-84,-1.986055e-83,-3.089927e-83,-5.214640e-83,-3.551188e-83,-5.663052e-83,-7.503203e-83,-4.344761e-83,-3.290614e-83,5.783805e-84,3.186059e-83,1.525170e-83,1.735448e-85,2.305153e-84,5.707702e-84,1.331680e-83,2.519864e-83,2.735266e-83,3.026896e-83,4.194887e-83,4.119840e-83,3.974196e-83,4.424619e-83,4.543777e-83,3.806140e-83,1.391875e-83,4.105139e-85,1.819008e-84,3.577326e-84,7.455931e-84,1.431767e-83,1.927598e-83,2.243851e-83,2.497403e-83,2.530465e-83,2.673033e-83,2.577958e-83,2.290387e-83,1.963385e-83,7.797551e-84,3.401581e-85,3.612103e-85,9.973325e-85,2.065807e-84,3.567539e-84,4.466796e-84,5.112613e-84,5.863920e-84,6.281526e-84,6.572242e-84,6.834364e-84,6.427621e-84,5.452155e-84,2.694318e-84,1.211470e-86,2.032529e-86,8.978787e-86,1.771265e-85,2.193192e-85,2.325526e-85,3.738315e-85,2.121625e-85,3.481147e-85,3.441738e-85,2.781331e-85,2.160990e-85,9.033560e-86,-4.484237e-86,-6.621825e-86
1.607913e-82,1.371941e-81,4.677989e-81,9.058227e-81,1.293732e-80,1.793347e-80,2.313780e-80,1.175662e-80,3.037733e-82,3.963579e-82,1.412987e-81,3.968497e-81,7.426052e-81,1.015969e-80,1.334952e-80,1.561442e-80,1.775673e-80,1.241602e-80,1.335739e-81,4.398683e-82,1.824756e-81,4.350120e-81,7.069321e-81,1.047401e-80,1.277013e-80,1.482209e-80,1.649892e-80,1.674767e-80,1.201767e-80,9.126194e-82,4.163423e-82,1.903247e-81,4.191811e-81,7.118348e-81,1.046085e-80,1.198383e-80,1.360942e-80,1.497141e-80,1.439101e-80,1.132438e-80,4.450698e-81,2.912807e-83,4.503810e-82,1.713196e-81,4.233507e-81,6.938330e-81,9.359346e-81,1.105601e-80,1.245075e-80,1.346095e-80,1.232390e-80,9.885145e-81,4.377723e-81,1.583260e-82,4.361827e-82,1.777477e-81,4.079072e-81,7.241958e-81,9.559114e-81,1.104702e-80,1.272176e-80,1.239090e-80,1.006507e-80,7.072755e-81,2.954418e-81,-5.017667e-82,-2.362886e-83,4.526863e-82,1.863796e-81,4.128229e-81,6.762779e-81,8.125509e-81,9.721322e-81,1.077539e-80,1.031347e-80,8.233699e-81,4.936687e-81,1.618296e-81,-5.054807e-82,-9.806468e-83,4.122936e-82,1.650676e-81,3.456186e-81,5.582168e-81,7.028787e-81,8.089324e-81,8.435284e-81,7.504415e-81,5.156464e-81,2.857249e-81,6.477255e-82,-3.034391e-82,-7.158880e-83,1.220338e-82,5.785003e-82,1.162461e-81,1.940190e-81,2.251788e-81,2.305932e-81,1.870094e-81,1.047148e-81,-1.316544e-82,-5.471700e-82,-7.992268e-82,-3.924980e-82,-5.416485e-83,1.675989e-88,-2.043428e-84,1.007563e-82,2.913219e-82,3.875046e-82,3.104720e-82,1.106672e-82,-1.126002e-83,-3.250863e-82,-4.031223e-82,-4.284459e-82,-3.067024e-82,-1.509001e-82,-5.098322e-84,1.837337e-85,-3.617806e-84,-4.665369e-83,-9.668733e-83,-1.737719e-82,-2.154230e-82,-2.500655e-82,-3.483588e-82,-4.219237e-82,-2.886674e-82,-1.768375e-82,-2.857005e-83,5.725783e-83,4.684445e-83,6.161644e-85,3.988084e-85,-1.182606e-83,-3.552744e-83,-4.988722e-83,-1.116851e-82,-4.028931e-83,-1.006588e-82,-1.666998e-82,-7.144205e-83,-4.513705e-83,6.861030e-83,1.343398e-82,6.189713e-83,1.026747e-84,8.449546e-84,2.216200e-83,5.297204e-83,9.818068e-83,1.100623e-82,1.202109e-82,1.625966e-82,1.616383e-82,1.580122e-82,1.701848e-82,1.705994e-82,1.410697e-82,5.417010e-83,1.853361e-84,6.215541e-84,1.316219e-83,2.775338e-83,5.193887e-83,6.945007e-83,8.086781e-83,9.025652e-83,9.300030e-83,9.778743e-83,9.564546e-83,8.526737e-83,7.229889e-83,3.036946e-83,1.633176e-84,1.262390e-84,3.506733e-84,7.400335e-84,1.299631e-83,1.668998e-83,1.896505e-83,2.147204e-83,2.293252e-83,2.443464e-83,2.516397e-83,2.355997e-83,2.015162e-83,1.036048e-83,3.104383e-85,1.121442e-85,5.343574e-85,7.361644e-85,9.694775e-85,9.946078e-85,1.597215e-84,1.235059e-84,1.626697e-84,1.694549e-84,1.556910e-84,1.249495e-84,7.477970e-85,1.747340e-85,-1.516802e-85
3.717661e-82,3.292264e-81,1.128083e-80,2.182919e-80,3.118351e-80,4.327095e-80,5.568783e-80,2.787304e-80,6.989515e-82,9.443661e-82,3.337479e-81,9.441115e-81,1.778699e-80,2.411945e-80,3.189215e-80,3.709661e-80,4.200040e-80,2.899800e-80,3.135895e-81,1.028456e-81,4.389847e-81,1.039175e-80,1.685399e-80,2.498292e-80,3.044284e-80,3.525955e-80,3.904612e-80,3.948205e-80,2.796398e-80,2.100373e-81,9.936726e-82,4.527133e-81,9.998590e-81,1.693345e-80,2.492364e-80,2.837448e-80,3.218519e-80,3.529874e-80,3.372667e-80,2.608669e-80,9.884736e-81,6.757050e-83,1.068334e-81,4.052161e-81,1.006217e-80,1.655555e-80,2.220868e-80,2.615750e-80,2.942557e-80,3.169396e-80,2.870966e-80,2.278531e-80,9.529264e-81,9.248843e-83,1.059251e-81,4.288168e-81,9.637968e-81,1.719031e-80,2.273849e-80,2.620836e-80,3.004727e-80,2.909802e-80,2.329905e-80,1.597865e-80,6.170667e-81,-1.789338e-81,-7.124512e-83,1.113378e-81,4.346655e-81,9.888222e-81,1.597303e-80,1.918232e-80,2.285663e-80,2.532557e-80,2.396439e-80,1.885268e-80,1.090032e-80,3.090804e-81,-1.699612e-81,-2.819407e-82,9.873430e-82,3.456186e-81,8.557994e-81,1.313555e-80,1.654432e-80,1.896871e-80,1.974849e-80,1.734518e-80,1.162717e-80,6.099114e-81,9.726759e-82,-1.071186e-81,-2.178561e-82,2.968364e-82,1.261315e-81,2.660746e-81,4.262001e-81,4.959004e-81,4.944915e-81,3.812342e-81,1.739297e-81,-1.063246e-81,-1.926976e-81,-2.366882e-81,-1.173768e-81,-1.686156e-82,-2.454490e-87,-2.200747e-83,2.012860e-82,5.566934e-82,6.421193e-82,3.714756e-82,-1.191173e-82,-5.217329e-82,-1.281558e-81,-1.414981e-81,-1.367251e-81,-9.677347e-82,-4.901249e-82,-4.085176e-83,2.281889e-85,-2.112719e-83,-1.572806e-82,-3.234011e-82,-5.791697e-82,-7.389695e-82,-8.357362e-82,-1.112033e-81,-1.285717e-81,-9.146941e-82,-6.035031e-82,-1.882558e-82,6.638349e-83,8.837960e-83,9.242264e-85,-6.315725e-84,-5.075824e-83,-1.313180e-82,-1.898917e-82,-3.600229e-82,-2.148881e-82,-3.657894e-82,-5.368763e-82,-2.812599e-82,-2.067353e-82,9.215533e-83,2.773357e-82,1.298471e-82,1.780641e-84,1.836949e-83,4.900550e-83,1.200944e-82,2.161112e-82,2.401114e-82,2.616383e-82,3.596470e-82,3.595689e-82,3.466606e-82,3.786568e-82,3.838599e-82,3.181134e-82,1.176243e-82,3.593109e-84,1.452326e-83,2.882754e-83,6.339505e-83,1.207131e-82,1.617045e-82,1.882678e-82,2.093025e-82,2.156064e-82,2.256689e-82,2.180414e-82,1.938483e-82,1.641184e-82,6.541619e-83,2.936507e-84,3.009588e-84,8.468071e-84,1.705960e-83,2.968894e-83,3.805903e-83,4.384478e-83,4.989382e-83,5.295704e-83,5.593770e-83,5.751663e-83,5.394528e-83,4.546168e-83,2.251709e-83,1.294443e-85,2.754391e-85,1.069910e-84,1.529870e-84,2.097464e-84,2.351909e-84,3.623834e-84,2.403398e-84,3.396140e-84,3.360768e-84,2.989989e-84,2.279575e-84,1.093202e-84,-1.760708e-85,-5.204211e-85
6.384547e-82,5.205201e-81,1.754099e-80,3.390777e-80,4.844812e-80,6.715690e-80,8.677096e-80,4.424451e-80,1.127650e-81,1.507113e-81,5.333473e-81,1.496743e-80,2.805980e-80,3.824839e-80,5.041520e-80,5.899604e-80,6.709214e-80,4.687630e-80,4.984161e-81,1.662272e-81,6.883118e-81,1.640327e-80,2.672178e-80,3.954736e-80,4.838946e-80,5.622533e-80,6.253738e-80,6.356951e-80,4.571153e-80,3.483289e-81,1.578975e-81,7.169192e-81,1.585635e-80,2.694944e-80,3.961375e-80,4.539111e-80,5.167473e-80,5.688800e-80,5.478674e-80,4.318253e-80,1.711939e-80,1.102818e-82,1.693621e-81,6.465632e-81,1.599427e-80,2.630866e-80,3.550471e-80,4.194555e-80,4.727730e-80,5.121663e-80,4.697679e-80,3.775745e-80,1.685006e-80,7.690763e-82,1.674578e-81,6.837769e-81,1.536732e-80,2.726535e-80,3.628661e-80,4.194571e-80,4.833011e-80,4.715222e-80,3.840114e-80,2.714216e-80,1.149440e-80,-1.688956e-81,-8.560802e-83,1.786663e-81,6.988099e-81,1.569181e-80,2.564745e-80,3.075636e-80,3.701657e-80,4.102279e-80,3.929783e-80,3.153315e-80,1.901124e-80,6.410830e-81,-1.749290e-81,-3.575246e-82,1.585557e-81,5.582168e-81,1.313555e-80,2.193830e-80,2.668031e-80,3.068059e-80,3.220362e-80,2.866326e-80,1.984007e-80,1.109503e-80,2.643334e-81,-1.058636e-81,-2.583961e-82,5.145357e-82,2.186687e-81,4.502742e-81,7.458565e-81,8.607867e-81,8.803362e-81,7.304713e-81,4.207327e-81,-2.456903e-82,-1.873891e-81,-2.898756e-81,-1.442544e-81,-1.897641e-82,2.576521e-87,-5.429137e-84,4.524639e-82,1.180838e-81,1.467630e-81,1.188527e-81,5.091768e-82,6.932451e-83,-1.127941e-81,-1.430593e-81,-1.528741e-81,-1.094840e-81,-5.357430e-82,-6.936905e-84,1.022116e-84,-1.975259e-83,-1.779378e-82,-3.493814e-82,-6.358412e-82,-7.890620e-82,-8.956230e-82,-1.268980e-81,-1.558163e-81,-1.046414e-81,-6.271330e-82,-7.155984e-83,2.443986e-82,1.829006e-82,2.803501e-84,-4.228372e-85,-4.848813e-83,-1.365366e-82,-1.727199e-82,-3.935113e-82,-1.182216e-82,-3.524616e-82,-6.074239e-82,-2.355676e-82,-1.389669e-82,2.808930e-82,5.295162e-82,2.389357e-82,4.324164e-84,3.152543e-83,8.409060e-83,2.023640e-82,3.718976e-82,4.181454e-82,4.611847e-82,6.219090e-82,6.245525e-82,6.113315e-82,6.591642e-82,6.604411e-82,5.459533e-82,2.089554e-82,7.401160e-84,2.346155e-83,4.899794e-83,1.046194e-82,1.973507e-82,2.658713e-82,3.112936e-82,3.451830e-82,3.588456e-82,3.788299e-82,3.695149e-82,3.307948e-82,2.814855e-82,1.180956e-82,6.386139e-84,4.830968e-84,1.355709e-83,2.789216e-83,4.886864e-83,6.289397e-83,7.258221e-83,8.225097e-83,8.828268e-83,9.437816e-83,9.752788e-83,9.145442e-83,7.777966e-83,3.995314e-83,1.294446e-84,4.100467e-85,1.811145e-84,2.612518e-84,3.508076e-84,3.786325e-84,6.395111e-84,4.939327e-84,6.469867e-84,6.700173e-84,6.268464e-84,5.127467e-84,3.174271e-84,7.696670e-85,-5.786106e-85
8.531458e-82,6.497268e-81,2.124879e-80,4.123181e-80,5.878615e-80,8.159937e-80,1.056209e-79,5.507680e-80,1.383609e-81,1.877939e-81,6.692192e-81,1.852901e-80,3.479716e-80,4.772745e-80,6.306063e-80,7.393116e-80,8.475399e-80,5.971203e-80,6.106283e-81,2.094577e-81,8.461363e-81,2.024097e-80,3.332443e-80,4.921152e-80,6.059685e-80,7.048035e-80,7.902955e-80,8.091846e-80,5.901117e-80,4.675625e-81,1.979088e-81,8.816513e-81,1.969730e-80,3.354962e-80,4.917607e-80,5.727389e-80,6.510036e-80,7.241704e-80,7.059316e-80,5.698621e-80,2.409517e-80,1.565277e-82,2.131270e-81,8.013474e-81,1.990443e-80,3.282090e-80,4.438899e-80,5.308838e-80,5.992218e-80,6.529198e-80,6.099813e-80,4.982599e-80,2.427228e-80,2.512899e-81,2.100209e-81,8.496427e-81,1.916464e-80,3.402423e-80,4.526379e-80,5.295641e-80,6.105420e-80,6.026028e-80,5.059486e-80,3.701580e-80,1.742138e-80,3.269756e-82,-3.104252e-83,2.233454e-81,8.728117e-81,1.957641e-80,3.192701e-80,3.947870e-80,4.685523e-80,5.249086e-80,5.116059e-80,4.210887e-80,2.683883e-80,1.092913e-80,-3.211080e-82,-2.591731e-82,1.998268e-81,7.028787e-81,1.654432e-80,2.668031e-80,3.504096e-80,3.927878e-80,4.130836e-80,3.769761e-80,2.734941e-80,1.642619e-80,5.400448e-81,-8.432610e-83,-1.434396e-82,7.536989e-82,2.961024e-81,6.311962e-81,1.021121e-80,1.236338e-80,1.302009e-80,1.136141e-80,7.962372e-81,2.438455e-81,3.022733e-83,-1.950432e-81,-9.724691e-82,-7.929929e-83,2.278180e-86,7.733668e-83,7.941382e-82,2.002120e-81,2.740918e-81,2.740164e-81,2.077289e-81,1.784273e-81,3.972128e-82,-2.010828e-82,-6.182969e-82,-5.038516e-82,-1.892531e-82,1.089857e-82,2.596575e-84,1.217819e-83,-7.417680e-83,-8.469425e-83,-2.203702e-82,-2.284436e-82,-3.135308e-82,-6.699002e-82,-9.446607e-82,-4.711941e-82,-9.614024e-83,3.566826e-82,5.717257e-82,3.135307e-82,5.887311e-84,1.344564e-83,7.238346e-84,-4.350082e-84,4.459681e-83,-1.060657e-82,2.019325e-82,-1.535376e-83,-2.659911e-82,1.206349e-82,2.203724e-82,6.261778e-82,8.271044e-82,3.701656e-82,8.067501e-84,4.255597e-83,1.204739e-82,2.857251e-82,5.020023e-82,5.867347e-82,6.712947e-82,8.673301e-82,8.916875e-82,8.828626e-82,9.230646e-82,9.155808e-82,7.584635e-82,3.049849e-82,1.276082e-83,3.089535e-83,6.391685e-83,1.389922e-82,2.582087e-82,3.492216e-82,4.097785e-82,4.563794e-82,4.820955e-82,5.108258e-82,5.008134e-82,4.519518e-82,3.896244e-82,1.736165e-82,1.195908e-83,6.408381e-84,1.783536e-83,3.590419e-83,6.271255e-83,8.156012e-83,9.579777e-83,1.104600e-82,1.192933e-82,1.274569e-82,1.319144e-82,1.250708e-82,1.065060e-82,5.806738e-83,3.966634e-84,6.515137e-85,2.253906e-84,3.838013e-84,5.371615e-84,6.684428e-84,9.452018e-84,7.602138e-84,1.005708e-83,1.114733e-83,1.077108e-83,9.610756e-84,6.985605e-84,3.291781e-84,-2.180254e-85
1.040948e-81,7.255499e-81,2.305850e-80,4.468973e-80,6.383819e-80,8.860202e-80,1.152903e-79,6.240956e-80,1.616705e-81,2.147932e-81,7.569581e-81,2.084469e-80,3.883485e-80,5.359748e-80,7.094083e-80,8.364473e-80,9.656086e-80,6.976386e-80,6.972936e-81,2.383646e-81,9.434138e-81,2.270072e-80,3.755967e-80,5.548833e-80,6.850738e-80,8.016897e-80,9.041783e-80,9.347141e-80,6.970674e-80,5.683184e-81,2.251339e-81,9.910055e-81,2.224608e-80,3.791141e-80,5.573042e-80,6.520925e-80,7.456308e-80,8.354073e-80,8.249180e-80,6.824607e-80,3.054196e-80,1.865410e-82,2.412075e-81,9.136514e-81,2.254647e-80,3.720960e-80,5.063272e-80,6.068824e-80,6.889280e-80,7.568506e-80,7.204177e-80,5.982181e-80,3.149226e-80,4.277932e-81,2.419323e-81,9.615840e-81,2.186130e-80,3.864504e-80,5.150618e-80,6.040697e-80,7.007411e-80,7.016812e-80,6.037657e-80,4.574635e-80,2.350150e-80,2.998609e-81,3.233834e-83,2.558715e-81,9.929175e-81,2.229899e-80,3.644934e-80,4.541259e-80,5.452655e-80,6.085022e-80,6.048360e-80,5.111921e-80,3.414169e-80,1.574919e-80,1.786897e-81,-9.068772e-83,2.286998e-81,8.089324e-81,1.896871e-80,3.068059e-80,3.927878e-80,4.676020e-80,4.854004e-80,4.496195e-80,3.391416e-80,2.165913e-80,8.541540e-81,1.317108e-81,2.940097e-83,9.330758e-82,3.674061e-81,7.840362e-81,1.299178e-80,1.559636e-80,1.698266e-80,1.562548e-80,1.206543e-80,5.897473e-81,2.676675e-81,-3.444908e-82,-1.740043e-82,7.493527e-83,4.835507e-86,1.627115e-82,1.182137e-81,2.825984e-81,4.059899e-81,4.526098e-81,4.057236e-81,3.946211e-81,2.410290e-81,1.567498e-81,6.857374e-82,3.754209e-82,3.030633e-82,2.462895e-82,4.418440e-84,5.616080e-83,9.514806e-83,2.742753e-82,3.547607e-82,5.124738e-82,5.725614e-82,2.887799e-82,-1.422021e-84,3.737054e-82,6.162910e-82,8.883596e-82,9.304560e-82,4.446801e-82,9.421459e-84,3.671295e-83,8.156534e-83,1.583528e-82,3.334496e-82,2.424182e-82,6.759291e-82,4.890755e-82,2.320421e-82,5.785712e-82,6.506784e-82,9.931874e-82,1.123878e-81,4.891540e-82,1.240532e-83,5.363911e-83,1.520215e-82,3.540097e-82,6.206583e-82,7.454153e-82,8.582963e-82,1.089731e-81,1.127331e-81,1.123755e-81,1.156468e-81,1.134904e-81,9.381525e-82,3.920668e-82,1.803258e-83,3.604797e-83,7.798508e-83,1.679100e-82,3.083562e-82,4.121956e-82,4.890496e-82,5.507198e-82,5.850834e-82,6.205496e-82,6.109785e-82,5.565844e-82,4.794886e-82,2.249388e-82,1.715019e-83,7.504820e-84,2.075766e-83,4.235436e-83,7.413343e-83,9.736001e-83,1.141113e-82,1.320529e-82,1.434778e-82,1.547908e-82,1.605588e-82,1.526534e-82,1.318575e-82,7.407260e-83,6.586190e-84,8.994801e-85,3.184499e-84,4.999893e-84,7.037676e-84,8.404398e-84,1.198552e-83,1.075198e-83,1.374697e-83,1.527529e-83,1.538984e-83,1.379922e-83,1.087227e-83,5.879839e-84,2.795445e-85
1.228671e-81,7.327999e-81,2.181047e-80,4.222494e-80,6.050739e-80,8.395211e-80,1.097485e-79,6.320890e-80,1.651001e-81,2.210605e-81,7.715835e-81,2.101355e-80,3.883903e-80,5.371110e-80,7.185774e-80,8.521804e-80,9.985157e-80,7.374298e-80,6.995699e-81,2.460444e-81,9.377585e-81,2.267895e-80,3.806306e-80,5.605682e-80,6.997635e-80,8.248968e-80,9.395275e-80,9.857418e-80,7.569762e-80,6.469319e-81,2.315876e-81,9.915648e-81,2.259811e-80,3.856742e-80,5.675709e-80,6.719802e-80,7.786839e-80,8.814009e-80,8.871614e-80,7.638964e-80,3.680774e-80,2.211560e-82,2.477635e-81,9.301910e-81,2.297349e-80,3.805197e-80,5.194049e-80,6.315444e-80,7.229222e-80,8.029432e-80,7.867627e-80,6.691454e-80,3.902622e-80,7.315488e-81,2.483385e-81,9.787088e-81,2.241913e-80,3.951062e-80,5.298938e-80,6.278904e-80,7.313391e-80,7.489914e-80,6.708859e-80,5.321788e-80,3.036055e-80,7.848066e-81,1.707026e-82,2.657310e-81,1.015847e-80,2.278677e-80,3.783422e-80,4.782232e-80,5.791948e-80,6.525194e-80,6.593973e-80,5.803624e-80,4.120201e-80,2.190598e-80,5.589825e-81,2.784759e-82,2.369802e-81,8.435284e-81,1.974849e-80,3.220362e-80,4.130836e-80,4.854004e-80,5.381075e-80,4.992708e-80,3.980755e-80,2.735211e-80,1.292879e-80,3.835249e-81,3.776123e-82,1.111615e-81,4.291335e-81,9.290601e-81,1.537290e-80,1.907831e-80,2.113222e-80,2.060704e-80,1.778322e-80,1.130330e-80,7.304271e-81,2.870289e-81,1.451226e-81,3.763517e-82,8.520170e-86,2.963103e-82,1.691672e-81,3.931818e-81,5.797221e-81,7.042297e-81,7.112145e-81,7.432827e-81,5.879068e-81,4.603355e-81,3.155692e-81,2.019502e-81,1.217781e-81,4.742048e-82,6.830251e-84,1.275177e-82,3.887595e-82,9.447433e-82,1.441265e-81,1.932425e-81,2.187394e-81,2.091896e-81,1.856133e-81,1.938770e-81,1.883168e-81,1.741881e-81,1.448615e-81,6.155247e-82,1.398403e-83,6.762812e-83,2.068634e-82,4.510863e-82,8.460891e-82,9.438234e-82,1.473219e-81,1.354036e-81,1.150513e-81,1.385085e-81,1.381896e-81,1.507536e-81,1.464393e-81,6.315277e-82,1.797028e-83,6.035725e-83,1.807552e-82,4.238808e-82,7.229090e-82,8.912833e-82,1.046375e-81,1.290654e-81,1.360798e-81,1.365157e-81,1.376886e-81,1.334726e-81,1.105645e-81,4.852061e-82,2.481859e-83,3.887024e-83,8.658259e-83,1.880666e-82,3.385758e-82,4.572515e-82,5.470953e-82,6.174587e-82,6.637104e-82,7.075664e-82,6.977897e-82,6.470069e-82,5.617559e-82,2.810673e-82,2.443835e-83,8.558295e-84,2.335888e-83,4.591747e-83,7.962978e-83,1.058984e-82,1.279437e-82,1.482128e-82,1.624732e-82,1.761047e-82,1.838196e-82,1.757508e-82,1.531825e-82,9.105250e-83,1.088680e-83,1.112035e-84,3.422881e-84,5.827670e-84,8.589889e-84,1.136824e-83,1.596957e-83,1.478429e-83,1.820829e-83,2.045553e-83,2.076784e-83,1.935842e-83,1.655932e-83,1.012959e-83,1.224210e-84
1.231331e-81,5.826857e-81,1.515644e-80,2.957413e-80,4.248777e-80,5.912112e-80,7.893610e-80,5.376203e-80,1.531103e-81,1.865398e-81,6.566718e-81,1.727401e-80,3.119313e-80,4.433490e-80,5.977888e-80,7.239692e-80,8.799658e-80,6.985970e-80,6.012686e-81,2.137392e-81,7.391927e-81,1.817759e-80,3.156422e-80,4.615160e-80,5.908513e-80,7.091266e-80,8.331123e-80,9.009107e-80,7.438822e-80,7.004836e-81,1.957039e-81,7.953051e-81,1.884728e-80,3.215540e-80,4.739444e-80,5.844142e-80,6.866808e-80,8.045197e-80,8.478125e-80,7.880543e-80,4.363501e-80,2.389675e-82,2.088266e-81,7.948647e-81,1.935864e-80,3.217785e-80,4.451303e-80,5.577712e-80,6.477005e-80,7.421552e-80,7.747685e-80,6.928996e-80,4.825734e-80,1.229840e-80,2.154588e-81,8.178544e-81,1.898690e-80,3.319664e-80,4.528018e-80,5.503188e-80,6.486174e-80,6.983634e-80,6.853977e-80,5.964815e-80,4.021178e-80,1.716751e-80,4.284837e-82,2.269637e-81,8.630302e-81,1.928372e-80,3.245418e-80,4.368183e-80,5.332337e-80,6.057743e-80,6.512393e-80,6.176859e-80,4.941399e-80,3.188597e-80,1.312302e-80,1.039742e-81,2.060837e-81,7.504415e-81,1.734518e-80,2.866326e-80,3.769761e-80,4.496195e-80,4.992708e-80,5.181684e-80,4.521262e-80,3.513175e-80,2.058067e-80,8.841082e-81,1.088606e-81,1.320105e-81,4.853390e-81,1.066101e-80,1.785454e-80,2.278681e-80,2.676347e-80,2.800777e-80,2.745536e-80,2.219594e-80,1.694270e-80,1.005612e-80,4.954742e-81,1.004949e-81,1.602783e-85,5.734458e-82,2.548954e-81,5.704727e-81,8.894038e-81,1.142476e-80,1.283770e-80,1.410055e-80,1.319902e-80,1.116100e-80,8.436630e-81,5.630192e-81,3.184670e-81,9.112279e-82,1.181036e-83,2.666989e-82,1.033254e-81,2.380148e-81,3.795425e-81,5.004377e-81,5.661954e-81,6.069886e-81,6.035190e-81,5.421462e-81,4.659617e-81,3.481163e-81,2.400734e-81,8.860630e-82,2.330933e-83,1.268987e-82,4.769916e-82,1.113386e-81,1.883224e-81,2.418310e-81,3.052868e-81,3.184856e-81,3.193962e-81,3.068710e-81,2.908977e-81,2.483887e-81,1.975731e-81,8.256042e-82,2.813461e-83,6.557415e-83,2.169321e-82,5.008482e-82,8.196279e-82,1.053497e-81,1.286105e-81,1.508732e-81,1.629841e-81,1.673841e-81,1.615472e-81,1.526188e-81,1.251247e-81,5.976065e-82,3.611544e-83,3.728902e-83,9.000915e-83,1.994355e-82,3.436186e-82,4.554833e-82,5.536615e-82,6.430992e-82,7.102845e-82,7.616133e-82,7.643016e-82,7.241904e-82,6.328518e-82,3.512235e-82,3.663655e-83,8.544045e-84,2.242890e-83,4.475801e-83,7.757497e-83,1.056531e-82,1.314023e-82,1.537870e-82,1.733877e-82,1.910234e-82,2.004540e-82,1.948554e-82,1.728025e-82,1.111690e-82,1.856393e-83,1.603178e-84,4.740175e-84,7.634876e-84,1.123052e-83,1.595340e-83,2.039984e-83,2.125325e-83,2.509533e-83,2.866119e-83,3.056880e-83,2.956534e-83,2.692539e-83,1.830279e-83,3.206703e-84
1.065463e-81,2.784486e-81,3.024185e-81,6.576147e-81,9.787358e-81,1.402779e-80,2.213574e-80,3.196806e-80,1.053120e-81,1.125695e-81,3.948486e-81,9.415956e-81,1.582411e-80,2.428455e-80,3.410091e-80,4.360967e-80,5.823866e-80,5.358426e-80,3.555459e-81,1.389234e-81,3.519982e-81,9.235790e-81,1.796034e-80,2.580339e-80,3.544132e-80,4.452636e-80,5.644649e-80,6.568339e-80,6.200268e-80,6.740701e-81,1.199734e-81,4.066886e-81,1.091219e-80,1.871017e-80,2.765367e-80,3.788157e-80,4.634279e-80,5.844653e-80,6.732001e-80,7.137208e-80,4.718899e-80,2.360456e-82,1.270852e-81,4.869284e-81,1.157747e-80,1.947126e-80,2.791175e-80,3.784108e-80,4.542335e-80,5.527061e-80,6.508525e-80,6.290214e-80,5.436015e-80,1.778314e-80,1.388149e-81,4.776684e-81,1.161149e-80,1.983362e-80,2.823651e-80,3.669074e-80,4.466829e-80,5.315760e-80,6.084826e-80,6.016730e-80,4.802868e-80,2.781412e-80,7.393764e-82,1.446036e-81,5.297469e-81,1.167210e-80,2.061481e-80,3.179596e-80,3.981600e-80,4.610743e-80,5.481054e-80,5.840181e-80,5.347141e-80,4.111452e-80,2.171474e-80,1.966467e-81,1.349260e-81,5.156464e-81,1.162717e-80,1.984007e-80,2.734941e-80,3.391416e-80,3.980755e-80,4.521262e-80,4.719772e-80,4.070196e-80,2.810272e-80,1.447687e-80,1.923780e-81,1.418094e-81,4.901929e-81,1.104173e-80,1.869115e-80,2.475927e-80,3.045828e-80,3.419120e-80,3.670996e-80,3.371534e-80,2.756500e-80,1.826637e-80,9.026742e-81,1.717429e-81,2.399498e-85,8.652149e-82,3.335944e-81,7.299174e-81,1.172801e-80,1.581706e-80,1.871136e-80,2.106218e-80,2.108743e-80,1.835868e-80,1.433830e-80,9.621515e-81,5.357111e-81,1.371950e-81,1.682814e-83,4.174943e-82,1.737868e-81,3.965118e-81,6.402123e-81,8.405668e-81,9.487151e-81,1.049216e-80,1.071295e-80,9.268021e-81,7.676977e-81,5.293098e-81,3.320385e-81,1.120855e-81,3.210553e-83,1.894448e-82,7.665365e-82,1.823657e-81,3.026515e-81,4.069359e-81,4.721916e-81,5.166672e-81,5.444404e-81,4.858506e-81,4.519558e-81,3.420262e-81,2.370411e-81,9.653991e-82,3.741575e-83,6.370971e-83,2.325106e-82,5.295798e-82,8.275449e-82,1.123814e-81,1.422293e-81,1.580347e-81,1.758592e-81,1.839981e-81,1.701935e-81,1.562035e-81,1.269300e-81,6.581478e-82,4.572522e-83,3.013426e-83,8.137750e-83,1.833805e-82,2.982787e-82,3.922101e-82,4.905447e-82,5.850521e-82,6.685104e-82,7.271675e-82,7.418612e-82,7.216922e-82,6.360478e-82,3.914235e-82,4.719340e-83,7.510302e-84,1.876328e-83,3.669301e-83,6.338420e-83,9.001992e-83,1.179897e-82,1.405607e-82,1.632974e-82,1.837210e-82,1.944300e-82,1.917860e-82,1.726024e-82,1.209362e-82,2.581419e-83,1.942559e-84,5.203918e-84,8.619626e-84,1.286000e-83,1.976864e-83,2.388600e-83,2.645375e-83,3.056824e-83,3.567426e-83,3.902608e-83,3.858218e-83,3.654440e-83,2.626106e-83,5.314744e-84
8.496637e-82,5.092512e-82,-5.082518e-81,-9.140649e-81,-1.257153e-80,-1.699680e-80,-1.766692e-80,1.369046e-80,6.452370e-82,4.803951e-82,1.676716e-81,2.965043e-81,3.473674e-81,7.840765e-81,1.241294e-80,1.862551e-80,3.066218e-80,3.596312e-80,1.555441e-81,6.857422e-82,4.552224e-82,2.006133e-81,6.375193e-81,8.630465e-81,1.474333e-80,2.070040e-80,3.061601e-80,4.028106e-80,4.530284e-80,5.646704e-81,5.187383e-82,9.045697e-82,4.053321e-81,7.063430e-81,1.058125e-80,1.881006e-80,2.483727e-80,3.543615e-80,4.633081e-80,5.650997e-80,4.295779e-80,1.987490e-82,5.324784e-82,2.143997e-81,4.687660e-81,8.141899e-81,1.284238e-80,2.033834e-80,2.590307e-80,3.478542e-80,4.760688e-80,5.003976e-80,5.102997e-80,1.887538e-80,6.823227e-82,1.818073e-81,5.021987e-81,8.057471e-81,1.277355e-80,1.906976e-80,2.468649e-80,3.458501e-80,4.719071e-80,5.215078e-80,4.689646e-80,3.115335e-80,8.421856e-82,6.850667e-82,2.299819e-81,4.911585e-81,9.754841e-81,1.915349e-80,2.495485e-80,2.991411e-80,4.026355e-80,4.803954e-80,4.907560e-80,4.174069e-80,2.464538e-80,2.322915e-81,6.768521e-82,2.857249e-81,6.099114e-81,1.109503e-80,1.642619e-80,2.165913e-80,2.735211e-80,3.513175e-80,4.070196e-80,3.978577e-80,2.943794e-80,1.640051e-80,2.234207e-81,1.279582e-81,4.285412e-81,9.789519e-81,1.675369e-80,2.273398e-80,2.888238e-80,3.373998e-80,3.814946e-80,3.710261e-80,3.119981e-80,2.153802e-80,1.060314e-80,1.983038e-81,2.625260e-85,9.458812e-82,3.441244e-81,7.413724e-81,1.213685e-80,1.673907e-80,2.026670e-80,2.307427e-80,2.372840e-80,2.093262e-80,1.654765e-80,1.113831e-80,6.153166e-81,1.512326e-81,1.810091e-83,4.686209e-82,2.009008e-81,4.530728e-81,7.373888e-81,9.644063e-81,1.091444e-80,1.221092e-80,1.256967e-80,1.071713e-80,8.754774e-81,5.872281e-81,3.531162e-81,1.141812e-81,3.425776e-83,2.102213e-82,8.699251e-82,2.072860e-81,3.417162e-81,4.672390e-81,5.284889e-81,5.887919e-81,6.314567e-81,5.466087e-81,5.034779e-81,3.627153e-81,2.345226e-81,9.405729e-82,3.939281e-83,5.394038e-83,2.121328e-82,4.775529e-82,7.250704e-82,1.026529e-81,1.329413e-81,1.421971e-81,1.611000e-81,1.710976e-81,1.534472e-81,1.385724e-81,1.120151e-81,6.191906e-82,4.677417e-83,2.066745e-83,6.461670e-83,1.486799e-82,2.286438e-82,2.947756e-82,3.778654e-82,4.656301e-82,5.513269e-82,6.053191e-82,6.266348e-82,6.274122e-82,5.580489e-82,3.719859e-82,4.872830e-83,5.664077e-84,1.334685e-83,2.624155e-83,4.540890e-83,6.763920e-83,9.248401e-83,1.119178e-82,1.341940e-82,1.542030e-82,1.638742e-82,1.645342e-82,1.517445e-82,1.133888e-82,2.780818e-83,1.976360e-84,5.168615e-84,8.241333e-84,1.246193e-83,1.945330e-83,2.271471e-83,2.675613e-83,3.033591e-83,3.582316e-83,3.991644e-83,3.979284e-83,3.871541e-83,2.862390e-83,6.179793e-84
5.465149e-82,-1.078651e-81,-9.476743e-81,-1.785792e-80,-2.511443e-80,-3.461046e-80,-4.131111e-80,-1.955796e-81,2.015650e-82,-6.923069e-83,-2.189818e-82,-2.114253e-81,-5.717565e-81,-5.177450e-81,-5.092299e-81,-2.538899e-81,5.241639e-81,1.580893e-80,-2.288560e-82,5.880769e-83,-1.770344e-81,-3.424616e-81,-2.983632e-81,-5.102231e-81,-2.710447e-81,-1.235801e-82,6.210014e-81,1.413647e-80,2.389790e-80,3.663249e-81,-6.590726e-83,-1.486061e-81,-1.573277e-81,-2.507054e-81,-3.541988e-81,1.587356e-81,4.814821e-81,1.195165e-80,2.183550e-80,3.423407e-80,3.087782e-80,1.374075e-82,-8.620917e-83,-2.310660e-82,-1.095231e-81,-1.420201e-81,-3.612246e-82,3.894734e-81,6.984547e-81,1.315906e-80,2.529731e-80,3.035500e-80,3.785212e-80,1.577007e-80,3.711681e-83,-6.299382e-82,-6.520898e-82,-1.870043e-81,-6.943522e-82,2.793544e-81,5.622262e-81,1.428994e-80,2.776489e-80,3.540195e-80,3.593255e-80,2.699790e-80,7.472578e-82,8.291700e-84,-2.710336e-82,-8.419747e-82,1.103455e-82,6.392800e-81,9.370748e-81,1.230417e-80,2.162195e-80,3.058340e-80,3.538285e-80,3.327508e-80,2.145660e-80,2.090585e-81,6.905663e-83,6.477255e-82,9.726759e-82,2.643334e-81,5.400448e-81,8.541540e-81,1.292879e-80,2.058067e-80,2.810272e-80,2.943794e-80,2.443149e-80,1.427561e-80,1.984591e-81,9.241714e-82,2.936561e-81,6.854616e-81,1.184199e-80,1.651240e-80,2.169450e-80,2.631470e-80,3.100757e-80,3.153462e-80,2.703188e-80,1.922651e-80,9.503601e-81,1.744000e-81,2.184259e-85,8.072732e-82,2.785247e-81,5.941468e-81,9.862863e-81,1.385546e-80,1.709082e-80,1.963061e-80,2.054819e-80,1.824403e-80,1.456252e-80,9.842027e-81,5.408564e-81,1.287959e-81,1.482935e-83,4.052239e-82,1.769946e-81,3.978712e-81,6.490740e-81,8.502478e-81,9.596780e-81,1.082748e-80,1.122016e-80,9.460323e-81,7.634351e-81,5.022123e-81,2.934497e-81,9.189057e-82,2.808093e-83,1.794881e-82,7.593867e-82,1.815826e-81,2.972646e-81,4.114154e-81,4.555654e-81,5.129135e-81,5.575788e-81,4.730682e-81,4.327040e-81,2.997743e-81,1.833313e-81,7.314240e-82,3.209489e-83,3.573474e-83,1.530134e-82,3.416583e-82,5.027712e-82,7.414861e-82,9.826615e-82,1.013725e-81,1.168556e-81,1.255833e-81,1.090213e-81,9.682717e-82,7.826926e-82,4.637819e-82,3.763158e-83,1.016019e-83,3.978966e-83,9.268568e-83,1.306584e-82,1.657835e-82,2.216598e-82,2.843436e-82,3.518307e-82,3.902128e-82,4.116463e-82,4.261864e-82,3.852871e-82,2.809519e-82,3.988548e-83,3.283419e-84,7.028835e-84,1.350565e-83,2.298147e-83,3.749798e-83,5.539993e-83,6.829163e-83,8.486952e-83,9.981130e-83,1.070314e-82,1.097273e-82,1.041602e-82,8.468988e-83,2.365203e-83,1.548468e-84,3.769011e-84,6.170397e-84,9.472736e-84,1.540288e-83,1.751554e-83,2.124991e-83,2.374986e-83,2.838867e-83,3.190893e-83,3.217110e-83,3.210008e-83,2.438379e-83,5.545849e-84
2.852029e-82,-1.188464e-81,-7.619677e-81,-1.450442e-80,-2.047752e-80,-2.833897e-80,-3.452477e-80,-6.270161e-81,-1.789276e-83,-2.231991e-82,-7.561809e-82,-3.052980e-81,-6.713583e-81,-7.646246e-81,-9.020465e-81,-8.367348e-81,-4.651298e-81,3.798842e-81,-7.604725e-82,-1.607464e-82,-1.917693e-81,-4.064126e-81,-5.066086e-81,-7.886461e-81,-7.491734e-81,-6.802202e-81,-3.870096e-81,7.851588e-82,8.725884e-81,1.791681e-81,-2.341826e-82,-1.782515e-81,-2.927495e-81,-4.823123e-81,-7.021593e-81,-4.686084e-81,-3.355748e-81,2.124485e-82,6.481303e-81,1.527194e-80,1.654581e-80,7.630630e-83,-2.596760e-82,-9.610481e-82,-2.661602e-81,-4.122357e-81,-4.629330e-81,-2.929904e-81,-1.606044e-81,1.604653e-81,9.456704e-81,1.361762e-80,2.078225e-80,9.539942e-81,-1.926727e-82,-1.228734e-81,-2.320000e-81,-4.559714e-81,-4.942997e-81,-3.504506e-81,-2.566629e-81,2.812133e-81,1.202880e-80,1.800050e-80,2.029272e-80,1.662367e-80,4.735380e-82,-2.170598e-82,-1.042353e-81,-2.486378e-81,-3.127690e-81,7.780395e-84,1.042169e-81,2.393742e-81,8.190132e-81,1.454959e-80,1.899657e-80,1.930291e-80,1.332406e-80,1.325114e-81,-1.538832e-82,-3.034391e-82,-1.071186e-81,-1.058636e-81,-8.432610e-83,1.317108e-81,3.835249e-81,8.841082e-81,1.447687e-80,1.640051e-80,1.427561e-80,9.044551e-81,1.249091e-81,5.004554e-82,1.516774e-81,3.618487e-81,6.263145e-81,8.961633e-81,1.206525e-80,1.509212e-80,1.830821e-80,1.913548e-80,1.663764e-80,1.206641e-80,6.014891e-81,1.091662e-81,1.272609e-85,4.933571e-82,1.648528e-81,3.485680e-81,5.830814e-81,8.321120e-81,1.035339e-80,1.198267e-80,1.266256e-80,1.128315e-80,9.068257e-81,6.138839e-81,3.371369e-81,7.886669e-82,8.581541e-84,2.509926e-82,1.107552e-81,2.483474e-81,4.051176e-81,5.309877e-81,5.984208e-81,6.790434e-81,7.055464e-81,5.903835e-81,4.733883e-81,3.067229e-81,1.763960e-81,5.442207e-82,1.638067e-83,1.107294e-82,4.727314e-82,1.131183e-81,1.845128e-81,2.574030e-81,2.805521e-81,3.177590e-81,3.479484e-81,2.911718e-81,2.651227e-81,1.786416e-81,1.053499e-81,4.233600e-82,1.889785e-83,1.811243e-83,8.279854e-83,1.844102e-82,2.625248e-82,4.015419e-82,5.426149e-82,5.406389e-82,6.311983e-82,6.856360e-82,5.809917e-82,5.066869e-82,4.115327e-82,2.605157e-82,2.234771e-83,3.370889e-84,1.857868e-83,4.332639e-83,5.376449e-83,6.690681e-83,9.578712e-83,1.278255e-82,1.663669e-82,1.866471e-82,2.019366e-82,2.172364e-82,1.994598e-82,1.589111e-82,2.412201e-83,1.523835e-84,2.838052e-84,4.949519e-84,8.049894e-84,1.509868e-83,2.462430e-83,3.098984e-83,3.984350e-83,4.763319e-83,5.217426e-83,5.478170e-83,5.369054e-83,4.739576e-83,1.470124e-83,8.652132e-85,1.852788e-84,3.389290e-84,5.230279e-84,8.988732e-84,1.001308e-83,1.226735e-83,1.351992e-83,1.626161e-83,1.845330e-83,1.893963e-83,1.936773e-83,1.501782e-83,3.553888e-84
3.810257e-83,-1.888602e-82,-1.156003e-81,-2.198813e-81,-3.107417e-81,-4.299199e-81,-5.244520e-81,-1.089225e-81,-1.074219e-83,-3.894340e-83,-1.313664e-82,-5.065238e-82,-1.078091e-81,-1.263526e-81,-1.507891e-81,-1.450042e-81,-9.546295e-82,3.012520e-82,-1.380264e-82,-3.049957e-83,-3.057005e-82,-6.533039e-82,-8.440963e-82,-1.304930e-81,-1.293417e-81,-1.226530e-81,-8.436441e-82,-1.767244e-82,1.007686e-81,2.332843e-82,-4.104292e-83,-2.874061e-82,-4.937334e-82,-8.112444e-82,-1.189044e-81,-8.854435e-82,-7.189702e-82,-2.515877e-82,6.472239e-82,1.947096e-81,2.247773e-81,1.060804e-83,-4.443472e-83,-1.705576e-82,-4.556408e-82,-7.105606e-82,-8.285577e-82,-6.222403e-82,-4.542584e-82,-3.354629e-83,1.093516e-81,1.727184e-81,2.837015e-81,1.343878e-81,-3.659699e-83,-2.083780e-82,-4.076007e-82,-7.798663e-82,-8.792096e-82,-7.087324e-82,-5.979471e-82,1.553050e-82,1.490713e-81,2.390705e-81,2.785737e-81,2.351228e-81,6.784218e-83,-3.980134e-83,-1.821712e-82,-4.320656e-82,-5.725565e-82,-1.497737e-82,-4.646086e-83,1.287139e-82,9.474662e-82,1.870593e-81,2.562451e-81,2.665626e-81,1.881967e-81,1.918928e-82,-2.937692e-83,-7.158880e-83,-2.178561e-82,-2.583961e-82,-1.434396e-82,2.940097e-83,3.776123e-82,1.088606e-81,1.923780e-81,2.234207e-81,1.984591e-81,1.249091e-81,1.851304e-82,6.834275e-83,1.998261e-82,4.852425e-82,8.396900e-82,1.210270e-81,1.645860e-81,2.074045e-81,2.538368e-81,2.672639e-81,2.330402e-81,1.702026e-81,8.482294e-82,1.556887e-82,1.796598e-86,6.933457e-83,2.275903e-82,4.824220e-82,8.075565e-82,1.157345e-81,1.442631e-81,1.677199e-81,1.772358e-81,1.582310e-81,1.274495e-81,8.633438e-82,4.747199e-82,1.108548e-82,1.208777e-84,3.502950e-83,1.550544e-82,3.492171e-82,5.689617e-82,7.473430e-82,8.377556e-82,9.532279e-82,9.939335e-82,8.295375e-82,6.640181e-82,4.285119e-82,2.457132e-82,7.560571e-83,2.294930e-84,1.543135e-83,6.639531e-83,1.591305e-82,2.593905e-82,3.621699e-82,3.911465e-82,4.435336e-82,4.883013e-82,4.075216e-82,3.707134e-82,2.475105e-82,1.444534e-82,5.842531e-83,2.643232e-84,2.428942e-84,1.114852e-83,2.472991e-83,3.485470e-83,5.400862e-83,7.338099e-83,7.242466e-83,8.500552e-83,9.261083e-83,7.778672e-83,6.745163e-83,5.504208e-83,3.560011e-83,3.118150e-84,3.895574e-85,2.405558e-84,5.403111e-84,6.307208e-84,7.938875e-84,1.184341e-83,1.590357e-83,2.109181e-83,2.403826e-83,2.618893e-83,2.840755e-83,2.639530e-83,2.169461e-83,3.384726e-84,2.000480e-85,3.582570e-85,5.669646e-85,8.874851e-85,1.827296e-84,3.124447e-84,3.970489e-84,5.136142e-84,6.197107e-84,6.841190e-84,7.206832e-84,7.096923e-84,6.465832e-84,2.075721e-84,1.169565e-85,2.225185e-85,4.491790e-85,6.964922e-85,1.232594e-84,1.384292e-84,1.682141e-84,1.862536e-84,2.250003e-84,2.539854e-84,2.625778e-84,2.695345e-84,2.099974e-84,5.043119e-85
3.148311e-83,7.587223e-83,6.975722e-83,1.686898e-82,2.245402e-82,3.094478e-82,5.219969e-82,8.485143e-82,2.590193e-83,2.658841e-83,1.100688e-82,2.400119e-82,4.158064e-82,6.528218e-82,9.064578e-82,1.193729e-81,1.634487e-81,1.471495e-81,8.076545e-83,3.943038e-83,7.594502e-83,2.133738e-82,4.476968e-82,6.401467e-82,9.177394e-82,1.177859e-81,1.523710e-81,1.791954e-81,1.705401e-81,1.958257e-82,2.946552e-83,9.141411e-83,2.643522e-82,4.652103e-82,6.755755e-82,1.004832e-81,1.241267e-81,1.591147e-81,1.900875e-81,2.059208e-81,1.426385e-81,8.215316e-84,3.398660e-83,1.186789e-82,2.836261e-82,4.927565e-82,7.057892e-82,1.007559e-81,1.237643e-81,1.512190e-81,1.848271e-81,1.829355e-81,1.671985e-81,5.934333e-82,3.355767e-83,1.181857e-82,2.723234e-82,4.774830e-82,7.050108e-82,9.467339e-82,1.200714e-81,1.470820e-81,1.771890e-81,1.815326e-81,1.511419e-81,9.475190e-82,2.685631e-83,2.710691e-83,1.335041e-82,2.844773e-82,5.041151e-82,8.787283e-82,1.083140e-81,1.275454e-81,1.585772e-81,1.728787e-81,1.651153e-81,1.321906e-81,7.417436e-82,7.010708e-83,3.800537e-83,1.220338e-82,2.968364e-82,5.145357e-82,7.536989e-82,9.330758e-82,1.111615e-81,1.320105e-81,1.418094e-81,1.279582e-81,9.241714e-82,5.004554e-82,6.834275e-83,8.203272e-83,1.481048e-82,3.413720e-82,5.828175e-82,7.841774e-82,9.848236e-82,1.119364e-81,1.223204e-81,1.149197e-81,9.515374e-82,6.488577e-82,3.242137e-82,6.051860e-83,7.270467e-87,3.704556e-83,1.055770e-82,2.422137e-82,3.999681e-82,5.366731e-82,6.508944e-82,7.323077e-82,7.410916e-82,6.460480e-82,5.102616e-82,3.427605e-82,1.903458e-82,4.752123e-83,5.261982e-85,1.216950e-83,5.738245e-83,1.427822e-82,2.293783e-82,3.063563e-82,3.388681e-82,3.800116e-82,3.902976e-82,3.327284e-82,2.737502e-82,1.838728e-82,1.142675e-82,3.807815e-83,1.052564e-84,5.823250e-84,2.729264e-83,6.820832e-83,1.079583e-82,1.479486e-82,1.647765e-82,1.800315e-82,1.958674e-82,1.716733e-82,1.590797e-82,1.170585e-82,7.803389e-83,3.253353e-83,1.230293e-84,2.115930e-84,7.708995e-84,1.701299e-83,2.657496e-83,3.555522e-83,4.638430e-83,5.051009e-83,5.585852e-83,5.904533e-83,5.332792e-83,4.893893e-83,4.010125e-83,2.147547e-83,1.573178e-84,9.868505e-85,2.616211e-84,5.473272e-84,8.543064e-84,1.129014e-83,1.446746e-83,1.737781e-83,1.975577e-83,2.180755e-83,2.258309e-83,2.220306e-83,2.003035e-83,1.292456e-83,1.687352e-84,2.283851e-85,5.384131e-85,1.090579e-84,1.819379e-84,2.581421e-84,3.456197e-84,4.152938e-84,4.883027e-84,5.478503e-84,5.881769e-84,5.886249e-84,5.362500e-84,3.985345e-84,9.552940e-85,5.577197e-86,1.255094e-85,2.957235e-85,4.106907e-85,7.002256e-85,7.993007e-85,8.407245e-85,9.928845e-85,1.179909e-84,1.290378e-84,1.310491e-84,1.275909e-84,9.597714e-85,2.043682e-85
1.179572e-82,3.678925e-82,6.572975e-82,1.308095e-81,1.907541e-81,2.632903e-81,3.757582e-81,3.904334e-81,1.303497e-82,1.271434e-82,4.659047e-82,1.153547e-81,1.983938e-81,2.973110e-81,4.088607e-81,5.186579e-81,6.739291e-81,5.985185e-81,4.385207e-82,1.577207e-82,4.317247e-82,1.120082e-81,2.090642e-81,3.032826e-81,4.104789e-81,5.094786e-81,6.319203e-81,7.227409e-81,6.642338e-81,7.155955e-82,1.345576e-82,4.832365e-82,1.254974e-81,2.139596e-81,3.197312e-81,4.232201e-81,5.160506e-81,6.414201e-81,7.320146e-81,7.545188e-81,4.870199e-81,2.645852e-83,1.433878e-82,5.569920e-82,1.313388e-81,2.204820e-81,3.146402e-81,4.150177e-81,4.987528e-81,6.025996e-81,6.977146e-81,6.703989e-81,5.662114e-81,1.796979e-81,1.597426e-82,5.495671e-82,1.321659e-81,2.222789e-81,3.154757e-81,4.064033e-81,4.925850e-81,5.808510e-81,6.504840e-81,6.355364e-81,5.022499e-81,2.839012e-81,7.647681e-83,1.541401e-82,5.647910e-82,1.319810e-81,2.300143e-81,3.428644e-81,4.333038e-81,5.012414e-81,5.896421e-81,6.198797e-81,5.658115e-81,4.273140e-81,2.240656e-81,2.021852e-82,1.362679e-82,5.785003e-82,1.261315e-81,2.186687e-81,2.961024e-81,3.674061e-81,4.291335e-81,4.853390e-81,4.901929e-81,4.285412e-81,2.936561e-81,1.516774e-81,1.998261e-82,1.481048e-82,6.489117e-82,1.186796e-81,1.999607e-81,2.650945e-81,3.243110e-81,3.642035e-81,3.890171e-81,3.550816e-81,2.899551e-81,1.929486e-81,9.591163e-82,1.802849e-82,2.366737e-86,8.512612e-83,3.785532e-82,7.776543e-82,1.260162e-81,1.699189e-81,2.009346e-81,2.248367e-81,2.254236e-81,1.956587e-81,1.530344e-81,1.028375e-81,5.714433e-82,1.459602e-82,1.673955e-84,4.272363e-83,1.809593e-82,4.200122e-82,6.890579e-82,9.103359e-82,1.030446e-81,1.142085e-81,1.153617e-81,9.969340e-82,8.240229e-82,5.678889e-82,3.552665e-82,1.216059e-82,3.370011e-84,2.103509e-83,8.211839e-83,1.987396e-82,3.276400e-82,4.418635e-82,5.171442e-82,5.664554e-82,5.878298e-82,5.225472e-82,4.815598e-82,3.665243e-82,2.536894e-82,1.052391e-82,4.004423e-84,7.023911e-84,2.547298e-83,5.878675e-83,9.146822e-83,1.227050e-82,1.536563e-82,1.705657e-82,1.873909e-82,1.970912e-82,1.817212e-82,1.678157e-82,1.369187e-82,7.209668e-83,5.014027e-84,3.198801e-84,8.930929e-84,2.036953e-83,3.242210e-83,4.173267e-83,5.237046e-83,6.287492e-83,7.154679e-83,7.677529e-83,7.872201e-83,7.793645e-83,6.880415e-83,4.311764e-83,5.243473e-84,8.361264e-85,2.044008e-84,4.102472e-84,7.074039e-84,9.877716e-84,1.271582e-83,1.493358e-83,1.730108e-83,1.932587e-83,2.049287e-83,2.037132e-83,1.886796e-83,1.336191e-83,2.906307e-84,2.005134e-85,5.910150e-85,9.626447e-85,1.408059e-84,2.198996e-84,2.589433e-84,2.883836e-84,3.243158e-84,3.731002e-84,4.141293e-84,4.087845e-84,3.998237e-84,2.935180e-84,6.090467e-85
2.598135e-82,7.160869e-82,1.009874e-81,2.090997e-81,3.081875e-81,4.218235e-81,6.255243e-81,7.753856e-81,2.439080e-82,2.525349e-82,9.447427e-82,2.271057e-81,3.921469e-81,5.946471e-81,8.305095e-81,1.064724e-80,1.404900e-80,1.248734e-80,7.975653e-82,3.220333e-82,8.184875e-82,2.185021e-81,4.235924e-81,6.068160e-81,8.349078e-81,1.049805e-80,1.316979e-80,1.530451e-80,1.423127e-80,1.568105e-81,2.740831e-82,9.177552e-82,2.497826e-81,4.322005e-81,6.387463e-81,8.755850e-81,1.081420e-80,1.359065e-80,1.573311e-80,1.656522e-80,1.100717e-80,6.172274e-83,2.897571e-82,1.100397e-81,2.652216e-81,4.476906e-81,6.435993e-81,8.634121e-81,1.054387e-80,1.283944e-80,1.517706e-80,1.472644e-80,1.283616e-80,4.308923e-81,3.149974e-82,1.094188e-81,2.662910e-81,4.500797e-81,6.421805e-81,8.451342e-81,1.033381e-80,1.242168e-80,1.431541e-80,1.420668e-80,1.147686e-80,6.808585e-81,1.890447e-82,3.238909e-82,1.173666e-81,2.602079e-81,4.717747e-81,7.330113e-81,9.163444e-81,1.076085e-80,1.288038e-80,1.378239e-80,1.276637e-80,9.887214e-81,5.366487e-81,4.955168e-82,3.039521e-82,1.162461e-81,2.660746e-81,4.502742e-81,6.311962e-81,7.840362e-81,9.290601e-81,1.066101e-80,1.104173e-80,9.789519e-81,6.854616e-81,3.618487e-81,4.852425e-82,3.413720e-82,1.186796e-81,2.908322e-81,4.521936e-81,6.033768e-81,7.433370e-81,8.415141e-81,9.093967e-81,8.396711e-81,6.897527e-81,4.632220e-81,2.306872e-81,4.335323e-82,5.721095e-86,2.188853e-82,8.225061e-82,1.864917e-81,2.944459e-81,3.972453e-81,4.732655e-81,5.348526e-81,5.350786e-81,4.666578e-81,3.666874e-81,2.457180e-81,1.360831e-81,3.457640e-82,3.965956e-84,1.088493e-82,4.479949e-82,1.012600e-81,1.636055e-81,2.162929e-81,2.442874e-81,2.719093e-81,2.778098e-81,2.383272e-81,1.963132e-81,1.343236e-81,8.335411e-82,2.817823e-82,7.856858e-84,4.905474e-83,2.010835e-82,4.760169e-82,7.847473e-82,1.060565e-81,1.215003e-81,1.336110e-81,1.405707e-81,1.242044e-81,1.145313e-81,8.581435e-82,5.856175e-82,2.422936e-82,9.288250e-84,1.537295e-83,5.736982e-83,1.334246e-82,2.026449e-82,2.780249e-82,3.512330e-82,3.872667e-82,4.286137e-82,4.495981e-82,4.120561e-82,3.789025e-82,3.101730e-82,1.637721e-82,1.164401e-83,7.156320e-84,1.952563e-83,4.445157e-83,7.029353e-83,9.204785e-83,1.165697e-82,1.387590e-82,1.596308e-82,1.730628e-82,1.771593e-82,1.748640e-82,1.553993e-82,9.820171e-83,1.225796e-83,1.935719e-84,4.722565e-84,8.741513e-84,1.486880e-83,2.154789e-83,2.829819e-83,3.368052e-83,3.870130e-83,4.351923e-83,4.624285e-83,4.588670e-83,4.202746e-83,3.032055e-83,6.861775e-84,5.071059e-85,1.095347e-84,2.090483e-84,3.105583e-84,5.132834e-84,6.098241e-84,6.629928e-84,7.527796e-84,8.784384e-84,9.719297e-84,9.651263e-84,9.380463e-84,6.870945e-84,1.454001e-84
4.140561e-82,1.049251e-81,1.132680e-81,2.409629e-81,3.598712e-81,4.928199e-81,7.865765e-81,1.223838e-80,4.275372e-82,4.043743e-82,1.498307e-81,3.549107e-81,5.894101e-81,9.253856e-81,1.283485e-80,1.666412e-80,2.242372e-80,2.079287e-80,1.340911e-81,5.218317e-82,1.238661e-81,3.359079e-81,6.622351e-81,9.473998e-81,1.307818e-80,1.666087e-80,2.129551e-80,2.494156e-80,2.384168e-80,2.622238e-81,4.326996e-82,1.449139e-81,3.965589e-81,6.860783e-81,1.012697e-80,1.413148e-80,1.751375e-80,2.217208e-80,2.591753e-80,2.788842e-80,1.878077e-80,9.693192e-83,4.578395e-82,1.806924e-81,4.225046e-81,7.130923e-81,1.035945e-80,1.407939e-80,1.716204e-80,2.108143e-80,2.525138e-80,2.475123e-80,2.199015e-80,7.308539e-81,5.069641e-82,1.731842e-81,4.248585e-81,7.223688e-81,1.036346e-80,1.356142e-80,1.683251e-80,2.043612e-80,2.392797e-80,2.407164e-80,1.971116e-80,1.177665e-80,3.188861e-82,5.205757e-82,1.941467e-81,4.203127e-81,7.517866e-81,1.200887e-80,1.513085e-80,1.768715e-80,2.145430e-80,2.325517e-80,2.173560e-80,1.704106e-80,9.315365e-81,8.548673e-82,4.967042e-82,1.940190e-81,4.262001e-81,7.458565e-81,1.021121e-80,1.299178e-80,1.537290e-80,1.785454e-80,1.869115e-80,1.675369e-80,1.184199e-80,6.263145e-81,8.396900e-82,5.828175e-82,1.999607e-81,4.521936e-81,8.160260e-81,1.020821e-80,1.267094e-80,1.435968e-80,1.565268e-80,1.453410e-80,1.196880e-80,8.059224e-81,3.995183e-81,7.486652e-82,9.953546e-86,3.769129e-82,1.433793e-81,3.094690e-81,5.112987e-81,6.829104e-81,8.063934e-81,9.204916e-81,9.260283e-81,8.092933e-81,6.334200e-81,4.266862e-81,2.357675e-81,5.912604e-82,6.878965e-84,1.836663e-82,7.797545e-82,1.761851e-81,2.819857e-81,3.720996e-81,4.191849e-81,4.703087e-81,4.816226e-81,4.121236e-81,3.382629e-81,2.314963e-81,1.431308e-81,4.786019e-82,1.355003e-83,8.494892e-83,3.453156e-82,8.216361e-82,1.346382e-81,1.799023e-81,2.094609e-81,2.296722e-81,2.438393e-81,2.136608e-81,1.972997e-81,1.471800e-81,9.996891e-82,4.079363e-82,1.591067e-83,2.683447e-83,9.606818e-83,2.184844e-82,3.486321e-82,4.734588e-82,5.952397e-82,6.580595e-82,7.258930e-82,7.607889e-82,6.970276e-82,6.386082e-82,5.198849e-82,2.757738e-82,1.963492e-83,1.184866e-83,3.407514e-83,7.394386e-83,1.180324e-82,1.533337e-82,1.942274e-82,2.333209e-82,2.669434e-82,2.910118e-82,2.994080e-82,2.938636e-82,2.598408e-82,1.653902e-82,2.058315e-83,2.930005e-84,7.134730e-84,1.453090e-83,2.521440e-83,3.642859e-83,4.693599e-83,5.569665e-83,6.482979e-83,7.356154e-83,7.797289e-83,7.712739e-83,7.073947e-83,5.094668e-83,1.152063e-83,8.481739e-85,2.306453e-84,3.671627e-84,5.428177e-84,8.118143e-84,9.977242e-84,1.131574e-83,1.296929e-83,1.513520e-83,1.671061e-83,1.647094e-83,1.585884e-83,1.163547e-83,2.478170e-84
5.350086e-82,1.157455e-81,7.327287e-82,1.706891e-81,2.712614e-81,3.702807e-81,6.461098e-81,1.444471e-80,5.068037e-82,4.449870e-82,1.691334e-81,3.975852e-81,6.574259e-81,1.055426e-80,1.508617e-80,1.960780e-80,2.724870e-80,2.567781e-80,1.495314e-81,5.958395e-82,1.280519e-81,3.507293e-81,7.447592e-81,1.060529e-80,1.519350e-80,1.931723e-80,2.534165e-80,3.033577e-80,2.980405e-80,3.438920e-81,5.002019e-82,1.457845e-81,4.339521e-81,7.591124e-81,1.124204e-80,1.652215e-80,2.066921e-80,2.691730e-80,3.232133e-80,3.571544e-80,2.485927e-80,1.357077e-82,5.253413e-82,1.960614e-81,4.615167e-81,7.946037e-81,1.166581e-80,1.663286e-80,2.040311e-80,2.556726e-80,3.182455e-80,3.179141e-80,2.949605e-80,1.033644e-80,5.782220e-82,1.889207e-81,4.736858e-81,7.968500e-81,1.186321e-80,1.606067e-80,1.982888e-80,2.499338e-80,3.066736e-80,3.162122e-80,2.675296e-80,1.673287e-80,4.641189e-82,5.933165e-82,2.119436e-81,4.644191e-81,8.541520e-81,1.449294e-80,1.826067e-80,2.162810e-80,2.701158e-80,3.014014e-80,2.908736e-80,2.348040e-80,1.329363e-80,1.238976e-81,5.705846e-82,2.251788e-81,4.959004e-81,8.607867e-81,1.236338e-80,1.559636e-80,1.907831e-80,2.278681e-80,2.475927e-80,2.273398e-80,1.651240e-80,8.961633e-81,1.210270e-81,7.841774e-82,2.650945e-81,6.033768e-81,1.020821e-80,1.451302e-80,1.724374e-80,1.973683e-80,2.184782e-80,2.061237e-80,1.718886e-80,1.170202e-80,5.808027e-81,1.084251e-81,1.413452e-85,5.356419e-82,1.996456e-81,4.372039e-81,7.007304e-81,9.716463e-81,1.157294e-80,1.301622e-80,1.333088e-80,1.165118e-80,9.203532e-81,6.185576e-81,3.409980e-81,8.471259e-82,9.623897e-84,2.702484e-82,1.128354e-81,2.557868e-81,4.174819e-81,5.406010e-81,6.101332e-81,6.801853e-81,7.034518e-81,5.997935e-81,4.906820e-81,3.318308e-81,2.018539e-81,6.694356e-82,1.907127e-83,1.218402e-82,4.990680e-82,1.175245e-81,1.965471e-81,2.673840e-81,3.020563e-81,3.339075e-81,3.557840e-81,3.090991e-81,2.849188e-81,2.085662e-81,1.375312e-81,5.663105e-82,2.244463e-83,3.411488e-83,1.292053e-82,2.966483e-82,4.562171e-82,6.385744e-82,8.179023e-82,8.795207e-82,9.841409e-82,1.030507e-81,9.342434e-82,8.549142e-82,6.965543e-82,3.778001e-82,2.776218e-83,1.463102e-83,4.130644e-83,9.567525e-83,1.512786e-82,1.973411e-82,2.502605e-82,3.019897e-82,3.510200e-82,3.807824e-82,3.911444e-82,3.912934e-82,3.478722e-82,2.272092e-82,2.935029e-83,3.890115e-84,9.369788e-84,1.784324e-83,3.111979e-83,4.515851e-83,6.038344e-83,7.336953e-83,8.624814e-83,9.618214e-83,1.018931e-82,1.022486e-82,9.435120e-83,7.000335e-83,1.670459e-83,1.232944e-84,2.903389e-84,4.986028e-84,7.729864e-84,1.208503e-83,1.394999e-83,1.552526e-83,1.793704e-83,2.116472e-83,2.336142e-83,2.331954e-83,2.279132e-83,1.692787e-83,3.652084e-84
6.504683e-82,8.225420e-82,-1.855627e-81,-3.185785e-81,-4.311213e-81,-6.084606e-81,-5.408564e-81,1.262756e-80,5.302559e-82,4.040675e-82,1.574376e-81,3.154100e-81,4.540098e-81,8.397998e-81,1.247780e-80,1.746772e-80,2.648857e-80,2.796733e-80,1.330060e-81,5.844154e-82,7.090140e-82,2.412446e-81,6.105856e-81,8.516759e-81,1.330949e-80,1.803864e-80,2.525826e-80,3.186586e-80,3.390042e-80,4.119088e-81,4.395214e-82,1.005440e-81,3.668494e-81,6.428562e-81,9.688697e-81,1.580818e-80,2.063917e-80,2.820666e-80,3.577216e-80,4.223708e-80,3.123866e-80,1.592776e-82,4.650859e-82,1.832374e-81,4.112798e-81,7.153880e-81,1.107378e-80,1.653795e-80,2.103838e-80,2.742057e-80,3.629849e-80,3.756851e-80,3.735245e-80,1.364623e-80,5.567790e-82,1.610192e-81,4.245601e-81,6.955856e-81,1.085889e-80,1.555908e-80,2.018759e-80,2.712378e-80,3.589644e-80,3.880366e-80,3.434338e-80,2.261003e-80,6.247043e-82,5.513295e-82,1.956506e-81,4.193882e-81,8.039475e-81,1.517877e-80,1.964575e-80,2.356073e-80,3.096998e-80,3.617586e-80,3.638216e-80,3.058336e-80,1.796020e-80,1.696436e-81,5.586767e-82,2.305932e-81,4.944915e-81,8.803362e-81,1.302009e-80,1.698266e-80,2.113222e-80,2.676347e-80,3.045828e-80,2.888238e-80,2.169450e-80,1.206525e-80,1.645860e-81,9.848236e-82,3.243110e-81,7.433370e-81,1.267094e-80,1.724374e-80,2.248938e-80,2.540648e-80,2.844355e-80,2.745550e-80,2.303146e-80,1.590822e-80,7.886174e-81,1.461417e-81,1.880206e-85,7.171318e-82,2.586312e-81,5.607682e-81,9.201626e-81,1.253789e-80,1.530700e-80,1.740858e-80,1.770148e-80,1.562629e-80,1.234108e-80,8.324238e-81,4.588875e-81,1.121789e-81,1.272002e-83,3.543777e-82,1.507989e-81,3.406577e-81,5.548637e-81,7.311336e-81,8.161376e-81,9.142740e-81,9.430515e-81,8.046338e-81,6.554305e-81,4.393815e-81,2.652150e-81,8.643095e-82,2.489331e-83,1.604949e-82,6.632165e-82,1.577890e-81,2.585805e-81,3.536487e-81,4.004416e-81,4.425299e-81,4.739823e-81,4.100267e-81,3.776865e-81,2.721223e-81,1.765443e-81,7.191667e-82,2.903368e-83,4.253493e-83,1.617043e-82,3.650659e-82,5.629988e-82,7.880406e-82,1.013115e-81,1.095771e-81,1.222994e-81,1.291028e-81,1.157763e-81,1.050682e-81,8.549363e-82,4.743000e-82,3.549610e-83,1.673436e-83,5.108506e-83,1.132701e-82,1.751487e-82,2.253452e-82,2.925665e-82,3.590973e-82,4.197050e-82,4.574318e-82,4.756490e-82,4.761589e-82,4.258486e-82,2.860692e-82,3.774246e-83,4.389890e-84,1.035934e-83,2.074634e-83,3.570364e-83,5.276916e-83,7.108005e-83,8.568832e-83,1.016571e-82,1.160729e-82,1.234731e-82,1.241293e-82,1.154271e-82,8.755420e-83,2.173079e-83,1.501269e-84,3.771560e-84,6.393508e-84,9.381665e-84,1.500567e-83,1.762729e-83,2.015111e-83,2.303204e-83,2.702947e-83,3.011063e-83,3.005359e-83,2.943946e-83,2.202586e-83,4.853075e-84
6.820631e-82,9.062617e-83,-5.175182e-81,-9.459831e-81,-1.314493e-80,-1.835421e-80,-2.074437e-80,8.304577e-81,4.577523e-82,2.345948e-82,1.010235e-81,1.358100e-81,9.479410e-82,3.992261e-81,7.001766e-81,1.176288e-80,2.148110e-80,2.644219e-80,7.977244e-82,4.392310e-82,-2.967838e-82,1.911906e-82,3.053567e-81,3.775311e-81,8.304036e-81,1.266610e-80,2.048969e-80,2.845523e-80,3.398365e-80,4.510194e-81,2.791026e-82,-4.182118e-85,1.816672e-81,3.343356e-81,5.100998e-81,1.178869e-80,1.661058e-80,2.514062e-80,3.476877e-80,4.464282e-80,3.552941e-80,1.811304e-82,2.855211e-82,1.118549e-81,2.307579e-81,4.262106e-81,7.401959e-81,1.318788e-80,1.778063e-80,2.499684e-80,3.671220e-80,3.984105e-80,4.311773e-80,1.676729e-80,3.939979e-82,8.161741e-82,2.622008e-81,3.936807e-81,7.135984e-81,1.216193e-80,1.656331e-80,2.537420e-80,3.768983e-80,4.317582e-80,4.035475e-80,2.818001e-80,7.877433e-82,3.822246e-82,1.173162e-81,2.448400e-81,5.599377e-81,1.339341e-80,1.766484e-80,2.189221e-80,3.146417e-80,3.915418e-80,4.163510e-80,3.660341e-80,2.245722e-80,2.158070e-81,4.092052e-82,1.870094e-81,3.812342e-81,7.304713e-81,1.136141e-80,1.562548e-80,2.060704e-80,2.800777e-80,3.419120e-80,3.373998e-80,2.631470e-80,1.509212e-80,2.074045e-81,1.119364e-81,3.642035e-81,8.415141e-81,1.435968e-80,1.973683e-80,2.540648e-80,3.082682e-80,3.441624e-80,3.394962e-80,2.878463e-80,2.015987e-80,1.000206e-80,1.838886e-81,2.311272e-85,8.814787e-82,3.132237e-81,6.746884e-81,1.108757e-80,1.540315e-80,1.868776e-80,2.146227e-80,2.217839e-80,1.950857e-80,1.555589e-80,1.047140e-80,5.759463e-81,1.388760e-81,1.547627e-83,4.423591e-82,1.901611e-81,4.295066e-81,6.985211e-81,9.174732e-81,1.033244e-80,1.158384e-80,1.195059e-80,1.011420e-80,8.222769e-81,5.447642e-81,3.226456e-81,1.035544e-81,3.030503e-83,1.975980e-82,8.273720e-82,1.977696e-81,3.239847e-81,4.457448e-81,4.982756e-81,5.575181e-81,5.983292e-81,5.122318e-81,4.693034e-81,3.316513e-81,2.078836e-81,8.461166e-82,3.517726e-83,4.569269e-83,1.849631e-82,4.201342e-82,6.271518e-82,9.001036e-82,1.172117e-81,1.238416e-81,1.402753e-81,1.491048e-81,1.314973e-81,1.181405e-81,9.589003e-82,5.482369e-82,4.260982e-83,1.617955e-83,5.356966e-83,1.232637e-82,1.808960e-82,2.337023e-82,3.058258e-82,3.795782e-82,4.559504e-82,4.972915e-82,5.199648e-82,5.302413e-82,4.761587e-82,3.321552e-82,4.552606e-83,4.722533e-84,1.079623e-83,2.052210e-83,3.497348e-83,5.387572e-83,7.565390e-83,9.198690e-83,1.105141e-82,1.266157e-82,1.349174e-82,1.367979e-82,1.285349e-82,1.010007e-82,2.665540e-83,1.752073e-84,4.118399e-84,7.290850e-84,1.111004e-83,1.823846e-83,2.081043e-83,2.423071e-83,2.718085e-83,3.223519e-83,3.603581e-83,3.620608e-83,3.593910e-83,2.719338e-83,6.101461e-84
6.513388e-82,-1.038803e-81,-9.732604e-81,-1.820089e-80,-2.543925e-80,-3.544826e-80,-4.220904e-80,8.747564e-82,3.336008e-82,-4.867765e-83,5.621303e-83,-1.458407e-81,-4.652324e-81,-3.121201e-81,-2.100573e-81,1.918622e-81,1.184618e-80,2.203574e-80,-7.302843e-83,1.667926e-82,-1.803623e-81,-3.219652e-81,-1.969116e-81,-3.825657e-81,-2.931300e-82,3.408486e-81,1.142290e-80,2.063733e-80,3.108928e-80,4.627097e-81,-7.664888e-84,-1.508828e-81,-1.178488e-81,-1.656665e-81,-2.178965e-81,4.409863e-81,8.988797e-81,1.806627e-80,2.993321e-80,4.411569e-80,3.875488e-80,1.870310e-82,-2.397081e-83,-2.663912e-83,-6.375414e-82,-4.650500e-82,1.376697e-81,6.878120e-81,1.119890e-80,1.917769e-80,3.393033e-80,3.960314e-80,4.792648e-80,1.976806e-80,1.091140e-82,-4.897024e-82,-1.424379e-82,-1.168887e-81,8.535070e-82,5.528918e-81,9.527187e-81,2.046605e-80,3.688148e-80,4.588383e-80,4.589902e-80,3.399966e-80,9.517791e-82,7.138563e-83,-7.480439e-83,-4.265520e-82,1.265584e-81,9.437143e-81,1.341243e-80,1.737661e-80,2.924046e-80,4.031042e-80,4.576907e-80,4.249352e-80,2.729443e-80,2.649443e-81,1.503855e-82,1.047148e-81,1.739297e-81,4.207327e-81,7.962372e-81,1.206543e-80,1.778322e-80,2.745536e-80,3.670996e-80,3.814946e-80,3.100757e-80,1.830821e-80,2.538368e-81,1.223204e-81,3.890171e-81,9.093967e-81,1.565268e-80,2.184782e-80,2.844355e-80,3.441624e-80,4.095130e-80,4.089061e-80,3.505698e-80,2.487360e-80,1.228742e-80,2.251282e-81,2.797959e-85,1.056495e-81,3.663630e-81,7.850392e-81,1.301465e-80,1.820658e-80,2.241368e-80,2.567503e-80,2.690361e-80,2.386922e-80,1.900885e-80,1.286609e-80,7.043408e-81,1.670324e-81,1.880175e-83,5.364683e-82,2.329145e-81,5.236865e-81,8.542264e-81,1.119409e-80,1.262697e-80,1.426551e-80,1.475123e-80,1.241337e-80,1.002059e-80,6.588921e-81,3.836973e-81,1.200707e-81,3.648949e-83,2.396889e-82,1.007772e-81,2.403960e-81,3.931581e-81,5.434142e-81,6.044713e-81,6.788370e-81,7.366880e-81,6.234946e-81,5.692780e-81,3.943459e-81,2.397249e-81,9.591029e-82,4.185058e-83,4.883801e-83,2.025548e-82,4.559565e-82,6.774829e-82,9.936594e-82,1.308746e-81,1.355868e-81,1.554842e-81,1.664852e-81,1.448221e-81,1.282084e-81,1.033171e-81,6.102946e-82,4.983519e-83,1.431210e-83,5.454105e-83,1.239955e-82,1.733835e-82,2.207995e-82,2.993400e-82,3.831465e-82,4.717103e-82,5.216477e-82,5.509432e-82,5.685092e-82,5.112358e-82,3.719903e-82,5.315354e-83,4.493764e-84,9.601302e-84,1.832801e-83,3.106976e-83,5.081031e-83,7.483361e-83,9.241603e-83,1.145602e-82,1.341449e-82,1.436719e-82,1.463182e-82,1.382532e-82,1.122991e-82,3.164447e-83,2.033665e-84,4.750329e-84,8.158588e-84,1.249912e-83,2.042942e-83,2.348290e-83,2.831817e-83,3.169372e-83,3.778418e-83,4.256485e-83,4.292335e-83,4.256938e-83,3.243259e-83,7.462571e-84
5.036646e-82,-2.315582e-81,-1.404987e-80,-2.639632e-80,-3.715198e-80,-5.155930e-80,-6.271568e-80,-8.652267e-81,1.066075e-82,-3.827122e-82,-1.121659e-81,-4.818436e-81,-1.101715e-80,-1.161060e-80,-1.332123e-80,-1.097535e-80,-2.476909e-81,1.289981e-80,-1.119784e-81,-1.890218e-82,-3.377178e-81,-6.917473e-81,-7.905160e-81,-1.262886e-80,-1.085353e-80,-8.766291e-81,-1.797708e-81,7.634340e-81,2.256011e-80,4.071628e-81,-3.557217e-82,-3.124428e-81,-4.663895e-81,-7.622413e-81,-1.086636e-80,-5.302815e-81,-2.131035e-81,6.327713e-81,1.915116e-80,3.632232e-80,3.656608e-80,1.643374e-82,-4.012536e-82,-1.412259e-81,-4.108115e-81,-6.187592e-81,-6.242289e-81,-2.045075e-81,1.222715e-81,8.736626e-81,2.496605e-80,3.286428e-80,4.600055e-80,2.028530e-80,-2.462807e-82,-1.985972e-81,-3.498197e-81,-7.162824e-81,-7.033414e-81,-3.432675e-81,-7.351507e-82,1.090169e-80,2.986223e-80,4.175217e-80,4.510079e-80,3.553310e-80,9.962664e-82,-3.193170e-82,-1.603633e-81,-3.843377e-81,-4.296787e-81,2.996925e-81,5.911660e-81,9.032734e-81,2.167110e-80,3.488616e-80,4.337451e-80,4.265232e-80,2.859449e-80,2.809551e-81,-1.924523e-82,-1.316544e-82,-1.063246e-81,-2.456903e-82,2.438455e-81,5.897473e-81,1.130330e-80,2.219594e-80,3.371534e-80,3.710261e-80,3.153462e-80,1.913548e-80,2.672639e-81,1.149197e-81,3.550816e-81,8.396711e-81,1.453410e-80,2.061237e-80,2.745550e-80,3.394962e-80,4.089061e-80,4.282365e-80,3.669501e-80,2.635522e-80,1.298269e-80,2.367439e-81,2.911634e-85,1.091093e-81,3.688412e-81,7.840937e-81,1.311249e-80,1.851003e-80,2.302661e-80,2.651934e-80,2.799603e-80,2.498642e-80,2.001158e-80,1.351230e-80,7.395637e-81,1.727253e-81,1.957923e-83,5.559395e-82,2.444193e-81,5.487179e-81,8.958970e-81,1.172230e-80,1.322779e-80,1.500236e-80,1.557927e-80,1.305850e-80,1.049497e-80,6.816188e-81,3.911833e-81,1.195899e-81,3.761902e-83,2.463025e-82,1.048690e-81,2.515650e-81,4.090088e-81,5.693610e-81,6.262777e-81,7.086349e-81,7.735899e-81,6.505765e-81,5.920671e-81,4.018318e-81,2.360874e-81,9.325778e-82,4.256677e-83,4.300035e-83,1.909730e-82,4.274675e-82,6.161485e-82,9.304890e-82,1.248622e-81,1.264303e-81,1.469257e-81,1.592330e-81,1.357767e-81,1.182291e-81,9.435203e-82,5.802213e-82,4.984027e-83,9.346990e-84,4.489329e-83,1.054446e-82,1.358966e-82,1.680163e-82,2.393532e-82,3.198656e-82,4.105942e-82,4.573065e-82,4.902890e-82,5.156786e-82,4.656464e-82,3.553402e-82,5.313078e-83,3.539758e-84,6.868844e-84,1.288904e-83,2.149904e-83,3.839916e-83,6.123157e-83,7.730391e-83,9.948704e-83,1.189852e-82,1.280129e-82,1.318274e-82,1.259238e-82,1.063167e-82,3.205635e-83,1.999061e-84,4.575132e-84,7.894558e-84,1.204595e-83,2.033353e-83,2.273564e-83,2.831788e-83,3.140485e-83,3.764109e-83,4.283674e-83,4.337531e-83,4.330373e-83,3.317405e-83,7.744275e-84
3.728919e-82,-2.356441e-81,-1.314487e-80,-2.475795e-80,-3.484176e-80,-4.834013e-80,-5.930645e-80,-1.026710e-80,3.051393e-83,-4.463790e-82,-1.361267e-81,-5.179387e-81,-1.138840e-80,-1.257325e-80,-1.481416e-80,-1.341426e-80,-6.612497e-81,7.921085e-81,-1.284498e-81,-2.943489e-82,-3.390872e-81,-7.140896e-81,-8.727446e-81,-1.369740e-80,-1.280526e-80,-1.162829e-80,-6.050367e-81,1.922985e-81,1.607587e-80,3.255607e-81,-4.261019e-82,-3.225433e-81,-5.194690e-81,-8.566866e-81,-1.227643e-80,-7.929687e-81,-5.694947e-81,1.262223e-81,1.241592e-80,2.803258e-80,3.017486e-80,1.344603e-82,-4.735004e-82,-1.707709e-81,-4.759637e-81,-7.318190e-81,-8.071235e-81,-4.925255e-81,-2.551022e-81,3.670935e-81,1.797258e-80,2.545004e-80,3.839021e-80,1.741720e-80,-3.385237e-82,-2.230292e-81,-4.183057e-81,-8.243869e-81,-8.776041e-81,-6.130356e-81,-4.340034e-81,5.815971e-81,2.284892e-80,3.391617e-80,3.804328e-80,3.076776e-80,8.660245e-82,-4.127128e-82,-1.924071e-81,-4.517489e-81,-5.649334e-81,1.940406e-82,2.231029e-81,4.671358e-81,1.572247e-80,2.763574e-80,3.594537e-80,3.635602e-80,2.483206e-80,2.450711e-81,-2.879113e-82,-5.471700e-82,-1.926976e-81,-1.873891e-81,3.022733e-83,2.676675e-81,7.304271e-81,1.694270e-80,2.756500e-80,3.119981e-80,2.703188e-80,1.663764e-80,2.330402e-81,9.515374e-82,2.899551e-81,6.897527e-81,1.196880e-80,1.718886e-80,2.303146e-80,2.878463e-80,3.505698e-80,3.669501e-80,3.228019e-80,2.303911e-80,1.134568e-80,2.067605e-81,2.543555e-85,9.451078e-82,3.159147e-81,6.706755e-81,1.125079e-80,1.594473e-80,1.990946e-80,2.294012e-80,2.438413e-80,2.174452e-80,1.746535e-80,1.182744e-80,6.440998e-81,1.500043e-81,1.694170e-83,4.855126e-82,2.137097e-81,4.786263e-81,7.831694e-81,1.023139e-80,1.155557e-80,1.311793e-80,1.364152e-80,1.143457e-80,9.168899e-81,5.921306e-81,3.366889e-81,1.025196e-81,3.253791e-83,2.143212e-82,9.160608e-82,2.193216e-81,3.562921e-81,4.976656e-81,5.454826e-81,6.188252e-81,6.770875e-81,5.664730e-81,5.164266e-81,3.470266e-81,2.007025e-81,7.922675e-82,3.680709e-83,3.458521e-83,1.587325e-82,3.549094e-82,5.062402e-82,7.755059e-82,1.048575e-81,1.048533e-81,1.226989e-81,1.332522e-81,1.126935e-81,9.761676e-82,7.763504e-82,4.881025e-82,4.293432e-83,6.156215e-84,3.454239e-83,8.302895e-83,1.027179e-82,1.245564e-82,1.817904e-82,2.501250e-82,3.284963e-82,3.663346e-82,3.962488e-82,4.218701e-82,3.816911e-82,2.995420e-82,4.585346e-83,2.661016e-84,4.805264e-84,8.927680e-84,1.478363e-83,2.815340e-83,4.719209e-83,6.057078e-83,7.964036e-83,9.583028e-83,1.033861e-82,1.076917e-82,1.034765e-82,8.950788e-83,2.788016e-83,1.743701e-84,3.951337e-84,6.691342e-84,1.032158e-83,1.744241e-83,1.917086e-83,2.416165e-83,2.681728e-83,3.222454e-83,3.677826e-83,3.748181e-83,3.749514e-83,2.886583e-83,6.803124e-84
2.778546e-82,-1.909276e-81,-1.047915e-80,-1.994803e-80,-2.816190e-80,-3.920358e-80,-4.841564e-80,-1.039487e-80,-5.878164e-83,-4.221482e-82,-1.320373e-81,-4.757819e-81,-1.011871e-80,-1.171208e-80,-1.424202e-80,-1.382172e-80,-9.500609e-81,2.325610e-81,-1.281050e-81,-3.261326e-82,-2.938400e-81,-6.312610e-81,-8.217648e-81,-1.271477e-80,-1.266793e-80,-1.240612e-80,-8.934327e-81,-3.199145e-81,8.139156e-81,2.077550e-81,-4.229833e-82,-2.834905e-81,-4.895689e-81,-8.109670e-81,-1.171951e-80,-9.023455e-81,-7.815803e-81,-3.340394e-81,4.961984e-81,1.700748e-80,2.034075e-80,9.114676e-83,-4.625929e-82,-1.704557e-81,-4.596684e-81,-7.191035e-81,-8.404914e-81,-6.653964e-81,-5.301590e-81,-1.196013e-81,9.389436e-81,1.554650e-80,2.631123e-80,1.245208e-80,-3.723710e-82,-2.103328e-81,-4.154416e-81,-7.952077e-81,-8.996285e-81,-7.514070e-81,-6.639956e-81,6.779607e-82,1.351323e-80,2.233778e-80,2.649376e-80,2.225313e-80,6.322071e-82,-4.280293e-82,-1.895373e-81,-4.403048e-81,-5.945163e-81,-2.149849e-81,-1.125231e-81,3.551370e-82,8.398352e-81,1.746943e-80,2.436524e-80,2.559648e-80,1.800024e-80,1.794796e-81,-3.216797e-82,-7.992268e-82,-2.366882e-81,-2.898756e-81,-1.950432e-81,-3.444908e-82,2.870289e-81,1.005612e-80,1.826637e-80,2.153802e-80,1.922651e-80,1.206641e-80,1.702026e-81,6.488577e-82,1.929486e-81,4.632220e-81,8.059224e-81,1.170202e-80,1.590822e-80,2.015987e-80,2.487360e-80,2.635522e-80,2.303911e-80,1.695048e-80,8.297511e-81,1.505263e-81,1.785158e-85,6.805047e-82,2.244086e-81,4.742959e-81,7.995745e-81,1.138872e-80,1.429194e-80,1.651114e-80,1.761579e-80,1.576156e-80,1.265815e-80,8.601009e-81,4.699512e-81,1.083732e-81,1.200733e-83,3.506455e-82,1.554319e-81,3.475527e-81,5.687068e-81,7.441040e-81,8.394149e-81,9.552905e-81,9.937909e-81,8.309009e-81,6.649961e-81,4.277732e-81,2.419575e-81,7.318916e-82,2.315615e-83,1.546928e-82,6.649280e-82,1.592556e-81,2.579597e-81,3.616472e-81,3.940537e-81,4.478342e-81,4.916273e-81,4.093978e-81,3.721017e-81,2.485195e-81,1.418129e-81,5.613192e-82,2.628747e-83,2.262517e-83,1.081498e-82,2.413134e-82,3.395880e-82,5.285846e-82,7.221017e-82,7.100273e-82,8.347801e-82,9.147957e-82,7.625164e-82,6.606618e-82,5.293471e-82,3.422177e-82,3.066747e-83,2.802988e-84,2.179364e-83,5.243377e-83,5.972505e-83,7.091928e-83,1.085410e-82,1.540138e-82,2.088382e-82,2.353735e-82,2.576387e-82,2.815916e-82,2.585787e-82,2.110282e-82,3.301479e-83,1.618121e-84,2.518178e-84,4.512995e-84,7.226792e-84,1.581876e-83,2.855578e-83,3.699339e-83,5.000984e-83,6.134430e-83,6.679032e-83,7.074895e-83,6.993387e-83,6.292278e-83,2.038538e-83,1.202897e-84,2.622917e-84,4.605191e-84,7.085882e-84,1.225383e-83,1.339465e-83,1.700425e-83,1.871165e-83,2.261830e-83,2.592792e-83,2.653956e-83,2.700865e-83,2.102054e-83,5.022759e-84
1.664666e-82,-8.867111e-82,-5.195229e-81,-9.951649e-81,-1.406435e-80,-1.960846e-80,-2.414958e-80,-5.168744e-81,-3.469234e-83,-2.014278e-82,-6.403750e-82,-2.373297e-81,-5.046743e-81,-5.892309e-81,-7.118554e-81,-6.895543e-81,-4.717795e-81,1.068121e-81,-6.469654e-82,-1.580903e-82,-1.462993e-81,-3.148313e-81,-4.105284e-81,-6.337638e-81,-6.332636e-81,-6.156738e-81,-4.463177e-81,-1.574150e-81,4.010736e-81,1.040021e-81,-2.069168e-82,-1.407697e-81,-2.443948e-81,-4.035526e-81,-5.861554e-81,-4.518269e-81,-3.822622e-81,-1.686642e-81,2.495260e-81,8.491306e-81,1.015880e-80,4.977484e-83,-2.265062e-82,-8.528483e-82,-2.290892e-81,-3.580662e-81,-4.200516e-81,-3.353073e-81,-2.600387e-81,-6.330939e-82,4.671166e-81,7.723971e-81,1.313157e-80,6.252419e-81,-1.858709e-82,-1.040466e-81,-2.066826e-81,-3.949158e-81,-4.486164e-81,-3.727496e-81,-3.285409e-81,3.356847e-82,6.712702e-81,1.104456e-80,1.312728e-80,1.112638e-80,3.212206e-82,-2.094492e-82,-9.358490e-82,-2.190717e-81,-2.953455e-81,-1.050371e-81,-5.603952e-82,2.209845e-82,4.161153e-81,8.621250e-81,1.205826e-80,1.263791e-80,8.946429e-81,9.014433e-82,-1.576767e-82,-3.924980e-82,-1.173768e-81,-1.442544e-81,-9.724691e-82,-1.740043e-82,1.451226e-81,4.954742e-81,9.026742e-81,1.060314e-80,9.503601e-81,6.014891e-81,8.482294e-82,3.242137e-82,9.591163e-82,2.306872e-81,3.995183e-81,5.808027e-81,7.886174e-81,1.000206e-80,1.228742e-80,1.298269e-80,1.134568e-80,8.297511e-81,4.224309e-81,7.457178e-82,8.458213e-86,3.374750e-82,1.113654e-81,2.350674e-81,3.953793e-81,5.647453e-81,7.072136e-81,8.190498e-81,8.705961e-81,7.767049e-81,6.257894e-81,4.231247e-81,2.328236e-81,5.387768e-82,5.621957e-84,1.738661e-82,7.689090e-82,1.721404e-81,2.811096e-81,3.683599e-81,4.147444e-81,4.720408e-81,4.911336e-81,4.097622e-81,3.274170e-81,2.106938e-81,1.193058e-81,3.657918e-82,1.098521e-83,7.676253e-83,3.291884e-82,7.880026e-82,1.278716e-81,1.790393e-81,1.942282e-81,2.205446e-81,2.418551e-81,2.011401e-81,1.825309e-81,1.217545e-81,7.007695e-82,2.820301e-82,1.270193e-83,1.145463e-83,5.405202e-83,1.204518e-82,1.689696e-82,2.625326e-82,3.576080e-82,3.503776e-82,4.101263e-82,4.481548e-82,3.732920e-82,3.239030e-82,2.633690e-82,1.723430e-82,1.516323e-83,1.515413e-84,1.115382e-83,2.620598e-83,2.975660e-83,3.552832e-83,5.416727e-83,7.513624e-83,1.010584e-82,1.132736e-82,1.247265e-82,1.378529e-82,1.273316e-82,1.060627e-82,1.660116e-83,8.837573e-85,1.450771e-84,2.428304e-84,3.834128e-84,8.155813e-84,1.418226e-83,1.815606e-83,2.400870e-83,2.896931e-83,3.191466e-83,3.417457e-83,3.434524e-83,3.155844e-83,1.028041e-83,5.841160e-85,1.202593e-84,2.270004e-84,3.501875e-84,6.116682e-84,6.694810e-84,8.264545e-84,9.054741e-84,1.090179e-83,1.248229e-83,1.288347e-83,1.334310e-83,1.047981e-83,2.526654e-84
3.595438e-83,-1.302336e-82,-8.581991e-82,-1.649687e-81,-2.321447e-81,-3.232679e-81,-3.970524e-81,-7.228260e-82,-1.283357e-84,-3.065231e-83,-9.609559e-83,-3.731145e-82,-7.983437e-82,-9.063794e-82,-1.071757e-81,-9.923549e-82,-5.487661e-82,4.250669e-82,-9.754517e-83,-2.364074e-83,-2.407683e-82,-5.112699e-82,-6.419795e-82,-1.001271e-81,-9.493956e-82,-8.916338e-82,-5.500799e-82,-4.385861e-84,9.487329e-82,2.056322e-82,-3.224501e-83,-2.315531e-82,-3.875718e-82,-6.341615e-82,-9.165115e-82,-6.463763e-82,-5.024918e-82,-7.825794e-83,6.773963e-82,1.736445e-81,1.924009e-81,9.141707e-84,-3.491675e-83,-1.350884e-82,-3.625175e-82,-5.578731e-82,-6.346377e-82,-4.508218e-82,-3.056099e-82,8.296005e-83,1.026490e-81,1.557657e-81,2.454259e-81,1.144304e-81,-2.858704e-83,-1.670510e-82,-3.240437e-82,-6.222315e-82,-6.833013e-82,-5.266416e-82,-4.276026e-82,2.331450e-82,1.363315e-81,2.112477e-81,2.438759e-81,2.013840e-81,5.763641e-83,-3.174579e-83,-1.486090e-82,-3.441536e-82,-4.461331e-82,-8.682910e-83,2.418701e-83,1.803224e-82,8.944021e-82,1.684928e-81,2.267355e-81,2.334222e-81,1.621088e-81,1.618321e-82,-2.320392e-83,-5.416485e-83,-1.686156e-82,-1.897641e-82,-7.929929e-83,7.493527e-83,3.763517e-82,1.004949e-81,1.717429e-81,1.983038e-81,1.744000e-81,1.091662e-81,1.556887e-82,6.051860e-83,1.802849e-82,4.335323e-82,7.486652e-82,1.084251e-81,1.461417e-81,1.838886e-81,2.251282e-81,2.367439e-81,2.067605e-81,1.505263e-81,7.457178e-82,1.420422e-82,1.637730e-86,6.113270e-83,2.032286e-82,4.312438e-82,7.235714e-82,1.030112e-81,1.284797e-81,1.485364e-81,1.579196e-81,1.412300e-81,1.136368e-81,7.732973e-82,4.226124e-82,1.004845e-82,1.116345e-84,3.150136e-83,1.389652e-82,3.112976e-82,5.091380e-82,6.664601e-82,7.502391e-82,8.533997e-82,8.886530e-82,7.441262e-82,5.963165e-82,3.877487e-82,2.219294e-82,6.796356e-83,2.130107e-84,1.396221e-83,5.981352e-83,1.426016e-82,2.317260e-82,3.249582e-82,3.538918e-82,4.013071e-82,4.407949e-82,3.684457e-82,3.355944e-82,2.254923e-82,1.321026e-82,5.280229e-83,2.445640e-84,2.110683e-84,1.001665e-83,2.241928e-83,3.167459e-83,4.887652e-83,6.662111e-83,6.607989e-83,7.771261e-83,8.497027e-83,7.176670e-83,6.300195e-83,5.117799e-83,3.269790e-83,2.875800e-84,3.260975e-85,2.067591e-84,4.938133e-84,5.877897e-84,7.313953e-84,1.074439e-83,1.476665e-83,2.004121e-83,2.258916e-83,2.462660e-83,2.683216e-83,2.489901e-83,2.006772e-83,3.099253e-84,1.732168e-85,3.109403e-85,5.177210e-85,8.176914e-85,1.646958e-84,2.880294e-84,3.695095e-84,4.903366e-84,5.949899e-84,6.511871e-84,6.915044e-84,6.786022e-84,6.047978e-84,1.910490e-84,1.076755e-85,2.174281e-85,4.059213e-85,6.391972e-85,1.112574e-84,1.232072e-84,1.546494e-84,1.713853e-84,2.076435e-84,2.363298e-84,2.452485e-84,2.492139e-84,1.931763e-84,4.607411e-85
-2.904158e-87,-2.606121e-86,-1.031194e-85,-1.686471e-85,-2.379891e-85,-3.183119e-85,-4.051165e-85,-3.141890e-86,2.089719e-87,-3.277523e-87,-9.646863e-87,-3.002549e-86,-6.610874e-86,-6.354156e-86,-5.754345e-86,-4.146234e-86,2.433613e-86,1.224092e-85,-3.781999e-87,-1.897666e-87,-2.049114e-86,-3.960006e-86,-4.044050e-86,-6.778670e-86,-5.636655e-86,-4.471691e-86,1.991730e-86,8.758735e-86,1.919053e-85,2.976003e-86,-2.341046e-87,-1.955132e-86,-2.668533e-86,-4.456018e-86,-5.912412e-86,-1.904959e-86,-3.190372e-88,7.444861e-86,1.470393e-85,2.771009e-85,2.645502e-85,9.384415e-88,-2.560976e-87,-7.690171e-87,-2.340277e-86,-3.636102e-86,-2.926663e-86,-9.382034e-88,2.071338e-86,8.044483e-86,1.909580e-85,2.401876e-85,3.243624e-85,1.374049e-85,-7.087788e-88,-1.222190e-86,-1.778400e-86,-3.776756e-86,-3.546747e-86,-1.291260e-86,6.128467e-87,8.793067e-86,2.229294e-85,2.925521e-85,3.129148e-85,2.372296e-85,6.503737e-87,-1.565816e-87,-1.004502e-86,-2.207756e-86,-2.162314e-86,2.683727e-86,4.828779e-86,7.097819e-86,1.582069e-85,2.540939e-85,3.018854e-85,2.968511e-85,1.911012e-85,1.862239e-86,-1.328066e-87,1.675989e-88,-2.454490e-87,2.576521e-87,2.278180e-86,4.835507e-86,8.520170e-86,1.602783e-85,2.399498e-85,2.625260e-85,2.184259e-85,1.272609e-85,1.796598e-86,7.270467e-87,2.366737e-86,5.721095e-86,9.953546e-86,1.413452e-85,1.880206e-85,2.311272e-85,2.797959e-85,2.911634e-85,2.543555e-85,1.785158e-85,8.458213e-86,1.637730e-86,6.775122e-90,7.335334e-87,2.442028e-86,5.381275e-86,8.875583e-86,1.255202e-85,1.553073e-85,1.797917e-85,1.902460e-85,1.707942e-85,1.369440e-85,9.251198e-86,4.919574e-86,1.169716e-86,2.103883e-88,3.848088e-87,1.649741e-86,3.722754e-86,6.132910e-86,7.939973e-86,8.923553e-86,1.009549e-85,1.070975e-85,8.978985e-86,7.242502e-86,4.753831e-86,2.617970e-86,7.743211e-87,3.342851e-88,1.669831e-87,7.128825e-87,1.699453e-86,2.822042e-86,3.881747e-86,4.276291e-86,4.909128e-86,5.381168e-86,4.498558e-86,4.159483e-86,2.830589e-86,1.589704e-86,5.975820e-87,3.565008e-88,2.833871e-88,1.266823e-87,2.813908e-87,3.939697e-87,6.486429e-87,8.421559e-87,8.913069e-87,1.066727e-86,1.124104e-86,9.662938e-87,8.270432e-87,6.154795e-87,3.645514e-87,3.466573e-88,4.469168e-89,2.529025e-88,6.718470e-88,8.878936e-88,1.146197e-87,1.582665e-87,2.234185e-87,3.007279e-87,3.180695e-87,3.330517e-87,3.179483e-87,2.672128e-87,2.073444e-87,3.432584e-88,1.779889e-89,4.328559e-89,7.812669e-89,1.318549e-88,2.684224e-88,4.505833e-88,5.916635e-88,7.568105e-88,9.382724e-88,9.597308e-88,9.882380e-88,8.488600e-88,7.004411e-88,2.090979e-88,1.726400e-89,3.919894e-89,4.872255e-89,8.961638e-89,1.298506e-88,1.461368e-88,2.025390e-88,2.271065e-88,2.805605e-88,3.070319e-88,3.114661e-88,2.795145e-88,2.132928e-88,5.272066e-89
1.187730e-83,-4.993910e-83,-3.108524e-82,-5.715480e-82,-8.158559e-82,-1.141295e-81,-1.393052e-81,-1.621889e-82,2.835338e-84,-9.886840e-84,-1.965981e-83,-1.043126e-82,-2.346893e-82,-2.317631e-82,-2.632663e-82,-1.887970e-82,3.427117e-83,3.527570e-82,-2.755101e-83,-2.500387e-84,-8.083318e-83,-1.608198e-82,-1.776160e-82,-2.810605e-82,-2.328461e-82,-1.741596e-82,4.967369e-84,2.313124e-82,5.644924e-82,1.029918e-82,-8.765277e-84,-7.489218e-83,-1.095335e-82,-1.761557e-82,-2.540883e-82,-1.007042e-82,-2.081050e-83,1.907815e-82,5.119408e-82,9.287541e-82,9.254764e-82,4.828947e-84,-8.781535e-84,-3.356460e-83,-9.625482e-83,-1.393391e-82,-1.406554e-82,-2.903068e-83,6.564658e-83,2.425734e-82,6.475297e-82,8.401077e-82,1.168932e-81,5.215973e-82,-4.901110e-84,-4.718802e-83,-8.738736e-83,-1.733355e-82,-1.648242e-82,-7.328790e-83,8.678481e-84,2.952117e-82,7.735227e-82,1.066423e-81,1.145997e-81,9.114319e-82,2.632527e-83,-8.153562e-84,-3.424433e-83,-9.393254e-83,-1.071681e-82,9.667279e-83,1.616103e-82,2.473620e-82,5.718364e-82,8.928044e-82,1.105216e-81,1.086861e-81,7.318070e-82,7.269011e-83,-7.474980e-84,-2.043428e-84,-2.200747e-83,-5.429137e-84,7.733668e-83,1.627115e-82,2.963103e-82,5.734458e-82,8.652149e-82,9.458812e-82,8.072732e-82,4.933571e-82,6.933457e-83,3.704556e-83,8.512612e-83,2.188853e-82,3.769129e-82,5.356419e-82,7.171318e-82,8.814787e-82,1.056495e-81,1.091093e-81,9.451078e-82,6.805047e-82,3.374750e-82,6.113270e-83,7.335334e-87,4.162098e-83,9.607694e-83,2.050004e-82,3.460165e-82,4.828025e-82,6.047162e-82,6.940359e-82,7.312966e-82,6.495214e-82,5.200449e-82,3.510896e-82,1.918383e-82,4.476384e-83,4.804591e-85,1.833066e-83,6.265899e-83,1.431366e-82,2.348032e-82,3.096254e-82,3.452002e-82,3.930584e-82,4.086063e-82,3.412569e-82,2.746260e-82,1.772651e-82,1.019709e-82,3.143689e-83,9.490734e-85,6.124147e-84,2.603899e-83,6.662404e-83,1.075969e-82,1.500313e-82,1.628680e-82,1.840798e-82,2.028084e-82,1.697167e-82,1.550311e-82,1.052512e-82,6.136375e-83,2.477141e-83,1.083928e-84,1.087331e-84,4.919308e-84,1.138666e-83,1.667395e-83,2.448891e-83,3.284469e-83,3.348255e-83,3.831620e-83,4.145370e-83,3.499776e-83,3.064295e-83,2.464788e-83,1.522238e-83,1.311644e-84,3.276210e-85,1.317272e-84,2.825302e-84,3.501740e-84,4.293846e-84,6.178171e-84,8.360519e-84,1.041340e-83,1.164791e-83,1.264318e-83,1.324264e-83,1.212504e-83,9.358276e-84,1.430455e-84,9.997012e-86,1.831867e-85,3.728222e-85,5.879182e-85,1.019758e-84,1.593981e-84,2.024923e-84,2.561517e-84,3.030684e-84,3.287328e-84,3.405824e-84,3.259808e-84,2.816052e-84,8.637007e-85,5.024377e-86,1.071364e-85,2.206609e-85,3.206146e-85,5.691590e-85,6.057401e-85,7.123439e-85,8.102673e-85,9.787613e-85,1.105663e-84,1.131316e-84,1.134366e-84,8.854614e-85,2.083638e-85
5.865801e-83,-5.421309e-83,-6.389188e-82,-1.184969e-81,-1.635725e-81,-2.321185e-81,-2.729169e-81,4.994809e-82,4.079450e-83,1.196169e-84,3.786599e-83,-1.502337e-83,-1.752204e-82,4.044287e-83,2.161388e-82,6.546648e-82,1.573317e-81,2.248489e-81,3.323261e-83,2.488752e-83,-1.194451e-82,-1.828052e-82,-1.542701e-83,-9.984055e-83,2.711963e-82,6.264099e-82,1.340174e-81,2.147354e-81,2.931517e-81,4.246512e-82,6.443982e-84,-9.669032e-83,-2.784256e-83,-1.465207e-83,1.766824e-83,6.060949e-82,1.050166e-81,1.864953e-81,2.903869e-81,4.041048e-81,3.460238e-81,1.821200e-83,4.901036e-84,2.378841e-83,1.357916e-83,7.741289e-83,2.815863e-82,7.606979e-82,1.189618e-81,1.907457e-81,3.193572e-81,3.655654e-81,4.293381e-81,1.753840e-81,1.735562e-83,-1.001429e-83,5.294191e-83,8.268385e-84,2.210246e-82,6.703530e-82,1.042946e-81,2.013276e-81,3.424806e-81,4.173616e-81,4.119746e-81,3.018634e-81,8.554484e-83,1.595621e-83,2.026665e-83,2.984042e-83,2.084500e-82,9.320457e-82,1.332428e-81,1.706639e-81,2.748597e-81,3.687149e-81,4.148608e-81,3.799224e-81,2.435099e-81,2.364570e-82,1.468366e-83,1.007563e-82,2.012860e-82,4.524639e-82,7.941382e-82,1.182137e-81,1.691672e-81,2.548954e-81,3.335944e-81,3.441244e-81,2.785247e-81,1.648528e-81,2.275903e-82,1.055770e-82,3.785532e-82,8.225061e-82,1.433793e-81,1.996456e-81,2.586312e-81,3.132237e-81,3.663630e-81,3.688412e-81,3.159147e-81,2.244086e-81,1.113654e-81,2.032286e-82,2.442028e-86,9.607694e-83,3.937598e-82,7.212837e-82,1.193079e-81,1.673045e-81,2.047961e-81,2.346060e-81,2.451334e-81,2.170465e-81,1.731209e-81,1.167648e-81,6.387183e-82,1.518569e-82,1.651988e-84,4.672153e-83,2.270808e-82,4.791141e-82,7.784043e-82,1.028384e-81,1.159439e-81,1.309324e-81,1.349117e-81,1.134998e-81,9.160835e-82,6.012769e-82,3.496151e-82,1.105026e-82,3.314441e-84,2.026172e-83,9.038278e-83,2.181968e-82,3.583147e-82,5.021404e-82,5.608689e-82,6.271021e-82,6.761648e-82,5.727013e-82,5.211955e-82,3.616910e-82,2.188464e-82,8.858533e-83,3.832429e-84,4.538029e-84,1.839245e-83,4.251799e-83,6.338372e-83,9.237178e-83,1.208622e-82,1.252929e-82,1.422815e-82,1.529207e-82,1.328661e-82,1.179805e-82,9.504173e-83,5.628707e-83,4.628546e-84,1.357867e-84,5.185059e-84,1.180160e-83,1.601189e-83,2.016047e-83,2.732627e-83,3.488677e-83,4.312972e-83,4.711475e-83,5.011796e-83,5.251474e-83,4.712226e-83,3.444128e-83,4.966567e-84,4.424343e-85,9.487939e-85,1.798440e-84,2.995428e-84,4.762713e-84,6.945173e-84,8.467647e-84,1.047912e-83,1.221086e-83,1.309840e-83,1.338088e-83,1.282548e-83,1.042438e-83,2.959536e-84,1.755725e-85,4.118495e-85,7.580549e-85,1.150205e-84,1.926445e-84,2.181524e-84,2.620399e-84,2.884501e-84,3.434053e-84,3.882753e-84,3.929080e-84,3.959994e-84,3.031096e-84,6.986178e-85
1.205500e-82,-4.643168e-83,-1.095505e-81,-1.983760e-81,-2.716457e-81,-3.902640e-81,-4.593878e-81,1.562705e-81,9.363467e-83,1.311143e-83,1.488371e-82,1.582918e-82,1.683127e-83,6.151154e-82,1.179917e-81,2.174401e-81,4.232930e-81,5.236473e-81,1.049279e-82,6.691998e-83,-1.603207e-82,-1.750302e-82,3.240090e-82,2.916146e-82,1.166261e-81,1.984063e-81,3.600153e-81,5.277271e-81,6.639436e-81,9.274723e-82,2.866112e-83,-1.287253e-82,1.301165e-82,2.997107e-82,4.720740e-82,1.833576e-81,2.829598e-81,4.615234e-81,6.737253e-81,9.036081e-81,7.480518e-81,4.104367e-83,2.979242e-83,1.170413e-82,2.151875e-82,4.715003e-82,9.873877e-82,2.119867e-81,3.079376e-81,4.613810e-81,7.261790e-81,8.127668e-81,9.251436e-81,3.742677e-81,4.866278e-83,4.836900e-83,2.851176e-82,3.274440e-82,8.773964e-82,1.876506e-81,2.765631e-81,4.767901e-81,7.687392e-81,9.095760e-81,8.819652e-81,6.381094e-81,1.823117e-82,4.265274e-83,1.115569e-82,2.289296e-82,7.275236e-82,2.353764e-81,3.188896e-81,4.058446e-81,6.255241e-81,8.140812e-81,8.966703e-81,8.120725e-81,5.140235e-81,4.987863e-82,5.608425e-83,2.913219e-82,5.566934e-82,1.180838e-81,2.002120e-81,2.825984e-81,3.931818e-81,5.704727e-81,7.299174e-81,7.413724e-81,5.941468e-81,3.485680e-81,4.824220e-82,2.422137e-82,7.776543e-82,1.864917e-81,3.094690e-81,4.372039e-81,5.607682e-81,6.746884e-81,7.850392e-81,7.840937e-81,6.706755e-81,4.742959e-81,2.350674e-81,4.312438e-82,5.381275e-86,2.050004e-82,7.212837e-82,1.661461e-81,2.578464e-81,3.569446e-81,4.380118e-81,5.009505e-81,5.219235e-81,4.615843e-81,3.679998e-81,2.480562e-81,1.354529e-81,3.233127e-82,3.528268e-84,1.047255e-82,4.473602e-82,1.048144e-81,1.673885e-81,2.182079e-81,2.460241e-81,2.774870e-81,2.872724e-81,2.415400e-81,1.950576e-81,1.284025e-81,7.488571e-82,2.372098e-82,7.066930e-84,4.688024e-83,1.961347e-82,4.696326e-82,7.673152e-82,1.062531e-81,1.189246e-81,1.332300e-81,1.440134e-81,1.222856e-81,1.115529e-81,7.775234e-82,4.718741e-82,1.918971e-82,8.181941e-84,9.937672e-84,4.111313e-83,9.387411e-83,1.383610e-82,2.011980e-82,2.635522e-82,2.751744e-82,3.120097e-82,3.328243e-82,2.901009e-82,2.590254e-82,2.092439e-82,1.221958e-82,9.962700e-84,3.132463e-84,1.125484e-83,2.601845e-83,3.629865e-83,4.654556e-83,6.218143e-83,7.852171e-83,9.594037e-83,1.054886e-82,1.117206e-82,1.154532e-82,1.038547e-82,7.471761e-83,1.072225e-83,1.021963e-84,2.204274e-84,4.020505e-84,6.777933e-84,1.095303e-83,1.583889e-83,1.934982e-83,2.350935e-83,2.727618e-83,2.916272e-83,2.971960e-83,2.802831e-83,2.273500e-83,6.374851e-84,4.261493e-85,8.998239e-85,1.639456e-84,2.525698e-84,4.296524e-84,4.858186e-84,5.630078e-84,6.295216e-84,7.524639e-84,8.446899e-84,8.562871e-84,8.504902e-84,6.495789e-84,1.489984e-84
1.883783e-82,-1.708429e-82,-2.117460e-81,-3.912130e-81,-5.428881e-81,-7.755259e-81,-9.236875e-81,1.796772e-81,1.518383e-82,-8.937637e-84,1.469011e-82,-2.958109e-83,-5.688255e-82,2.428921e-82,8.548586e-82,2.354947e-81,5.634320e-81,7.937359e-81,1.212754e-82,7.719630e-83,-4.088504e-82,-6.414378e-82,-6.916929e-83,-3.768969e-82,8.811667e-82,2.109574e-81,4.673065e-81,7.391555e-81,1.012609e-80,1.467828e-81,1.055920e-83,-3.563220e-82,-1.177987e-82,-9.365754e-83,-1.882460e-83,2.067898e-81,3.571426e-81,6.410778e-81,1.004874e-80,1.408595e-80,1.207112e-80,6.342561e-83,1.074335e-83,8.274395e-83,2.936362e-83,2.329248e-82,9.334561e-82,2.621582e-81,4.090914e-81,6.571913e-81,1.105721e-80,1.273597e-80,1.505156e-80,6.131670e-81,4.585212e-83,-6.638407e-83,1.154461e-82,-6.252320e-83,6.597295e-82,2.117899e-81,3.562651e-81,6.905988e-81,1.193303e-80,1.459518e-80,1.449042e-80,1.062759e-80,3.012078e-82,2.519722e-83,4.895057e-83,4.400263e-83,6.360495e-82,3.228940e-81,4.549548e-81,5.834625e-81,9.562773e-81,1.287577e-80,1.457087e-80,1.341934e-80,8.593210e-81,8.338168e-82,6.001684e-83,3.875046e-82,6.421193e-82,1.467630e-81,2.740918e-81,4.059899e-81,5.797221e-81,8.894038e-81,1.172801e-80,1.213685e-80,9.862863e-81,5.830814e-81,8.075565e-82,3.999681e-82,1.260162e-81,2.944459e-81,5.112987e-81,7.007304e-81,9.201626e-81,1.108757e-80,1.301465e-80,1.311249e-80,1.125079e-80,7.995745e-81,3.953793e-81,7.235714e-82,8.875583e-86,3.460165e-82,1.193079e-81,2.578464e-81,4.477059e-81,5.927947e-81,7.309387e-81,8.360600e-81,8.751093e-81,7.757971e-81,6.178015e-81,4.179670e-81,2.281725e-81,5.399580e-82,5.919706e-84,1.754658e-82,7.650630e-82,1.706185e-81,2.841222e-81,3.707537e-81,4.108657e-81,4.677188e-81,4.838333e-81,4.068497e-81,3.280142e-81,2.152072e-81,1.250705e-81,3.931526e-82,1.186691e-83,7.850749e-83,3.357396e-82,7.980013e-82,1.280827e-81,1.779308e-81,1.979101e-81,2.227993e-81,2.425583e-81,2.050452e-81,1.870259e-81,1.296966e-81,7.813367e-82,3.154815e-82,1.367439e-83,1.592976e-83,6.674003e-83,1.526782e-82,2.273777e-82,3.262123e-82,4.281792e-82,4.474511e-82,5.075287e-82,5.438620e-82,4.708207e-82,4.193974e-82,3.374941e-82,2.003618e-82,1.654720e-83,4.712641e-84,1.803035e-83,4.077039e-83,5.674015e-83,7.045823e-83,9.624666e-83,1.245612e-82,1.524336e-82,1.675038e-82,1.790375e-82,1.861065e-82,1.675412e-82,1.227882e-82,1.782411e-83,1.503129e-84,3.100773e-84,6.220562e-84,1.056835e-83,1.699081e-83,2.454889e-83,2.994709e-83,3.713824e-83,4.353609e-83,4.656761e-83,4.779735e-83,4.560890e-83,3.728391e-83,1.065061e-83,7.046404e-85,1.645768e-84,2.801458e-84,4.138716e-84,6.948154e-84,7.880573e-84,9.351485e-84,1.045031e-83,1.238128e-83,1.403897e-83,1.421705e-83,1.417409e-83,1.088755e-83,2.515865e-84
2.690746e-82,-5.113591e-82,-4.112027e-81,-7.677554e-81,-1.067697e-80,-1.506603e-80,-1.826798e-80,1.468897e-82,1.314974e-82,-6.848387e-83,-6.992660e-83,-8.125863e-82,-2.241897e-81,-1.639210e-81,-1.269403e-81,4.203265e-82,4.647968e-81,8.794325e-81,-1.378554e-82,3.881499e-83,-9.278767e-82,-1.700865e-81,-1.316255e-81,-2.328658e-81,-9.107047e-82,4.189521e-82,3.720073e-81,7.733882e-81,1.241573e-80,1.939479e-81,-4.361182e-83,-8.424622e-82,-9.187983e-82,-1.340280e-81,-1.819759e-81,9.333271e-82,2.855307e-81,6.690636e-81,1.191121e-80,1.827954e-80,1.651304e-80,8.677096e-83,-5.394785e-83,-2.062362e-82,-7.205994e-82,-8.954374e-82,-2.864114e-82,1.901597e-81,3.766763e-81,7.144550e-81,1.380922e-80,1.652713e-80,2.072371e-80,8.801899e-81,-4.213700e-84,-3.963636e-82,-4.689996e-82,-1.225262e-81,-5.432709e-82,1.426454e-81,2.992470e-81,7.852459e-81,1.538738e-80,1.960439e-80,2.007402e-80,1.524150e-80,4.356830e-82,-1.886729e-83,-2.542734e-82,-6.399781e-82,-1.315998e-82,3.365645e-81,4.910319e-81,6.666610e-81,1.195581e-80,1.702930e-80,1.985875e-80,1.874206e-80,1.231080e-80,1.206090e-81,1.951836e-83,3.104720e-82,3.714756e-82,1.188527e-81,2.740164e-81,4.526098e-81,7.042297e-81,1.142476e-80,1.581706e-80,1.673907e-80,1.385546e-80,8.321120e-81,1.157345e-81,5.366731e-82,1.699189e-81,3.972453e-81,6.829104e-81,9.716463e-81,1.253789e-80,1.540315e-80,1.820658e-80,1.851003e-80,1.594473e-80,1.138872e-80,5.647453e-81,1.030112e-81,1.255202e-85,4.828025e-82,1.673045e-81,3.569446e-81,5.927947e-81,8.602861e-81,1.025602e-80,1.176387e-80,1.235274e-80,1.095680e-80,8.764536e-81,5.911441e-81,3.227291e-81,7.623533e-82,8.274526e-84,2.491595e-82,1.083604e-81,2.429706e-81,3.948867e-81,5.230207e-81,5.882580e-81,6.581294e-81,6.848709e-81,5.738840e-81,4.621739e-81,3.021771e-81,1.744788e-81,5.455400e-82,1.644024e-83,1.117293e-82,4.700445e-82,1.119531e-81,1.827346e-81,2.524237e-81,2.797748e-81,3.138968e-81,3.419665e-81,2.883006e-81,2.625448e-81,1.801924e-81,1.075015e-81,4.340013e-82,1.901252e-83,2.103052e-83,8.888249e-83,2.033893e-82,3.000798e-82,4.443812e-82,5.838244e-82,5.995835e-82,6.878895e-82,7.384489e-82,6.372850e-82,5.631118e-82,4.538917e-82,2.728886e-82,2.286304e-83,5.573550e-84,2.286257e-83,5.281056e-83,7.063127e-83,9.071968e-83,1.249579e-82,1.606126e-82,2.013775e-82,2.211041e-82,2.356535e-82,2.480966e-82,2.241416e-82,1.674651e-82,2.464750e-83,2.000341e-84,4.186196e-84,7.515874e-84,1.262435e-83,2.100159e-83,3.174532e-83,3.960186e-83,4.927822e-83,5.736083e-83,6.159856e-83,6.323991e-83,6.056464e-83,5.060751e-83,1.483578e-83,9.114746e-85,1.899735e-84,3.597260e-84,5.595181e-84,9.531214e-84,1.073810e-83,1.283498e-83,1.428247e-83,1.716310e-83,1.929569e-83,1.961710e-83,1.972102e-83,1.513060e-83,3.534869e-84
2.885036e-82,-8.698607e-82,-5.826408e-81,-1.093924e-80,-1.534155e-80,-2.159908e-80,-2.646380e-80,-1.688825e-81,1.367173e-82,-1.568046e-82,-3.114595e-82,-1.667737e-81,-4.069100e-81,-3.917825e-81,-3.933405e-81,-2.303309e-81,2.654394e-81,9.111611e-81,-3.181660e-82,-3.514593e-83,-1.444174e-81,-2.880495e-81,-2.987051e-81,-4.790074e-81,-3.435650e-81,-2.025924e-81,1.766532e-81,6.621552e-81,1.337989e-80,2.276145e-81,-1.340205e-82,-1.369628e-81,-1.848386e-81,-3.008426e-81,-3.977713e-81,-1.112334e-81,1.034987e-81,5.531451e-81,1.228353e-80,2.061810e-80,1.977376e-80,1.003326e-82,-1.503140e-82,-5.141989e-82,-1.567560e-81,-2.234879e-81,-1.872807e-81,3.318686e-82,2.473074e-81,6.468095e-81,1.490175e-80,1.877534e-80,2.498678e-80,1.082185e-80,-7.557780e-83,-8.014913e-82,-1.366306e-81,-2.966917e-81,-2.474251e-81,-4.829377e-82,1.458145e-81,7.470008e-81,1.725762e-80,2.313713e-80,2.446027e-80,1.897016e-80,5.400411e-82,-1.260641e-82,-6.257329e-82,-1.522749e-81,-1.463618e-81,2.656671e-81,4.503752e-81,6.300680e-81,1.293109e-80,1.961949e-80,2.384657e-80,2.304779e-80,1.532665e-80,1.506514e-81,-4.835501e-83,1.106672e-82,-1.191173e-82,5.091768e-82,2.077289e-81,4.057236e-81,7.112145e-81,1.283770e-80,1.871136e-80,2.026670e-80,1.709082e-80,1.035339e-80,1.442631e-81,6.508944e-82,2.009346e-81,4.732655e-81,8.063934e-81,1.157294e-80,1.530700e-80,1.868776e-80,2.241368e-80,2.302661e-80,1.990946e-80,1.429194e-80,7.072136e-81,1.284797e-81,1.553073e-85,6.047162e-82,2.047961e-81,4.380118e-81,7.309387e-81,1.025602e-80,1.312956e-80,1.463613e-80,1.538682e-80,1.369664e-80,1.095083e-80,7.402262e-81,4.039897e-81,9.460699e-82,1.027916e-83,3.104075e-82,1.350509e-81,3.030745e-81,4.943138e-81,6.479804e-81,7.339272e-81,8.342012e-81,8.544369e-81,7.201886e-81,5.786264e-81,3.756647e-81,2.158496e-81,6.686911e-82,2.043771e-83,1.377254e-82,5.860281e-82,1.407490e-81,2.272249e-81,3.160250e-81,3.479446e-81,3.925217e-81,4.255416e-81,3.594852e-81,3.276073e-81,2.231551e-81,1.313507e-81,5.275302e-82,2.342532e-83,2.477080e-83,1.084738e-82,2.454596e-82,3.562824e-82,5.276609e-82,7.036265e-82,7.221735e-82,8.238159e-82,8.887929e-82,7.586073e-82,6.677688e-82,5.357119e-82,3.295118e-82,2.804212e-83,5.922495e-84,2.589864e-83,6.005891e-83,7.951964e-83,9.588253e-83,1.399999e-82,1.869611e-82,2.335843e-82,2.556805e-82,2.755075e-82,2.926444e-82,2.649194e-82,2.024812e-82,3.033259e-83,2.198255e-84,4.387043e-84,8.367220e-84,1.362673e-83,2.274763e-83,3.562161e-83,4.410653e-83,5.611725e-83,6.648353e-83,7.157414e-83,7.442838e-83,7.204780e-83,6.099429e-83,1.833150e-83,1.147887e-84,2.538049e-84,4.652717e-84,6.724817e-84,1.197313e-83,1.340204e-83,1.588299e-83,1.764714e-83,2.074635e-83,2.378555e-83,2.412023e-83,2.439835e-83,1.885091e-83,4.404880e-84
3.389711e-82,-1.147549e-81,-7.486746e-81,-1.410982e-80,-1.980911e-80,-2.781886e-80,-3.406942e-80,-3.657157e-81,9.937784e-83,-2.148604e-82,-5.223004e-82,-2.460563e-81,-5.686003e-81,-5.647370e-81,-6.215334e-81,-4.505600e-81,8.427739e-82,8.823728e-81,-5.929913e-82,-8.112345e-83,-1.913682e-81,-3.798400e-81,-4.137260e-81,-6.690393e-81,-5.461064e-81,-4.098710e-81,1.884969e-82,5.838975e-81,1.413733e-80,2.507882e-81,-1.911589e-82,-1.791768e-81,-2.616687e-81,-4.170258e-81,-5.923288e-81,-2.385321e-81,-2.110274e-82,4.883245e-81,1.260423e-80,2.273126e-80,2.242071e-80,1.145586e-82,-2.142827e-82,-7.986768e-82,-2.306567e-81,-3.411709e-81,-3.228234e-81,-7.245389e-82,1.558674e-81,6.090459e-81,1.595488e-80,2.065975e-80,2.841260e-80,1.254457e-80,-1.310678e-82,-1.125280e-81,-1.952294e-81,-4.003714e-81,-3.794790e-81,-1.485896e-81,3.344199e-82,7.411163e-81,1.896394e-80,2.592411e-80,2.788497e-80,2.200781e-80,6.307389e-82,-1.748301e-82,-9.141854e-82,-2.198086e-81,-2.319007e-81,2.278399e-81,4.059960e-81,6.233900e-81,1.394517e-80,2.184934e-80,2.695040e-80,2.638421e-80,1.777110e-80,1.756512e-81,-1.007688e-82,-1.126002e-83,-5.217329e-82,6.932451e-83,1.784273e-81,3.946211e-81,7.432827e-81,1.410055e-80,2.106218e-80,2.307427e-80,1.963061e-80,1.198267e-80,1.677199e-81,7.323077e-82,2.248367e-81,5.348526e-81,9.204916e-81,1.301622e-80,1.740858e-80,2.146227e-80,2.567503e-80,2.651934e-80,2.294012e-80,1.651114e-80,8.190498e-81,1.485364e-81,1.797917e-85,6.940359e-82,2.346060e-81,5.009505e-81,8.360600e-81,1.176387e-80,1.463613e-80,1.719374e-80,1.773662e-80,1.577338e-80,1.263121e-80,8.527559e-81,4.650530e-81,1.088625e-81,1.170988e-83,3.560128e-82,1.556609e-81,3.496595e-81,5.710823e-81,7.476200e-81,8.368200e-81,9.559154e-81,9.924293e-81,8.261671e-81,6.650660e-81,4.317326e-81,2.472308e-81,7.651138e-82,2.317776e-83,1.589601e-82,6.730295e-82,1.610613e-81,2.625330e-81,3.652172e-81,3.995101e-81,4.499948e-81,4.912082e-81,4.111973e-81,3.753498e-81,2.551004e-81,1.494827e-81,6.012610e-82,2.665681e-83,2.830313e-83,1.220474e-82,2.740371e-82,3.949383e-82,6.005316e-82,7.993332e-82,8.116371e-82,9.330938e-82,1.005310e-81,8.554330e-82,7.494831e-82,6.038441e-82,3.737530e-82,3.187802e-83,6.229396e-84,2.935700e-83,6.730329e-83,8.577789e-83,1.066446e-82,1.526608e-82,2.013401e-82,2.588438e-82,2.854067e-82,3.077676e-82,3.264375e-82,2.967651e-82,2.298140e-82,3.463091e-83,2.382353e-84,4.747617e-84,8.538226e-84,1.421205e-83,2.567445e-83,3.964932e-83,4.991913e-83,6.268888e-83,7.421856e-83,7.972864e-83,8.265174e-83,8.009143e-83,6.906850e-83,2.104693e-83,1.282655e-84,2.708201e-84,5.039300e-84,7.777579e-84,1.317827e-83,1.471239e-83,1.793262e-83,1.985127e-83,2.386760e-83,2.711639e-83,2.750615e-83,2.775155e-83,2.146930e-83,5.086691e-84
2.856317e-82,-1.487940e-81,-8.470610e-81,-1.599870e-80,-2.245139e-80,-3.148907e-80,-3.889507e-80,-5.566101e-81,8.680767e-83,-3.161262e-82,-8.323380e-82,-3.251009e-81,-7.235701e-81,-7.624382e-81,-8.840481e-81,-7.487627e-81,-2.157495e-81,7.283016e-81,-7.731958e-82,-1.801899e-82,-2.324463e-81,-4.826499e-81,-5.706653e-81,-9.039745e-81,-8.156323e-81,-7.194830e-81,-2.940528e-81,2.772317e-81,1.252350e-80,2.460677e-81,-2.894602e-82,-2.250253e-81,-3.545753e-81,-5.779478e-81,-8.269986e-81,-4.879814e-81,-3.032292e-81,2.107002e-81,1.031540e-80,2.147725e-80,2.248776e-80,1.108990e-82,-3.200908e-82,-1.167657e-81,-3.277693e-81,-4.977233e-81,-5.369971e-81,-2.971026e-81,-9.983028e-82,3.624842e-81,1.416710e-80,1.963093e-80,2.888358e-80,1.300623e-80,-2.312718e-82,-1.550598e-81,-2.889693e-81,-5.709037e-81,-5.944595e-81,-3.868342e-81,-2.333772e-81,5.180539e-81,1.777354e-80,2.576191e-80,2.871472e-80,2.310118e-80,6.586555e-82,-2.906514e-82,-1.343088e-81,-3.153288e-81,-3.850330e-81,5.988370e-82,2.203088e-81,4.185012e-81,1.248908e-80,2.123498e-80,2.734955e-80,2.744460e-80,1.874637e-80,1.853008e-81,-1.947220e-82,-3.250863e-82,-1.281558e-81,-1.127941e-81,3.972128e-82,2.410290e-81,5.879068e-81,1.319902e-80,2.108743e-80,2.372840e-80,2.054819e-80,1.266256e-80,1.772358e-81,7.410916e-82,2.254236e-81,5.350786e-81,9.260283e-81,1.333088e-80,1.770148e-80,2.217839e-80,2.690361e-80,2.799603e-80,2.438413e-80,1.761579e-80,8.705961e-81,1.579196e-81,1.902460e-85,7.312966e-82,2.451334e-81,5.219235e-81,8.751093e-81,1.235274e-80,1.538682e-80,1.773662e-80,1.902402e-80,1.677057e-80,1.345159e-80,9.106909e-81,4.959324e-81,1.150830e-81,1.247251e-83,3.786426e-82,1.660286e-81,3.715522e-81,6.076777e-81,7.954048e-81,8.970403e-81,1.015844e-80,1.060374e-80,8.858204e-81,7.076902e-81,4.588733e-81,2.604726e-81,7.975201e-82,2.469268e-83,1.681911e-82,7.173551e-82,1.713878e-81,2.776308e-81,3.877251e-81,4.262522e-81,4.818014e-81,5.249845e-81,4.386366e-81,3.984888e-81,2.693441e-81,1.552776e-81,6.205119e-82,2.823061e-83,2.744364e-83,1.242582e-82,2.788555e-82,4.015580e-82,6.102562e-82,8.206481e-82,8.229575e-82,9.539947e-82,1.031605e-81,8.685093e-82,7.582180e-82,6.068620e-82,3.831416e-82,3.351261e-83,5.061836e-84,2.774459e-83,6.551993e-83,8.047989e-83,9.729971e-83,1.413924e-82,1.940744e-82,2.542601e-82,2.816252e-82,3.060567e-82,3.291247e-82,2.987201e-82,2.362670e-82,3.629067e-83,2.130152e-84,3.862468e-84,7.337262e-84,1.212205e-83,2.297166e-83,3.733339e-83,4.750329e-83,6.181625e-83,7.386661e-83,7.938150e-83,8.320742e-83,8.107547e-83,7.090729e-83,2.218139e-83,1.375294e-84,3.101743e-84,5.326434e-84,8.263876e-84,1.381753e-83,1.512189e-83,1.880347e-83,2.080386e-83,2.503004e-83,2.861144e-83,2.913480e-83,2.940018e-83,2.284572e-83,5.416058e-84
2.511208e-82,-1.409137e-81,-7.849574e-81,-1.486940e-80,-2.085814e-80,-2.926770e-80,-3.625448e-80,-5.815478e-81,5.411511e-83,-3.110812e-82,-8.467896e-82,-3.185505e-81,-6.984976e-81,-7.513320e-81,-8.857566e-81,-7.800398e-81,-3.232800e-81,5.596826e-81,-7.987015e-82,-1.963819e-82,-2.212573e-81,-4.617338e-81,-5.606673e-81,-8.837580e-81,-8.212182e-81,-7.508485e-81,-3.869645e-81,1.234272e-81,1.025391e-80,2.103609e-81,-2.931231e-82,-2.150186e-81,-3.485029e-81,-5.687274e-81,-8.123722e-81,-5.270287e-81,-3.737742e-81,7.290417e-82,8.070127e-81,1.823675e-80,1.961937e-80,9.384736e-83,-3.226953e-82,-1.171615e-81,-3.242202e-81,-4.961598e-81,-5.449193e-81,-3.519156e-81,-1.859750e-81,2.216710e-81,1.165662e-80,1.670789e-80,2.530579e-80,1.151831e-80,-2.425795e-82,-1.523666e-81,-2.890387e-81,-5.643380e-81,-6.035232e-81,-4.329889e-81,-3.068638e-81,3.678712e-81,1.502012e-80,2.238266e-80,2.531694e-80,2.054709e-80,5.847865e-82,-2.957788e-82,-1.340222e-81,-3.124726e-81,-3.944377e-81,-1.222069e-82,1.221810e-81,2.885217e-81,1.032128e-80,1.830413e-80,2.395155e-80,2.428837e-80,1.670821e-80,1.652426e-81,-2.060520e-82,-4.031223e-82,-1.414981e-81,-1.430593e-81,-2.010828e-82,1.567498e-81,4.603355e-81,1.116100e-80,1.835868e-80,2.093262e-80,1.824403e-80,1.128315e-80,1.582310e-81,6.460480e-82,1.956587e-81,4.666578e-81,8.092933e-81,1.165118e-80,1.562629e-80,1.950857e-80,2.386922e-80,2.498642e-80,2.174452e-80,1.576156e-80,7.767049e-81,1.412300e-81,1.707942e-85,6.495214e-82,2.170465e-81,4.615843e-81,7.757971e-81,1.095680e-80,1.369664e-80,1.577338e-80,1.677057e-80,1.516807e-80,1.201473e-80,8.144029e-81,4.433130e-81,1.026326e-81,1.126925e-83,3.370301e-82,1.481857e-81,3.311716e-81,5.422918e-81,7.095422e-81,7.996974e-81,9.094010e-81,9.444609e-81,7.927186e-81,6.349876e-81,4.088983e-81,2.323892e-81,7.064463e-82,2.217872e-83,1.500122e-82,6.393776e-82,1.526860e-81,2.473865e-81,3.456656e-81,3.797648e-81,4.298862e-81,4.705109e-81,3.914103e-81,3.559259e-81,2.392330e-81,1.378999e-81,5.475967e-82,2.526156e-83,2.387244e-83,1.084630e-82,2.430230e-82,3.494888e-82,5.343092e-82,7.197091e-82,7.211321e-82,8.390568e-82,9.117514e-82,7.653161e-82,6.659091e-82,5.318154e-82,3.373052e-82,2.980372e-83,3.997037e-84,2.376520e-83,5.571785e-83,6.710223e-83,8.067691e-83,1.196972e-82,1.666545e-82,2.209089e-82,2.459162e-82,2.679862e-82,2.882556e-82,2.618162e-82,2.081464e-82,3.219598e-83,1.774144e-84,3.106737e-84,5.860810e-84,9.574726e-84,1.892775e-83,3.165887e-83,4.062493e-83,5.362773e-83,6.496368e-83,6.980648e-83,7.304081e-83,7.116084e-83,6.248307e-83,1.975381e-83,1.222853e-84,2.692438e-84,4.636165e-84,7.148686e-84,1.205118e-83,1.329891e-83,1.678498e-83,1.855926e-83,2.238146e-83,2.562067e-83,2.608646e-83,2.624847e-83,2.033430e-83,4.837108e-84
1.841930e-82,-1.235177e-81,-6.602214e-81,-1.247420e-80,-1.749787e-80,-2.451836e-80,-3.044297e-80,-5.433885e-81,1.594612e-83,-2.775915e-82,-7.770431e-82,-2.819214e-81,-6.054098e-81,-6.689084e-81,-7.915919e-81,-7.203257e-81,-3.685184e-81,3.546682e-81,-7.479532e-82,-1.851294e-82,-1.896036e-81,-3.995487e-81,-4.956573e-81,-7.766736e-81,-7.384798e-81,-6.971306e-81,-4.171403e-81,-1.207441e-82,7.373582e-81,1.630179e-81,-2.609706e-82,-1.856873e-81,-3.076531e-81,-5.034827e-81,-7.217189e-81,-5.023665e-81,-3.887977e-81,-3.707575e-82,5.509451e-81,1.384209e-80,1.542436e-80,7.554181e-83,-2.861837e-82,-1.069407e-81,-2.889514e-81,-4.446185e-81,-5.021319e-81,-3.559489e-81,-2.318719e-81,8.781965e-82,8.516695e-81,1.268700e-80,1.997228e-80,9.269506e-81,-2.267454e-82,-1.342864e-81,-2.592335e-81,-5.013161e-81,-5.472200e-81,-4.175186e-81,-3.305995e-81,2.114646e-81,1.138058e-80,1.742717e-80,2.006190e-80,1.652306e-80,4.733952e-82,-2.671293e-82,-1.210264e-81,-2.793017e-81,-3.617870e-81,-6.266699e-82,3.109583e-82,1.594959e-81,7.573262e-81,1.410134e-80,1.884209e-80,1.933479e-80,1.342332e-80,1.334390e-81,-1.941796e-82,-4.284459e-82,-1.367251e-81,-1.528741e-81,-6.182969e-82,6.857374e-82,3.155692e-81,8.436630e-81,1.433830e-80,1.654765e-80,1.456252e-80,9.068257e-81,1.274495e-81,5.102616e-82,1.530344e-81,3.666874e-81,6.334200e-81,9.203532e-81,1.234108e-80,1.555589e-80,1.900885e-80,2.001158e-80,1.746535e-80,1.265815e-80,6.257894e-81,1.136368e-81,1.369440e-85,5.200449e-82,1.731209e-81,3.679998e-81,6.178015e-81,8.764536e-81,1.095083e-80,1.263121e-80,1.345159e-80,1.201473e-80,9.799135e-81,6.539615e-81,3.560094e-81,8.237641e-82,8.972604e-84,2.706997e-82,1.189275e-81,2.663654e-81,4.358511e-81,5.702101e-81,6.425179e-81,7.306596e-81,7.606318e-81,6.342986e-81,5.100211e-81,3.290162e-81,1.848584e-81,5.638632e-82,1.766629e-83,1.198689e-82,5.127695e-82,1.226341e-81,1.987234e-81,2.783287e-81,3.042599e-81,3.449435e-81,3.775945e-81,3.145801e-81,2.851048e-81,1.909096e-81,1.086882e-81,4.355636e-82,2.014511e-83,1.823923e-83,8.535546e-83,1.923497e-82,2.727074e-82,4.201149e-82,5.688395e-82,5.655555e-82,6.608375e-82,7.192481e-82,6.033412e-82,5.218579e-82,4.162684e-82,2.667429e-82,2.382501e-83,2.771813e-84,1.782933e-83,4.288661e-83,5.002855e-83,6.073253e-83,9.118816e-83,1.272142e-82,1.710477e-82,1.899396e-82,2.079524e-82,2.251536e-82,2.046097e-82,1.646547e-82,2.576583e-83,1.385555e-84,2.397024e-84,4.195745e-84,6.706169e-84,1.378669e-83,2.411323e-83,3.115444e-83,4.139210e-83,5.002233e-83,5.406242e-83,5.688806e-83,5.537785e-83,4.934738e-83,1.586195e-83,9.515411e-85,2.004017e-84,3.623119e-84,5.640124e-84,9.742044e-84,1.063986e-83,1.331018e-83,1.468848e-83,1.774935e-83,2.031395e-83,2.083755e-83,2.101205e-83,1.631232e-83,3.891496e-84
1.467547e-82,-7.620403e-82,-4.348985e-81,-8.311811e-81,-1.167648e-80,-1.640117e-80,-2.040496e-80,-3.603284e-81,1.847096e-83,-1.863870e-82,-5.190739e-82,-1.904271e-81,-4.096820e-81,-4.512071e-81,-5.387387e-81,-4.932591e-81,-2.560652e-81,2.465373e-81,-4.916951e-82,-1.319094e-82,-1.290098e-81,-2.721590e-81,-3.399768e-81,-5.320521e-81,-5.056295e-81,-4.814032e-81,-2.950316e-81,-1.853272e-82,4.908451e-81,1.086275e-81,-1.819835e-82,-1.265293e-81,-2.112760e-81,-3.459174e-81,-4.947185e-81,-3.486491e-81,-2.767496e-81,-4.301675e-82,3.608066e-81,9.256586e-81,1.031109e-80,4.930687e-83,-1.979537e-82,-7.337469e-82,-1.996808e-81,-3.072012e-81,-3.463472e-81,-2.509706e-81,-1.725730e-81,4.362034e-82,5.582615e-81,8.499425e-81,1.341625e-80,6.201868e-81,-1.579216e-82,-9.275288e-82,-1.801238e-81,-3.467024e-81,-3.787182e-81,-2.964012e-81,-2.380758e-81,1.276902e-81,7.539736e-81,1.170604e-80,1.353462e-80,1.112383e-80,3.172510e-82,-1.866498e-82,-8.347655e-82,-1.923933e-81,-2.510602e-81,-5.433090e-82,9.736617e-83,9.415004e-82,4.977920e-81,9.411655e-81,1.269025e-80,1.306374e-80,9.070357e-81,8.987121e-82,-1.352999e-82,-3.067024e-82,-9.677347e-82,-1.094840e-81,-5.038516e-82,3.754209e-82,2.019502e-81,5.630192e-81,9.621515e-81,1.113831e-80,9.842027e-81,6.138839e-81,8.633438e-82,3.427605e-82,1.028375e-81,2.457180e-81,4.266862e-81,6.185576e-81,8.324238e-81,1.047140e-80,1.286609e-80,1.351230e-80,1.182744e-80,8.601009e-81,4.231247e-81,7.732973e-82,9.251198e-86,3.510896e-82,1.167648e-81,2.480562e-81,4.179670e-81,5.911441e-81,7.402262e-81,8.527559e-81,9.106909e-81,8.144029e-81,6.539615e-81,4.515753e-81,2.425185e-81,5.610472e-82,6.185488e-84,1.831145e-82,8.066775e-82,1.800114e-81,2.951075e-81,3.861109e-81,4.353277e-81,4.954871e-81,5.157026e-81,4.318037e-81,3.445027e-81,2.243995e-81,1.271788e-81,3.840210e-82,1.216649e-83,8.141891e-83,3.482738e-82,8.298480e-82,1.341943e-81,1.881740e-81,2.062554e-81,2.337630e-81,2.561902e-81,2.134629e-81,1.939910e-81,1.298479e-81,7.475628e-82,2.972734e-82,1.387793e-83,1.230993e-83,5.750264e-83,1.290280e-82,1.845820e-82,2.840676e-82,3.848080e-82,3.824116e-82,4.465250e-82,4.877716e-82,4.092371e-82,3.587921e-82,2.871589e-82,1.832708e-82,1.634738e-83,1.829987e-84,1.205094e-83,2.891967e-83,3.430089e-83,4.099910e-83,6.121875e-83,8.636198e-83,1.167429e-82,1.302929e-82,1.422205e-82,1.548431e-82,1.419529e-82,1.135338e-82,1.762283e-83,8.705286e-85,1.420402e-84,2.694174e-84,4.375439e-84,9.109847e-84,1.593713e-83,2.062324e-83,2.780619e-83,3.403861e-83,3.673480e-83,3.895429e-83,3.839712e-83,3.410931e-83,1.089085e-83,6.504713e-85,1.436468e-84,2.449936e-84,3.814831e-84,6.466370e-84,7.072997e-84,9.027314e-84,1.000283e-83,1.211667e-83,1.389595e-83,1.422734e-83,1.439565e-83,1.117941e-83,2.666516e-84
1.070268e-82,-3.652164e-82,-2.424054e-81,-4.684519e-81,-6.606058e-81,-9.263647e-81,-1.146516e-80,-2.010935e-81,9.377437e-84,-9.288067e-83,-2.659343e-82,-1.045023e-81,-2.268597e-81,-2.519175e-81,-3.007200e-81,-2.741287e-81,-1.398264e-81,1.414039e-81,-2.689464e-82,-6.801113e-83,-7.030377e-82,-1.489977e-81,-1.857127e-81,-2.900843e-81,-2.720844e-81,-2.547382e-81,-1.508508e-81,4.597160e-83,2.848503e-81,6.186535e-82,-9.615667e-83,-6.830466e-82,-1.132085e-81,-1.856563e-81,-2.666436e-81,-1.832155e-81,-1.406433e-81,-1.096999e-82,2.161225e-81,5.290893e-81,5.787262e-81,2.802385e-83,-1.039876e-82,-3.870341e-82,-1.063474e-81,-1.630427e-81,-1.837849e-81,-1.273717e-81,-8.246993e-82,3.744529e-82,3.217899e-81,4.817418e-81,7.493629e-81,3.446262e-81,-8.274184e-83,-4.924691e-82,-9.569798e-82,-1.845672e-81,-2.001728e-81,-1.521842e-81,-1.188722e-81,8.312002e-82,4.263677e-81,6.539499e-81,7.519927e-81,6.154229e-81,1.756292e-82,-9.661385e-83,-4.369062e-82,-1.013315e-81,-1.311495e-81,-1.996824e-82,1.704126e-82,6.492259e-82,2.862765e-81,5.265071e-81,7.045939e-81,7.215863e-81,4.999476e-81,4.955373e-82,-6.781934e-83,-1.509001e-82,-4.901249e-82,-5.357430e-82,-1.892531e-82,3.030633e-82,1.217781e-81,3.184670e-81,5.357111e-81,6.153166e-81,5.408564e-81,3.371369e-81,4.747199e-82,1.903458e-82,5.714433e-82,1.360831e-81,2.357675e-81,3.409980e-81,4.588875e-81,5.759463e-81,7.043408e-81,7.395637e-81,6.440998e-81,4.699512e-81,2.328236e-81,4.226124e-82,4.919574e-86,1.918383e-82,6.387183e-82,1.354529e-81,2.281725e-81,3.227291e-81,4.039897e-81,4.650530e-81,4.959324e-81,4.433130e-81,3.560094e-81,2.425185e-81,1.369279e-81,3.087474e-82,3.359111e-84,9.933259e-83,4.383226e-82,9.772366e-82,1.600968e-81,2.098177e-81,2.364547e-81,2.691291e-81,2.798697e-81,2.343784e-81,1.877139e-81,1.215878e-81,7.032283e-82,2.142023e-82,6.566272e-84,4.403245e-83,1.890462e-82,4.500884e-82,7.271199e-82,1.020625e-81,1.116471e-81,1.265746e-81,1.388257e-81,1.157864e-81,1.054263e-81,7.103536e-82,4.128161e-82,1.658807e-82,7.547401e-84,6.735980e-84,3.181931e-83,7.133569e-83,1.019125e-82,1.556475e-82,2.113678e-82,2.101349e-82,2.451704e-82,2.680894e-82,2.260008e-82,1.999346e-82,1.621720e-82,1.030557e-82,8.975077e-84,1.140223e-84,6.809543e-84,1.637092e-83,1.994658e-83,2.410967e-83,3.495517e-83,4.871877e-83,6.527229e-83,7.281870e-83,7.951890e-83,8.681164e-83,8.023246e-83,6.390342e-83,9.743019e-84,5.165516e-85,8.591694e-85,1.627230e-84,2.636596e-84,5.223565e-84,8.949700e-84,1.149610e-83,1.537737e-83,1.865394e-83,2.033159e-83,2.175686e-83,2.156919e-83,1.914933e-83,6.021673e-84,3.512001e-85,7.693655e-85,1.343999e-84,2.068669e-84,3.558000e-84,3.878671e-84,4.883097e-84,5.405644e-84,6.528824e-84,7.487166e-84,7.731478e-84,7.880456e-84,6.129373e-84,1.458857e-84
3.816865e-83,-3.775983e-83,-4.766029e-82,-9.388508e-82,-1.322456e-81,-1.855010e-81,-2.252579e-81,-2.254731e-82,7.096195e-84,-1.104106e-83,-2.976858e-83,-1.684748e-82,-3.845793e-82,-3.974246e-82,-4.387297e-82,-3.218149e-82,4.490156e-83,6.080215e-82,-3.867378e-83,-6.735791e-84,-1.297471e-82,-2.644651e-82,-2.944545e-82,-4.701230e-82,-3.670693e-82,-2.761038e-82,3.548088e-84,3.970818e-82,9.571327e-82,1.709227e-82,-1.311459e-83,-1.227726e-82,-1.817462e-82,-2.907253e-82,-4.118672e-82,-1.817643e-82,-3.843451e-83,3.008566e-82,8.451957e-82,1.520866e-81,1.487391e-81,7.579690e-84,-1.426247e-83,-5.818067e-83,-1.644371e-82,-2.398217e-82,-2.348332e-82,-6.835278e-83,7.180281e-83,3.829932e-82,1.035249e-81,1.364595e-81,1.880427e-81,8.320012e-82,-9.891104e-84,-7.803367e-83,-1.401486e-82,-2.852843e-82,-2.691289e-82,-1.176088e-82,-1.077791e-83,4.690807e-82,1.228648e-81,1.701094e-81,1.846695e-81,1.453046e-81,4.146842e-83,-1.195122e-83,-6.496162e-83,-1.513477e-82,-1.625601e-82,1.284858e-82,2.475561e-82,3.904380e-82,8.961757e-82,1.418326e-81,1.769199e-81,1.739111e-81,1.171444e-81,1.155368e-82,-6.674288e-84,-5.098322e-84,-4.085176e-83,-6.936905e-84,1.089857e-82,2.462895e-82,4.742048e-82,9.112279e-82,1.371950e-81,1.512326e-81,1.287959e-81,7.886669e-82,1.108548e-82,4.752123e-83,1.459602e-82,3.457640e-82,5.912604e-82,8.471259e-82,1.121789e-81,1.388760e-81,1.670324e-81,1.727253e-81,1.500043e-81,1.083732e-81,5.387768e-82,1.004845e-82,1.169716e-86,4.476384e-83,1.518569e-82,3.233127e-82,5.399580e-82,7.623533e-82,9.460699e-82,1.088625e-81,1.150830e-81,1.026326e-81,8.237641e-82,5.610472e-82,3.087474e-82,7.688556e-83,8.158848e-85,2.311602e-83,1.013068e-82,2.263042e-82,3.698266e-82,4.835664e-82,5.451292e-82,6.189269e-82,6.422050e-82,5.400071e-82,4.342203e-82,2.855544e-82,1.655257e-82,5.307740e-83,1.590493e-84,1.030172e-83,4.380285e-83,1.039208e-82,1.688480e-82,2.365940e-82,2.588857e-82,2.928203e-82,3.201690e-82,2.695510e-82,2.461759e-82,1.685470e-82,1.020146e-82,4.121065e-83,1.850574e-84,1.725445e-84,7.916664e-84,1.781042e-83,2.539168e-83,3.847739e-83,5.202808e-83,5.248789e-83,6.106129e-83,6.656521e-83,5.725312e-83,5.134978e-83,4.222513e-83,2.611073e-83,2.201459e-84,3.861103e-85,1.781700e-84,4.296060e-84,5.624707e-84,7.014765e-84,9.798815e-84,1.300205e-83,1.710005e-83,1.903797e-83,2.051822e-83,2.215677e-83,2.065388e-83,1.604832e-83,2.379681e-84,1.628468e-85,3.214063e-85,5.628226e-85,9.129971e-85,1.599975e-84,2.551620e-84,3.217979e-84,4.143018e-84,4.926237e-84,5.394602e-84,5.754543e-84,5.660186e-84,4.887481e-84,1.466411e-84,8.218493e-86,1.673419e-85,3.150808e-85,4.910007e-85,8.501297e-85,9.410832e-85,1.161820e-84,1.291469e-84,1.553160e-84,1.778454e-84,1.848455e-84,1.886584e-84,1.459238e-84,3.444808e-85
1.094181e-86,-1.539797e-84,-6.476692e-84,-1.137618e-83,-1.561858e-83,-2.073647e-83,-2.379531e-83,-7.439973e-85,9.320445e-86,-1.830691e-85,-5.583818e-85,-1.768141e-84,-3.816425e-84,-3.594016e-84,-3.703989e-84,-1.864051e-84,2.811028e-84,1.046845e-83,-2.076513e-85,-4.842331e-86,-1.266669e-84,-2.481500e-84,-2.388321e-84,-3.840559e-84,-2.186330e-84,-6.886508e-85,3.070027e-84,8.407529e-84,1.507263e-83,2.279454e-84,-9.062254e-86,-1.130298e-84,-1.345161e-84,-2.130132e-84,-2.758962e-84,-1.686133e-86,1.427732e-84,6.303860e-84,1.263959e-83,1.991803e-83,1.884476e-83,5.684450e-86,-1.057532e-85,-3.416591e-85,-1.040345e-84,-1.359697e-84,-7.885358e-85,1.509211e-84,2.995469e-84,7.258404e-84,1.451380e-83,1.791392e-83,2.263022e-83,9.631792e-84,-1.735801e-86,-5.875317e-85,-8.082809e-85,-1.920896e-84,-1.175143e-84,7.663507e-85,2.029368e-84,7.723403e-84,1.585013e-83,2.147701e-83,2.207972e-83,1.632745e-83,4.411895e-85,-5.600304e-86,-4.094404e-85,-9.297352e-85,-5.766939e-85,2.895744e-84,4.736053e-84,6.154968e-84,1.212236e-83,1.818582e-83,2.135251e-83,2.052602e-83,1.305973e-83,1.264107e-84,4.496790e-88,1.837337e-85,2.281889e-85,1.022116e-84,2.596575e-84,4.418440e-84,6.830251e-84,1.181036e-83,1.682814e-83,1.810091e-83,1.482935e-83,8.581541e-84,1.208777e-84,5.261982e-85,1.673955e-84,3.965956e-84,6.878965e-84,9.623897e-84,1.272002e-83,1.547627e-83,1.880175e-83,1.957923e-83,1.694170e-83,1.200733e-83,5.621957e-84,1.116345e-84,2.103883e-88,4.804591e-85,1.651988e-84,3.528268e-84,5.919706e-84,8.274526e-84,1.027916e-83,1.170988e-83,1.247251e-83,1.126925e-83,8.972604e-84,6.185488e-84,3.359111e-84,8.158848e-85,2.178543e-86,2.444311e-85,1.083380e-84,2.421016e-84,3.971082e-84,5.128057e-84,5.863266e-84,6.652567e-84,6.883500e-84,5.878424e-84,4.816645e-84,3.218539e-84,1.852829e-84,5.349754e-85,2.896705e-86,1.080440e-85,4.598305e-85,1.102185e-84,1.798366e-84,2.519393e-84,2.824055e-84,3.203650e-84,3.528654e-84,3.009207e-84,2.790678e-84,1.965177e-84,1.195150e-84,4.133241e-85,2.713794e-86,1.851976e-86,8.163394e-86,1.877830e-85,2.753107e-85,4.203803e-85,5.812637e-85,5.996028e-85,7.161810e-85,7.912406e-85,6.993160e-85,6.223778e-85,4.820498e-85,2.534336e-85,2.547892e-86,6.129489e-87,2.132433e-86,5.716655e-86,8.300726e-86,1.036740e-85,1.446957e-85,1.942593e-85,2.450492e-85,2.765894e-85,2.834550e-85,2.831397e-85,2.470049e-85,1.566100e-85,2.238406e-86,1.345630e-87,1.946052e-87,4.324951e-87,8.147336e-87,1.457262e-86,2.736752e-86,3.759786e-86,5.217439e-86,6.623672e-86,7.084829e-86,7.012713e-86,6.350090e-86,4.583934e-86,1.283873e-86,9.131454e-88,2.179978e-87,3.483349e-87,4.949571e-87,8.683256e-87,9.680421e-87,1.315556e-86,1.537330e-86,1.858537e-86,2.136056e-86,2.115195e-86,1.979628e-86,1.400615e-86,3.082607e-87
5.547688e-84,-2.306469e-83,-1.273856e-82,-2.410256e-82,-3.295301e-82,-4.697410e-82,-5.926179e-82,-3.959905e-83,3.328880e-84,-5.287469e-84,-1.378366e-83,-4.649164e-83,-1.037812e-82,-1.016166e-82,-1.003975e-82,-6.994751e-83,3.852726e-83,1.862125e-82,-9.588556e-84,-3.042796e-84,-3.939080e-83,-8.032925e-83,-8.881013e-83,-1.385906e-82,-1.149736e-82,-9.565718e-83,-1.524753e-83,9.613522e-83,2.620717e-82,4.947973e-83,-4.305778e-84,-3.996697e-83,-6.119876e-83,-9.860166e-83,-1.311725e-82,-7.261322e-83,-2.935292e-83,7.182662e-83,2.275001e-82,4.265080e-82,4.331472e-82,2.409624e-84,-5.170479e-84,-2.154626e-83,-5.873131e-83,-8.490543e-83,-8.562062e-83,-4.580677e-83,3.343098e-85,9.323446e-83,2.944096e-82,3.943022e-82,5.629168e-82,2.525543e-82,-2.965027e-84,-2.721962e-83,-4.835244e-83,-1.019369e-82,-9.781734e-83,-5.211019e-83,-2.778120e-83,1.226784e-82,3.631008e-82,5.081305e-82,5.616477e-82,4.489963e-82,1.306996e-83,-4.054984e-84,-2.448510e-83,-5.684362e-83,-6.339865e-83,1.829306e-83,5.664200e-83,1.007650e-82,2.561844e-82,4.264347e-82,5.404222e-82,5.375484e-82,3.681313e-82,3.638632e-83,-3.311629e-84,-3.617806e-84,-2.112719e-83,-1.975259e-83,1.217819e-83,5.616080e-83,1.275177e-82,2.666989e-82,4.174943e-82,4.686209e-82,4.052239e-82,2.509926e-82,3.502950e-83,1.216950e-83,4.272363e-83,1.088493e-82,1.836663e-82,2.702484e-82,3.543777e-82,4.423591e-82,5.364683e-82,5.559395e-82,4.855126e-82,3.506455e-82,1.738661e-82,3.150136e-83,3.848088e-87,1.833066e-83,4.672153e-83,1.047255e-82,1.754658e-82,2.491595e-82,3.104075e-82,3.560128e-82,3.786426e-82,3.370301e-82,2.706997e-82,1.831145e-82,9.933259e-83,2.311602e-83,2.444311e-85,1.376587e-83,3.460651e-83,7.411504e-83,1.235427e-82,1.597798e-82,1.822646e-82,2.067454e-82,2.147875e-82,1.794875e-82,1.433832e-82,9.291475e-83,5.223776e-83,1.619891e-83,4.972422e-85,5.567467e-84,1.490406e-83,3.370382e-83,5.657034e-83,7.893904e-83,8.728109e-83,9.914053e-83,1.069940e-82,8.881758e-83,8.070423e-83,5.457189e-83,3.135732e-83,1.269260e-83,5.771308e-85,4.929905e-85,2.225019e-84,5.526408e-84,8.151297e-84,1.258507e-83,1.673504e-83,1.682300e-83,1.949481e-83,2.088624e-83,1.756387e-83,1.542099e-83,1.235421e-83,7.836802e-84,6.914690e-85,7.407687e-86,5.107289e-85,1.356017e-84,1.669785e-84,1.924638e-84,2.873269e-84,4.007920e-84,5.296729e-84,5.662123e-84,6.082310e-84,6.683822e-84,6.003594e-84,4.807238e-84,7.503728e-85,4.636117e-86,9.311664e-86,1.553203e-85,2.287146e-85,4.301258e-85,7.351349e-85,9.698109e-85,1.265526e-84,1.501103e-84,1.601872e-84,1.690238e-84,1.671518e-84,1.464807e-84,4.607505e-85,2.732310e-86,5.879256e-86,1.079556e-85,1.763082e-85,2.883262e-85,3.046587e-85,3.798092e-85,4.241438e-85,5.114435e-85,5.901236e-85,5.987413e-85,6.105050e-85,4.749181e-85,1.135619e-85
2.236851e-83,-1.330865e-82,-6.942584e-82,-1.316086e-81,-1.841889e-81,-2.600805e-81,-3.229540e-81,-4.814874e-82,8.105171e-84,-3.233199e-83,-8.384630e-83,-2.987818e-82,-6.437416e-82,-6.893281e-82,-8.149465e-82,-6.964868e-82,-2.683936e-82,5.394814e-82,-7.183963e-83,-2.029234e-83,-2.155440e-82,-4.492234e-82,-5.538709e-82,-8.621135e-82,-8.051618e-82,-7.489086e-82,-4.244456e-82,5.580294e-83,9.133118e-82,1.983490e-82,-3.004218e-83,-2.130784e-82,-3.535500e-82,-5.755849e-82,-8.128888e-82,-5.611960e-82,-4.176995e-82,5.065089e-85,7.122639e-82,1.661345e-81,1.836988e-81,9.576193e-84,-3.347718e-83,-1.218732e-82,-3.355277e-82,-5.120840e-82,-5.706144e-82,-4.130444e-82,-2.497199e-82,1.372217e-82,1.048917e-81,1.547547e-81,2.404026e-81,1.104639e-81,-2.549513e-83,-1.549729e-82,-2.989849e-82,-5.857982e-82,-6.310537e-82,-4.708878e-82,-3.712404e-82,2.912850e-82,1.386712e-81,2.114324e-81,2.428401e-81,1.989076e-81,5.735664e-83,-3.067502e-83,-1.405271e-82,-3.261258e-82,-4.189455e-82,-7.338391e-83,5.479088e-83,2.131340e-82,9.321117e-82,1.711596e-81,2.289285e-81,2.336250e-81,1.628537e-81,1.617196e-82,-2.116785e-83,-4.665369e-83,-1.572806e-82,-1.779378e-82,-7.417680e-83,9.514806e-83,3.887595e-82,1.033254e-81,1.737868e-81,2.009008e-81,1.769946e-81,1.107552e-81,1.550544e-82,5.738245e-83,1.809593e-82,4.479949e-82,7.797545e-82,1.128354e-81,1.507989e-81,1.901611e-81,2.329145e-81,2.444193e-81,2.137097e-81,1.554319e-81,7.689090e-82,1.389652e-82,1.649741e-86,6.265899e-83,2.270808e-82,4.473602e-82,7.650630e-82,1.083604e-81,1.350509e-81,1.556609e-81,1.660286e-81,1.481857e-81,1.189275e-81,8.066775e-82,4.383226e-82,1.013068e-82,1.083380e-84,3.460651e-83,1.706579e-82,3.310142e-82,5.390975e-82,7.080411e-82,7.999995e-82,9.100519e-82,9.436333e-82,7.874286e-82,6.295232e-82,4.058862e-82,2.288308e-82,6.995746e-83,2.187316e-84,1.479196e-83,7.140771e-83,1.536852e-82,2.441572e-82,3.457870e-82,3.803536e-82,4.300320e-82,4.694326e-82,3.895268e-82,3.533660e-82,2.372996e-82,1.353302e-82,5.414774e-83,2.513883e-84,1.950593e-84,1.022016e-83,2.325581e-83,3.360498e-83,5.268992e-83,7.093144e-83,7.024647e-83,8.120537e-83,8.861739e-83,7.413778e-83,6.448259e-83,5.133751e-83,3.308120e-83,2.987281e-84,3.697600e-85,2.278791e-84,5.433969e-84,6.283981e-84,7.271247e-84,1.099949e-83,1.558488e-83,2.080719e-83,2.279370e-83,2.502055e-83,2.752697e-83,2.493998e-83,2.042960e-83,3.236359e-84,1.791844e-85,2.937919e-85,5.609917e-85,8.876150e-85,1.728598e-84,2.911359e-84,3.748561e-84,5.015965e-84,6.031225e-84,6.530378e-84,6.933961e-84,6.925293e-84,6.179176e-84,2.000607e-84,1.180370e-85,2.617584e-85,4.620029e-85,7.166497e-85,1.209341e-84,1.301884e-84,1.655678e-84,1.813334e-84,2.179059e-84,2.512414e-84,2.569742e-84,2.630415e-84,2.056785e-84,4.954348e-85
4.008357e-83,-3.199888e-82,-1.605741e-81,-2.995740e-81,-4.196054e-81,-5.921788e-81,-7.333381e-81,-1.131112e-81,8.806410e-84,-7.410535e-83,-1.831864e-82,-6.706457e-82,-1.421983e-81,-1.523145e-81,-1.783895e-81,-1.510891e-81,-5.375452e-82,1.176202e-81,-1.820047e-82,-4.170344e-83,-4.800931e-82,-9.898917e-82,-1.196814e-81,-1.896940e-81,-1.757829e-81,-1.610886e-81,-8.502864e-82,2.366268e-82,2.111870e-81,4.512098e-82,-6.507790e-83,-4.739452e-82,-7.665675e-82,-1.246633e-81,-1.793142e-81,-1.172867e-81,-8.416901e-82,1.161158e-82,1.693329e-81,3.831213e-81,4.204523e-81,2.263439e-83,-7.118896e-83,-2.697902e-82,-7.183369e-82,-1.095129e-81,-1.224441e-81,-8.353357e-82,-4.421430e-82,4.109384e-82,2.452720e-81,3.548648e-81,5.443322e-81,2.533764e-81,-5.676308e-83,-3.387885e-82,-6.478428e-82,-1.265700e-81,-1.367754e-81,-9.838173e-82,-7.202279e-82,7.412756e-82,3.214982e-81,4.812541e-81,5.473464e-81,4.503683e-81,1.310277e-82,-6.973659e-83,-3.085858e-82,-7.042418e-82,-9.057531e-82,-7.787290e-83,1.873412e-82,5.641802e-82,2.184013e-81,3.913548e-81,5.173274e-81,5.269801e-81,3.660804e-81,3.653896e-82,-4.786846e-83,-9.668733e-83,-3.234011e-82,-3.493814e-82,-8.469425e-83,2.742753e-82,9.447433e-82,2.380148e-81,3.965118e-81,4.530728e-81,3.978712e-81,2.483474e-81,3.492171e-82,1.427822e-82,4.200122e-82,1.012600e-81,1.761851e-81,2.557868e-81,3.406577e-81,4.295066e-81,5.236865e-81,5.487179e-81,4.786263e-81,3.475527e-81,1.721404e-81,3.112976e-82,3.722754e-86,1.431366e-82,4.791141e-82,1.048144e-81,1.706185e-81,2.429706e-81,3.030745e-81,3.496595e-81,3.715522e-81,3.311716e-81,2.663654e-81,1.800114e-81,9.772366e-82,2.263042e-82,2.421016e-84,7.411504e-83,3.310142e-82,7.838278e-82,1.212468e-81,1.581314e-81,1.784744e-81,2.029516e-81,2.108890e-81,1.759294e-81,1.407691e-81,9.055877e-82,5.100809e-82,1.557243e-82,4.867644e-84,3.273000e-83,1.415108e-82,3.572185e-82,5.593232e-82,7.702157e-82,8.445932e-82,9.572751e-82,1.045457e-81,8.717706e-82,7.906188e-82,5.309803e-82,3.007374e-82,1.206410e-82,5.542781e-84,5.280558e-84,2.353179e-83,5.363765e-83,7.562228e-83,1.164064e-82,1.587557e-82,1.586244e-82,1.839733e-82,2.001373e-82,1.669422e-82,1.443835e-82,1.149253e-82,7.325105e-83,6.624909e-84,9.102938e-85,5.246146e-84,1.235696e-83,1.382067e-83,1.678693e-83,2.564108e-83,3.530939e-83,4.703836e-83,5.190093e-83,5.682097e-83,6.156759e-83,5.576532e-83,4.509503e-83,7.186414e-84,4.308618e-85,7.641816e-85,1.280262e-84,1.993560e-84,4.046456e-84,6.884494e-84,8.761444e-84,1.141534e-83,1.375733e-83,1.487915e-83,1.556855e-83,1.521632e-83,1.361541e-83,4.426020e-84,2.620371e-85,5.218426e-85,1.016921e-84,1.585561e-84,2.792993e-84,3.024482e-84,3.710612e-84,4.067758e-84,4.925105e-84,5.641281e-84,5.770961e-84,5.852593e-84,4.560658e-84,1.091030e-84
6.950016e-83,-5.165546e-82,-2.619291e-81,-4.937837e-81,-6.899745e-81,-9.730617e-81,-1.212227e-80,-1.914384e-81,1.993187e-83,-1.247358e-82,-3.137951e-82,-1.114942e-81,-2.393240e-81,-2.546452e-81,-3.000600e-81,-2.631841e-81,-1.026389e-81,1.861725e-81,-2.912232e-82,-7.605878e-83,-7.898550e-82,-1.655503e-81,-2.008103e-81,-3.170317e-81,-2.968306e-81,-2.806464e-81,-1.563498e-81,1.963861e-82,3.333947e-81,7.211578e-82,-1.112046e-82,-7.911304e-82,-1.297699e-81,-2.100798e-81,-3.017664e-81,-2.014412e-81,-1.520860e-81,2.940294e-83,2.599156e-81,6.139530e-81,6.763765e-81,3.536583e-83,-1.219814e-82,-4.557279e-82,-1.229632e-81,-1.883597e-81,-2.108774e-81,-1.447379e-81,-8.936427e-82,4.977867e-82,3.859433e-81,5.683394e-81,8.820587e-81,4.085205e-81,-9.832698e-83,-5.728308e-82,-1.104628e-81,-2.125639e-81,-2.302396e-81,-1.712566e-81,-1.326211e-81,1.058213e-81,5.113855e-81,7.751296e-81,8.892635e-81,7.309053e-81,2.112939e-82,-1.181580e-82,-5.256213e-82,-1.201273e-81,-1.539123e-81,-2.018702e-82,1.870974e-82,7.797004e-82,3.434720e-81,6.283594e-81,8.388164e-81,8.573313e-81,5.967145e-81,5.933766e-82,-8.464477e-83,-1.737719e-82,-5.791697e-82,-6.358412e-82,-2.203702e-82,3.547607e-82,1.441265e-81,3.795425e-81,6.402123e-81,7.373888e-81,6.490740e-81,4.051176e-81,5.689617e-82,2.293783e-82,6.890579e-82,1.636055e-81,2.819857e-81,4.174819e-81,5.548637e-81,6.985211e-81,8.542264e-81,8.958970e-81,7.831694e-81,5.687068e-81,2.811096e-81,5.091380e-82,6.132910e-86,2.348032e-82,7.784043e-82,1.673885e-81,2.841222e-81,3.948867e-81,4.943138e-81,5.710823e-81,6.076777e-81,5.422918e-81,4.358511e-81,2.951075e-81,1.600968e-81,3.698266e-82,3.971082e-84,1.235427e-82,5.390975e-82,1.212468e-81,2.072348e-81,2.601817e-81,2.909446e-81,3.323130e-81,3.453701e-81,2.878450e-81,2.303997e-81,1.484204e-81,8.348321e-82,2.544212e-82,7.977567e-84,5.470499e-83,2.335738e-82,5.531558e-82,9.321619e-82,1.286332e-81,1.376822e-81,1.569762e-81,1.717814e-81,1.425272e-81,1.295407e-81,8.690787e-82,4.920667e-82,1.970199e-82,9.114213e-84,8.343339e-84,3.872809e-83,8.717415e-83,1.233739e-82,1.914276e-82,2.572495e-82,2.553934e-82,2.993228e-82,3.247003e-82,2.715061e-82,2.355961e-82,1.875574e-82,1.201594e-82,1.083189e-83,1.212912e-84,8.072408e-84,1.977403e-83,2.303152e-83,2.729104e-83,4.085404e-83,5.698491e-83,7.641597e-83,8.442071e-83,9.247042e-83,1.006055e-82,9.121853e-83,7.410393e-83,1.175791e-83,6.436417e-85,1.074865e-84,1.900693e-84,3.261553e-84,6.501274e-84,1.097811e-83,1.421715e-83,1.878409e-83,2.240499e-83,2.410991e-83,2.541561e-83,2.500876e-83,2.241801e-83,7.268789e-84,4.580225e-85,9.492229e-85,1.670188e-84,2.632133e-84,4.468960e-84,4.841179e-84,6.048842e-84,6.679851e-84,8.093000e-84,9.244857e-84,9.470950e-84,9.588727e-84,7.476668e-84,1.794045e-84
9.009407e-83,-6.708435e-82,-3.418548e-81,-6.401985e-81,-8.989573e-81,-1.271737e-80,-1.589904e-80,-2.538147e-81,2.426826e-83,-1.642849e-82,-3.881994e-82,-1.440294e-81,-3.105982e-81,-3.334267e-81,-3.936223e-81,-3.408495e-81,-1.276862e-81,2.394645e-81,-3.880833e-82,-9.107233e-83,-1.036635e-81,-2.154500e-81,-2.638269e-81,-4.144172e-81,-3.876288e-81,-3.609229e-81,-1.973691e-81,2.954402e-82,4.356071e-81,9.346856e-82,-1.494821e-82,-1.022600e-81,-1.676709e-81,-2.720837e-81,-3.899455e-81,-2.616386e-81,-1.879860e-81,8.526975e-83,3.426237e-81,8.129442e-81,8.877791e-81,4.698377e-83,-1.585495e-82,-5.797083e-82,-1.572445e-81,-2.410655e-81,-2.703265e-81,-1.832184e-81,-1.052656e-81,7.250393e-82,5.088573e-81,7.470658e-81,1.157040e-80,5.358616e-81,-1.330911e-82,-7.452904e-82,-1.448989e-81,-2.781525e-81,-3.001113e-81,-2.275360e-81,-1.597107e-81,1.414878e-81,6.726299e-81,1.017400e-80,1.164374e-80,9.587958e-81,2.780295e-82,-1.562952e-82,-6.673030e-82,-1.551593e-81,-2.008352e-81,-2.049388e-82,3.343937e-82,1.095241e-81,4.565865e-81,8.249056e-81,1.097502e-80,1.122778e-80,7.809998e-81,7.792077e-82,-1.068125e-82,-2.154230e-82,-7.389695e-82,-7.890620e-82,-2.284436e-82,5.124738e-82,1.932425e-81,5.004377e-81,8.405668e-81,9.644063e-81,8.502478e-81,5.309877e-81,7.473430e-82,3.063563e-82,9.103359e-82,2.162929e-81,3.720996e-81,5.406010e-81,7.311336e-81,9.174732e-81,1.119409e-80,1.172230e-80,1.023139e-80,7.441040e-81,3.683599e-81,6.664601e-82,7.939973e-86,3.096254e-82,1.028384e-81,2.182079e-81,3.707537e-81,5.230207e-81,6.479804e-81,7.476200e-81,7.954048e-81,7.095422e-81,5.702101e-81,3.861109e-81,2.098177e-81,4.835664e-82,5.128057e-84,1.597798e-82,7.080411e-82,1.581314e-81,2.601817e-81,3.515497e-81,3.836579e-81,4.336612e-81,4.521910e-81,3.768014e-81,3.012490e-81,1.939588e-81,1.095665e-81,3.340233e-82,1.034045e-83,7.084744e-83,3.074551e-82,7.358805e-82,1.177253e-81,1.683462e-81,1.841361e-81,2.036303e-81,2.241274e-81,1.867647e-81,1.694276e-81,1.135898e-81,6.442181e-82,2.590151e-82,1.183377e-83,1.103096e-83,5.055604e-83,1.158855e-82,1.673919e-82,2.497697e-82,3.370479e-82,3.369077e-82,3.901187e-82,4.258892e-82,3.560567e-82,3.091662e-82,2.464038e-82,1.576173e-82,1.416706e-83,1.860859e-84,1.129208e-83,2.554005e-83,2.966978e-83,3.629581e-83,5.452837e-83,7.542157e-83,9.931092e-83,1.105170e-82,1.217035e-82,1.315975e-82,1.198243e-82,9.730242e-83,1.544866e-83,8.581600e-85,1.417476e-84,2.718197e-84,4.391781e-84,8.582773e-84,1.459114e-83,1.840294e-83,2.431220e-83,2.933470e-83,3.171702e-83,3.329546e-83,3.264506e-83,2.943773e-83,9.553682e-84,5.670198e-85,1.189275e-84,2.211380e-84,3.329558e-84,5.894694e-84,6.544036e-84,7.961086e-84,8.770382e-84,1.057939e-83,1.203197e-83,1.234840e-83,1.249927e-83,9.800755e-84,2.355823e-84
9.859034e-83,-7.828581e-82,-3.871619e-81,-7.277169e-81,-1.016385e-80,-1.432590e-80,-1.783931e-80,-2.708851e-81,3.959680e-83,-1.810460e-82,-4.649166e-82,-1.620802e-81,-3.515672e-81,-3.785286e-81,-4.443442e-81,-3.864144e-81,-1.459095e-81,2.894655e-81,-3.918544e-82,-1.063439e-82,-1.161857e-81,-2.441527e-81,-2.982397e-81,-4.674350e-81,-4.343884e-81,-4.050562e-81,-2.229106e-81,3.659321e-82,5.063046e-81,1.080090e-81,-1.615098e-82,-1.150688e-81,-1.885372e-81,-3.076363e-81,-4.366771e-81,-2.968252e-81,-2.157676e-81,1.039168e-82,3.926810e-81,9.167838e-81,1.003955e-80,5.134292e-83,-1.779824e-82,-6.537522e-82,-1.787737e-81,-2.732445e-81,-3.079570e-81,-2.086216e-81,-1.244063e-81,8.319755e-82,5.784073e-81,8.479003e-81,1.309501e-80,6.018444e-81,-1.416536e-82,-8.330187e-82,-1.602354e-81,-3.131318e-81,-3.360272e-81,-2.485821e-81,-1.866384e-81,1.633327e-81,7.598298e-81,1.153362e-80,1.318402e-80,1.078545e-80,3.098080e-82,-1.683281e-82,-7.574892e-82,-1.740466e-81,-2.226203e-81,-2.976295e-82,3.877161e-82,1.228046e-81,5.137599e-81,9.345051e-81,1.244834e-80,1.269326e-80,8.809246e-81,8.743127e-82,-1.197394e-82,-2.500655e-82,-8.357362e-82,-8.956230e-82,-3.135308e-82,5.725614e-82,2.187394e-81,5.661954e-81,9.487151e-81,1.091444e-80,9.596780e-81,5.984208e-81,8.377556e-82,3.388681e-82,1.030446e-81,2.442874e-81,4.191849e-81,6.101332e-81,8.161376e-81,1.033244e-80,1.262697e-80,1.322779e-80,1.155557e-80,8.394149e-81,4.147444e-81,7.502391e-82,8.923553e-86,3.452002e-82,1.159439e-81,2.460241e-81,4.108657e-81,5.882580e-81,7.339272e-81,8.368200e-81,8.970403e-81,7.996974e-81,6.425179e-81,4.353277e-81,2.364547e-81,5.451292e-82,5.863266e-84,1.822646e-82,7.999995e-82,1.784744e-81,2.909446e-81,3.836579e-81,4.432359e-81,4.930397e-81,5.079411e-81,4.251437e-81,3.396201e-81,2.187395e-81,1.231048e-81,3.750852e-82,1.181141e-83,8.091647e-83,3.450104e-82,8.234643e-82,1.328119e-81,1.854844e-81,2.083299e-81,2.354655e-81,2.523367e-81,2.105844e-81,1.908226e-81,1.278909e-81,7.247787e-82,2.898308e-82,1.348389e-83,1.221566e-83,5.677417e-83,1.296341e-82,1.882157e-82,2.831401e-82,3.798441e-82,3.787696e-82,4.380211e-82,4.782798e-82,4.013198e-82,3.478734e-82,2.757445e-82,1.767801e-82,1.597209e-83,1.845695e-84,1.220602e-83,2.917173e-83,3.377073e-83,4.054739e-83,6.096022e-83,8.529182e-83,1.127777e-82,1.243782e-82,1.360363e-82,1.487766e-82,1.343505e-82,1.090378e-82,1.726123e-83,9.349472e-85,1.560612e-84,2.993315e-84,4.806807e-84,9.301830e-84,1.613676e-83,2.052504e-83,2.756318e-83,3.306595e-83,3.558548e-83,3.742089e-83,3.697803e-83,3.294331e-83,1.064823e-83,6.317334e-85,1.424420e-84,2.493040e-84,3.871987e-84,6.585127e-84,7.196460e-84,8.999167e-84,9.858521e-84,1.184825e-83,1.355212e-83,1.383868e-83,1.408865e-83,1.102378e-83,2.637539e-84
1.071540e-82,-9.253493e-82,-4.510416e-81,-8.484292e-81,-1.187906e-80,-1.675542e-80,-2.087408e-80,-3.535953e-81,3.056167e-83,-2.228047e-82,-5.743505e-82,-1.994912e-81,-4.251140e-81,-4.643402e-81,-5.554321e-81,-4.937381e-81,-2.350706e-81,2.720715e-81,-5.106457e-82,-1.379519e-82,-1.398083e-81,-2.932726e-81,-3.670182e-81,-5.724023e-81,-5.452918e-81,-5.187563e-81,-3.226493e-81,-3.283191e-82,5.124165e-81,1.171255e-81,-2.032585e-82,-1.384494e-81,-2.321708e-81,-3.796271e-81,-5.391151e-81,-3.882274e-81,-3.051682e-81,-5.512717e-82,3.780690e-81,9.787298e-81,1.110681e-80,5.722763e-83,-2.217221e-82,-8.145275e-82,-2.205128e-81,-3.389068e-81,-3.860522e-81,-2.885954e-81,-1.958238e-81,3.455021e-82,5.955028e-81,9.103552e-81,1.455775e-80,6.787014e-81,-1.792060e-82,-1.022517e-81,-2.001239e-81,-3.875981e-81,-4.246065e-81,-3.334687e-81,-2.688774e-81,1.297148e-81,8.123891e-81,1.270639e-80,1.476354e-80,1.222036e-80,3.525989e-82,-2.141783e-82,-9.405606e-82,-2.158324e-81,-2.839433e-81,-7.125805e-82,-2.739457e-84,8.962419e-82,5.345467e-81,1.019023e-80,1.384006e-80,1.427162e-80,9.990980e-81,9.943484e-82,-1.541245e-82,-3.483588e-82,-1.112033e-81,-1.268980e-81,-6.699002e-82,2.887799e-82,2.091896e-81,6.069886e-81,1.049216e-80,1.221092e-80,1.082748e-80,6.790434e-81,9.532279e-82,3.800116e-82,1.142085e-81,2.719093e-81,4.703087e-81,6.801853e-81,9.142740e-81,1.158384e-80,1.426551e-80,1.500236e-80,1.311793e-80,9.552905e-81,4.720408e-81,8.533997e-82,1.009549e-85,3.930584e-82,1.309324e-81,2.774870e-81,4.677188e-81,6.581294e-81,8.342012e-81,9.559154e-81,1.015844e-80,9.094010e-81,7.306596e-81,4.954871e-81,2.691291e-81,6.189269e-82,6.652567e-84,2.067454e-82,9.100519e-82,2.029516e-81,3.323130e-81,4.336612e-81,4.930397e-81,5.710330e-81,5.798867e-81,4.832496e-81,3.867300e-81,2.485487e-81,1.397012e-81,4.241843e-82,1.341071e-83,9.185407e-83,3.927400e-82,9.386780e-82,1.511909e-81,2.117998e-81,2.321515e-81,2.661363e-81,2.896468e-81,2.383148e-81,2.167479e-81,1.449358e-81,8.183347e-82,3.270319e-82,1.527788e-83,1.370517e-83,6.372386e-83,1.448743e-82,2.082234e-82,3.176428e-82,4.277954e-82,4.226674e-82,4.906704e-82,5.350944e-82,4.475636e-82,3.881774e-82,3.077366e-82,1.987967e-82,1.811506e-83,1.926282e-84,1.359270e-83,3.213870e-83,3.588634e-83,4.229505e-83,6.559441e-83,9.339871e-83,1.248222e-82,1.373569e-82,1.513357e-82,1.659516e-82,1.502691e-82,1.229228e-82,1.960882e-83,1.008947e-84,1.600203e-84,3.084075e-84,4.852675e-84,9.838504e-84,1.736996e-83,2.225700e-83,3.007448e-83,3.642712e-83,3.935457e-83,4.148270e-83,4.114535e-83,3.703145e-83,1.213383e-83,7.020879e-85,1.545852e-84,2.797311e-84,4.281487e-84,7.422974e-84,8.061322e-84,1.014656e-83,1.110369e-83,1.337419e-83,1.534712e-83,1.570093e-83,1.598830e-83,1.252324e-83,3.014719e-84
1.027006e-82,-1.005031e-81,-4.868744e-81,-9.180678e-81,-1.284519e-80,-1.811691e-80,-2.271461e-80,-4.190223e-81,1.611123e-83,-2.466652e-82,-6.519891e-82,-2.230026e-81,-4.704055e-81,-5.170758e-81,-6.200366e-81,-5.700205e-81,-3.077566e-81,2.294615e-81,-6.011976e-82,-1.649533e-82,-1.518265e-81,-3.206573e-81,-4.033827e-81,-6.324001e-81,-6.157461e-81,-5.977937e-81,-3.941952e-81,-9.728053e-82,4.834080e-81,1.170429e-81,-2.263919e-82,-1.515497e-81,-2.573356e-81,-4.192615e-81,-6.047025e-81,-4.429081e-81,-3.654510e-81,-1.098566e-81,3.348441e-81,9.774487e-81,1.135201e-80,5.855915e-83,-2.450649e-82,-9.199005e-82,-2.460672e-81,-3.795594e-81,-4.385711e-81,-3.380601e-81,-2.487184e-81,-1.375303e-82,5.714320e-81,9.063130e-81,1.494023e-80,7.045589e-81,-2.031918e-82,-1.139103e-81,-2.238166e-81,-4.265587e-81,-4.769549e-81,-3.874203e-81,-3.281503e-81,8.732238e-82,8.087266e-81,1.286758e-80,1.518411e-80,1.270056e-80,3.678246e-82,-2.393363e-82,-1.045626e-81,-2.405373e-81,-3.205628e-81,-1.025966e-81,-4.087791e-82,5.349727e-82,5.178949e-81,1.027312e-80,1.415057e-80,1.475199e-80,1.038552e-80,1.036273e-81,-1.763142e-82,-4.219237e-82,-1.285717e-81,-1.558163e-81,-9.446607e-82,-1.422021e-84,1.856133e-81,6.035190e-81,1.071295e-80,1.256967e-80,1.122016e-80,7.055464e-81,9.939335e-82,3.902976e-82,1.153617e-81,2.778098e-81,4.816226e-81,7.034518e-81,9.430515e-81,1.195059e-80,1.475123e-80,1.557927e-80,1.364152e-80,9.937909e-81,4.911336e-81,8.886530e-82,1.070975e-85,4.086063e-82,1.349117e-81,2.872724e-81,4.838333e-81,6.848709e-81,8.544369e-81,9.924293e-81,1.060374e-80,9.444609e-81,7.606318e-81,5.157026e-81,2.798697e-81,6.422050e-82,6.883500e-84,2.147875e-82,9.436333e-82,2.108890e-81,3.453701e-81,4.521910e-81,5.079411e-81,5.798867e-81,6.123612e-81,5.033689e-81,4.016073e-81,2.584840e-81,1.448315e-81,4.386592e-82,1.381268e-83,9.505504e-83,4.078911e-82,9.736644e-82,1.572071e-81,2.204805e-81,2.408957e-81,2.721722e-81,3.015055e-81,2.492393e-81,2.246005e-81,1.502869e-81,8.448909e-82,3.380640e-82,1.576900e-83,1.412872e-83,6.561620e-83,1.479385e-82,2.105169e-82,3.262330e-82,4.419636e-82,4.356905e-82,5.064328e-82,5.511975e-82,4.570566e-82,3.967810e-82,3.161181e-82,2.050435e-82,1.869628e-83,1.868597e-84,1.364330e-83,3.221029e-83,3.559866e-83,4.228261e-83,6.506543e-83,9.356586e-83,1.273830e-82,1.409318e-82,1.550311e-82,1.692891e-82,1.537260e-82,1.267033e-82,2.032012e-83,9.731999e-85,1.495328e-84,2.698587e-84,4.245635e-84,9.735753e-84,1.744220e-83,2.274311e-83,3.064424e-83,3.731937e-83,4.015567e-83,4.249203e-83,4.185593e-83,3.820199e-83,1.261659e-83,7.665727e-85,1.600450e-84,2.854900e-84,4.506178e-84,7.611510e-84,8.250709e-84,1.044331e-83,1.149629e-83,1.398796e-83,1.598971e-83,1.639345e-83,1.656940e-83,1.298421e-83,3.138984e-84
1.050171e-82,-7.583155e-82,-3.894756e-81,-7.366900e-81,-1.030823e-80,-1.453609e-80,-1.816362e-80,-2.975576e-81,3.009548e-83,-1.842375e-82,-4.841373e-82,-1.703881e-81,-3.641845e-81,-3.947417e-81,-4.659878e-81,-4.159770e-81,-1.870065e-81,2.581313e-81,-4.306489e-82,-1.215724e-82,-1.191629e-81,-2.505401e-81,-3.100447e-81,-4.859758e-81,-4.592640e-81,-4.359454e-81,-2.568576e-81,-2.815940e-83,4.679580e-81,1.034786e-81,-1.698823e-82,-1.188140e-81,-1.969164e-81,-3.220538e-81,-4.582272e-81,-3.197014e-81,-2.488335e-81,-2.582173e-82,3.524566e-81,8.763377e-81,9.769639e-81,4.924512e-83,-1.856929e-82,-6.892626e-82,-1.866755e-81,-2.863712e-81,-3.220981e-81,-2.349800e-81,-1.533321e-81,5.090614e-82,5.389498e-81,8.120285e-81,1.278069e-80,5.911215e-81,-1.478903e-82,-8.715476e-82,-1.694811e-81,-3.268952e-81,-3.563866e-81,-2.768519e-81,-2.185004e-81,1.300947e-81,7.270487e-81,1.118773e-80,1.293146e-80,1.063338e-80,3.058029e-82,-1.791113e-82,-7.922388e-82,-1.821204e-81,-2.378938e-81,-5.053674e-82,1.310241e-82,9.455503e-82,4.822969e-81,9.029681e-81,1.216352e-80,1.249958e-80,8.690921e-81,8.632955e-82,-1.295080e-82,-2.886674e-82,-9.146941e-82,-1.046414e-81,-4.711941e-82,3.737054e-82,1.938770e-81,5.421462e-81,9.268021e-81,1.071713e-80,9.460323e-81,5.903835e-81,8.295375e-82,3.327284e-82,9.969340e-82,2.383272e-81,4.121236e-81,5.997935e-81,8.046338e-81,1.011420e-80,1.241337e-80,1.305850e-80,1.143457e-80,8.309009e-81,4.097622e-81,7.441262e-82,8.978985e-86,3.412569e-82,1.134998e-81,2.415400e-81,4.068497e-81,5.738840e-81,7.201886e-81,8.261671e-81,8.858204e-81,7.927186e-81,6.342986e-81,4.318037e-81,2.343784e-81,5.400071e-82,5.878424e-84,1.794875e-82,7.874286e-82,1.759294e-81,2.878450e-81,3.768014e-81,4.251437e-81,4.832496e-81,5.033689e-81,4.283941e-81,3.364839e-81,2.168568e-81,1.221880e-81,3.708171e-82,1.173301e-83,7.960214e-83,3.404553e-82,8.134699e-82,1.311034e-81,1.837418e-81,2.016369e-81,2.285323e-81,2.492869e-81,2.096173e-81,1.900990e-81,1.261331e-81,7.196056e-82,2.868583e-82,1.338152e-83,1.209752e-83,5.623889e-83,1.267968e-82,1.804260e-82,2.771815e-82,3.751860e-82,3.735710e-82,4.345419e-82,4.715468e-82,3.932453e-82,3.421228e-82,2.732486e-82,1.755137e-82,1.583011e-83,1.774787e-84,1.170404e-83,2.810447e-83,3.252097e-83,3.820033e-83,5.834601e-83,8.310064e-83,1.122040e-82,1.238939e-82,1.354281e-82,1.473102e-82,1.336664e-82,1.082848e-82,1.711884e-83,8.571903e-85,1.409049e-84,2.626802e-84,4.173153e-84,8.803751e-84,1.543514e-83,1.997420e-83,2.684062e-83,3.271703e-83,3.513759e-83,3.717921e-83,3.660287e-83,3.268718e-83,1.058276e-83,6.434958e-85,1.394869e-84,2.430782e-84,3.775243e-84,6.419343e-84,6.957643e-84,8.816713e-84,9.727790e-84,1.176425e-83,1.352478e-83,1.381085e-83,1.397338e-83,1.091277e-83,2.617669e-84
8.686919e-83,-5.853966e-82,-3.038648e-81,-5.705438e-81,-7.989844e-81,-1.122567e-80,-1.391043e-80,-2.058258e-81,2.913351e-83,-1.353250e-82,-3.419670e-82,-1.251129e-81,-2.691607e-81,-2.855992e-81,-3.334931e-81,-2.813961e-81,-9.099202e-82,2.483775e-81,-3.148065e-82,-8.014391e-83,-9.002419e-82,-1.873461e-81,-2.255841e-81,-3.549522e-81,-3.230840e-81,-2.947736e-81,-1.453017e-81,5.936134e-82,4.226802e-81,8.759068e-82,-1.218611e-82,-8.913274e-82,-1.436242e-81,-2.338929e-81,-3.307002e-81,-2.135900e-81,-1.516840e-81,3.750123e-82,3.399656e-81,7.475830e-81,8.081728e-81,4.052308e-83,-1.327057e-82,-4.937961e-82,-1.344730e-81,-2.042220e-81,-2.243691e-81,-1.466453e-81,-7.653623e-82,9.406359e-82,4.829960e-81,6.906783e-81,1.047448e-80,4.791774e-81,-1.022225e-82,-6.332407e-82,-1.215927e-81,-2.367225e-81,-2.508632e-81,-1.799970e-81,-1.287475e-81,1.541644e-81,6.243653e-81,9.302004e-81,1.054520e-80,8.556791e-81,2.453206e-82,-1.272770e-82,-5.707541e-82,-1.312811e-81,-1.665743e-81,-7.340984e-83,4.786419e-82,1.162957e-81,4.291422e-81,7.610921e-81,9.991598e-81,1.013210e-80,6.980014e-81,6.909774e-82,-8.705995e-83,-1.768375e-82,-6.035031e-82,-6.271330e-82,-9.614024e-83,6.162910e-82,1.883168e-81,4.659617e-81,7.676977e-81,8.754774e-81,7.634351e-81,4.733883e-81,6.640181e-82,2.737502e-82,8.240229e-82,1.963132e-81,3.382629e-81,4.906820e-81,6.554305e-81,8.222769e-81,1.002059e-80,1.049497e-80,9.168899e-81,6.649961e-81,3.274170e-81,5.963165e-82,7.242502e-86,2.746260e-82,9.160835e-82,1.950576e-81,3.280142e-81,4.621739e-81,5.786264e-81,6.650660e-81,7.076902e-81,6.349876e-81,5.100211e-81,3.445027e-81,1.877139e-81,4.342203e-82,4.816645e-84,1.433832e-82,6.295232e-82,1.407691e-81,2.303997e-81,3.012490e-81,3.396201e-81,3.867300e-81,4.016073e-81,3.364839e-81,2.759562e-81,1.741098e-81,9.822244e-82,2.989379e-82,9.547490e-84,6.352449e-83,2.723458e-82,6.515216e-82,1.049515e-81,1.471905e-81,1.612694e-81,1.828318e-81,2.000256e-81,1.661431e-81,1.529689e-81,1.027271e-81,5.797449e-82,2.319830e-82,1.084031e-83,9.953491e-84,4.585860e-83,1.038554e-82,1.477673e-82,2.256680e-82,3.056080e-82,3.051103e-82,3.552594e-82,3.867968e-82,3.241168e-82,2.816628e-82,2.234017e-82,1.422940e-82,1.281112e-83,1.701178e-84,9.804708e-84,2.369807e-83,2.819547e-83,3.342317e-83,5.033246e-83,7.066351e-83,9.396279e-83,1.037465e-82,1.136311e-82,1.220206e-82,1.101317e-82,8.779375e-83,1.377267e-83,7.614986e-85,1.288431e-84,2.401915e-84,3.895217e-84,7.589192e-84,1.309749e-83,1.695314e-83,2.263698e-83,2.727886e-83,2.948580e-83,3.101022e-83,3.010880e-83,2.645827e-83,8.464671e-84,5.134302e-85,1.095251e-84,1.972868e-84,3.009462e-84,5.226979e-84,5.640966e-84,7.094151e-84,7.860782e-84,9.467361e-84,1.088717e-83,1.117689e-83,1.122571e-83,8.717151e-84,2.077197e-84
9.368486e-83,-2.244699e-82,-1.640543e-81,-3.152083e-81,-4.392813e-81,-6.231749e-81,-7.746172e-81,-6.207994e-82,4.010652e-83,-5.776691e-83,-1.281110e-82,-5.689012e-82,-1.306779e-81,-1.240058e-81,-1.352544e-81,-9.132516e-82,4.472652e-82,2.398696e-81,-1.217824e-82,-2.881424e-83,-4.770623e-82,-9.554229e-82,-1.038747e-81,-1.681391e-81,-1.319045e-81,-1.040681e-81,3.658339e-83,1.418955e-81,3.492284e-81,6.205300e-82,-5.375978e-83,-4.661652e-82,-6.858203e-82,-1.094724e-81,-1.525958e-81,-6.618095e-82,-1.676606e-82,1.134116e-81,3.086967e-81,5.606714e-81,5.495999e-81,2.732034e-83,-5.896437e-83,-2.218389e-82,-6.328907e-82,-9.295834e-82,-8.932542e-82,-2.949521e-82,2.238371e-82,1.412464e-81,3.867116e-81,5.114286e-81,7.068174e-81,3.104720e-81,-3.968362e-83,-3.074243e-82,-5.474338e-82,-1.104367e-81,-1.052943e-81,-5.094527e-82,-8.542767e-83,1.734681e-81,4.665677e-81,6.466176e-81,7.041928e-81,5.516941e-81,1.566839e-82,-5.187266e-83,-2.632758e-82,-6.034928e-82,-6.662074e-82,4.206885e-82,8.876734e-82,1.413033e-81,3.394968e-81,5.440455e-81,6.802388e-81,6.701521e-81,4.508207e-81,4.416710e-82,-3.233001e-83,-2.857005e-83,-1.882558e-82,-7.155984e-83,3.566826e-82,8.883596e-82,1.741881e-81,3.481163e-81,5.293098e-81,5.872281e-81,5.022123e-81,3.067229e-81,4.285119e-82,1.838728e-82,5.678889e-82,1.343236e-81,2.314963e-81,3.318308e-81,4.393815e-81,5.447642e-81,6.588921e-81,6.816188e-81,5.921306e-81,4.277732e-81,2.106938e-81,3.877487e-82,4.753831e-86,1.772651e-82,6.012769e-82,1.284025e-81,2.152072e-81,3.021771e-81,3.756647e-81,4.317326e-81,4.588733e-81,4.088983e-81,3.290162e-81,2.243995e-81,1.215878e-81,2.855544e-82,3.218539e-84,9.291475e-83,4.058862e-82,9.055877e-82,1.484204e-81,1.939588e-81,2.187395e-81,2.485487e-81,2.584840e-81,2.168568e-81,1.741098e-81,1.170859e-81,6.524939e-82,2.004776e-82,6.352108e-84,4.162182e-83,1.762863e-82,4.186614e-82,6.783416e-82,9.491443e-82,1.046597e-81,1.183590e-81,1.291855e-81,1.082725e-81,9.830945e-82,6.806108e-82,4.007421e-82,1.576176e-82,7.268724e-84,6.878587e-84,3.100491e-83,6.996561e-83,1.011249e-82,1.536763e-82,2.059595e-82,2.085399e-82,2.418189e-82,2.632813e-82,2.243058e-82,1.987897e-82,1.603278e-82,9.874126e-83,8.573743e-84,1.415666e-84,7.056673e-84,1.704304e-83,2.187102e-83,2.684836e-83,3.808791e-83,5.182376e-83,6.850891e-83,7.564254e-83,8.179454e-83,8.756777e-83,7.984247e-83,6.116988e-83,9.192228e-84,5.405452e-85,1.009719e-84,1.922850e-84,3.194550e-84,5.930222e-84,9.650827e-84,1.234397e-83,1.618219e-83,1.961782e-83,2.108082e-83,2.221696e-83,2.166643e-83,1.855547e-83,5.646453e-84,3.409926e-85,7.598442e-85,1.290216e-84,2.015558e-84,3.371661e-84,3.702130e-84,4.700428e-84,5.235420e-84,6.344691e-84,7.279306e-84,7.446012e-84,7.471639e-84,5.759937e-84,1.358510e-84
9.470854e-83,2.963230e-84,-7.575379e-82,-1.528405e-81,-2.157469e-81,-3.082595e-81,-3.748761e-81,6.175285e-83,3.272143e-83,-7.156645e-84,9.500738e-84,-1.628894e-82,-4.574558e-82,-3.287620e-82,-2.786354e-82,8.680925e-83,9.778900e-82,1.905830e-81,-2.529619e-83,5.087242e-84,-1.982776e-82,-3.697999e-82,-3.020326e-82,-5.286790e-82,-1.880811e-82,9.864342e-83,7.884253e-82,1.619523e-81,2.592693e-81,4.065232e-82,-1.150433e-83,-1.819743e-82,-2.043268e-82,-3.030677e-82,-4.105325e-82,1.791770e-82,5.646189e-82,1.367668e-81,2.524086e-81,3.862084e-81,3.433292e-81,1.768524e-83,-1.147909e-83,-4.666375e-83,-1.684885e-82,-2.060186e-82,-7.218857e-83,3.729073e-82,7.445561e-82,1.481526e-81,2.856775e-81,3.478476e-81,4.344347e-81,1.825591e-81,-2.566570e-84,-9.144733e-83,-1.291056e-82,-3.000607e-82,-1.505700e-82,2.390520e-82,5.773925e-82,1.623444e-81,3.200746e-81,4.112020e-81,4.248995e-81,3.194835e-81,9.041674e-83,-6.805707e-84,-5.854823e-83,-1.441376e-82,-5.134732e-83,6.658832e-82,1.006821e-81,1.373417e-81,2.490670e-81,3.555526e-81,4.186314e-81,3.969149e-81,2.595486e-81,2.520590e-82,4.484285e-84,5.725783e-83,6.638349e-83,2.443986e-82,5.717257e-82,9.304560e-82,1.448615e-81,2.400734e-81,3.320385e-81,3.531162e-81,2.934497e-81,1.763960e-81,2.457132e-82,1.142675e-82,3.552665e-82,8.335411e-82,1.431308e-81,2.018539e-81,2.652150e-81,3.226456e-81,3.836973e-81,3.911833e-81,3.366889e-81,2.419575e-81,1.193058e-81,2.219294e-82,2.617970e-86,1.019709e-82,3.496151e-82,7.488571e-82,1.250705e-81,1.744788e-81,2.158496e-81,2.472308e-81,2.604726e-81,2.323892e-81,1.848584e-81,1.271788e-81,7.032283e-82,1.655257e-82,1.852829e-84,5.223776e-83,2.288308e-82,5.100809e-82,8.348321e-82,1.095665e-81,1.231048e-81,1.397012e-81,1.448315e-81,1.221880e-81,9.822244e-82,6.524939e-82,4.076067e-82,1.208619e-82,3.630108e-84,2.349798e-83,9.993840e-83,2.359315e-82,3.821734e-82,5.339560e-82,5.901463e-82,6.633274e-82,7.255064e-82,6.133216e-82,5.620771e-82,3.880513e-82,2.475203e-82,9.836392e-83,4.229114e-84,4.326383e-84,1.893214e-83,4.260707e-83,6.296642e-83,9.300788e-83,1.240677e-82,1.278881e-82,1.469923e-82,1.596343e-82,1.391754e-82,1.267604e-82,1.038999e-82,6.222744e-83,5.080907e-84,1.217317e-84,4.806112e-84,1.121868e-83,1.563646e-83,1.972241e-83,2.658376e-83,3.480808e-83,4.454236e-83,4.940858e-83,5.293160e-83,5.617949e-83,5.219096e-83,3.866512e-83,5.515169e-84,3.976376e-85,7.922985e-85,1.540292e-84,2.574595e-84,4.313698e-84,6.556437e-84,8.204402e-84,1.046955e-83,1.245510e-83,1.355990e-83,1.436805e-83,1.402376e-83,1.176016e-83,3.382121e-84,1.958248e-85,4.305088e-85,7.579753e-85,1.160696e-84,1.969976e-84,2.211833e-84,2.715135e-84,3.056843e-84,3.672892e-84,4.191847e-84,4.337900e-84,4.383396e-84,3.362404e-84,7.839594e-85
4.236995e-83,5.387085e-83,-1.227686e-82,-2.830414e-82,-3.984800e-82,-5.868696e-82,-6.841048e-82,2.757934e-82,1.721237e-83,8.361506e-84,3.670046e-83,3.039196e-83,6.560671e-84,9.711040e-83,1.833587e-82,3.410543e-82,6.724565e-82,8.523859e-82,2.192192e-83,1.033186e-83,-2.431865e-83,-2.922557e-83,4.379337e-83,4.231689e-83,1.965440e-82,3.288700e-82,5.772927e-82,8.484360e-82,1.051991e-81,1.479500e-82,5.339836e-84,-1.903063e-83,1.769419e-83,4.355797e-83,7.364485e-83,2.891083e-82,4.483062e-82,7.180602e-82,1.082986e-81,1.440935e-81,1.162938e-81,6.753769e-84,5.859014e-84,1.820128e-83,2.810043e-83,6.931623e-83,1.574223e-82,3.248363e-82,4.747475e-82,7.197844e-82,1.130358e-81,1.280863e-81,1.446498e-81,5.775253e-82,8.180943e-84,7.761880e-84,3.906739e-83,4.731417e-83,1.380819e-82,2.919313e-82,4.250041e-82,7.456880e-82,1.192956e-81,1.407748e-81,1.378676e-81,9.911562e-82,2.848534e-83,7.742778e-84,1.818090e-83,3.674981e-83,1.169618e-82,3.640958e-82,4.996010e-82,6.424046e-82,9.713935e-82,1.252999e-81,1.392385e-81,1.259275e-81,7.993038e-82,7.759002e-83,9.806668e-84,4.684445e-83,8.837960e-83,1.829006e-82,3.135307e-82,4.446801e-82,6.155247e-82,8.860630e-82,1.120855e-81,1.141812e-81,9.189057e-82,5.442207e-82,7.560571e-83,3.807815e-83,1.216059e-82,2.817823e-82,4.786019e-82,6.694356e-82,8.643095e-82,1.035544e-81,1.200707e-81,1.195899e-81,1.025196e-81,7.318916e-82,3.657918e-82,6.796356e-83,7.743211e-87,3.143689e-83,1.105026e-82,2.372098e-82,3.931526e-82,5.455400e-82,6.686911e-82,7.651138e-82,7.975201e-82,7.064463e-82,5.638632e-82,3.840210e-82,2.142023e-82,5.307740e-83,5.349754e-85,1.619891e-83,6.995746e-83,1.557243e-82,2.544212e-82,3.340233e-82,3.750852e-82,4.241843e-82,4.386592e-82,3.708171e-82,2.989379e-82,2.004776e-82,1.208619e-82,4.232838e-83,1.081584e-84,7.333391e-84,3.072089e-83,7.202450e-83,1.171826e-82,1.631682e-82,1.805988e-82,2.023408e-82,2.195748e-82,1.868145e-82,1.715093e-82,1.212730e-82,7.768174e-83,3.378343e-83,1.333569e-84,1.500754e-84,6.413440e-84,1.444417e-83,2.139533e-83,3.107525e-83,4.096184e-83,4.271651e-83,4.847798e-83,5.221592e-83,4.609774e-83,4.276297e-83,3.584234e-83,2.138227e-83,1.656308e-84,4.850217e-85,1.699277e-84,3.949543e-84,5.782389e-84,7.321715e-84,9.523864e-84,1.203304e-83,1.509443e-83,1.644707e-83,1.753555e-83,1.866011e-83,1.750362e-83,1.307963e-83,1.829107e-84,1.605997e-85,3.550621e-85,6.702378e-85,1.114748e-84,1.736870e-84,2.432924e-84,2.972109e-84,3.634249e-84,4.182394e-84,4.557139e-84,4.893866e-84,4.848262e-84,4.067579e-84,1.125952e-84,6.485385e-86,1.395609e-85,2.510694e-85,3.895891e-85,6.406157e-85,7.202131e-85,8.530133e-85,9.552794e-85,1.136931e-84,1.295366e-84,1.354261e-84,1.398978e-84,1.085866e-84,2.536202e-85
-2.610764e-86,-2.088897e-84,-7.238994e-84,-1.212934e-83,-1.604087e-83,-2.156321e-83,-2.392961e-83,6.458268e-84,4.164939e-85,-2.883364e-85,-4.412147e-85,-1.087880e-84,-2.611991e-84,-5.283084e-85,8.419060e-85,5.368886e-84,1.501414e-83,2.437748e-83,4.129871e-85,5.437135e-86,-1.610834e-84,-2.784039e-84,-1.632904e-84,-3.008367e-84,8.339757e-85,3.924530e-84,1.101509e-83,2.023600e-83,2.989089e-83,4.287037e-84,-7.057532e-86,-1.492528e-84,-1.308280e-84,-1.826713e-84,-1.809598e-84,3.411035e-84,6.658489e-84,1.549523e-83,2.673010e-83,3.818450e-83,3.437034e-83,1.383165e-85,-9.039708e-86,-2.379930e-85,-9.328898e-85,-8.152857e-85,8.280333e-85,5.022331e-84,8.354431e-84,1.617692e-83,2.908515e-83,3.480003e-83,4.213265e-83,1.737172e-83,4.372102e-86,-6.519805e-85,-6.559927e-85,-2.019381e-84,-1.191689e-85,3.758646e-84,6.717069e-84,1.695685e-83,3.124990e-83,4.076484e-83,4.122576e-83,3.012914e-83,8.176608e-85,-4.564197e-86,-4.299666e-85,-9.081057e-85,1.996367e-85,6.683610e-84,1.047105e-83,1.347212e-83,2.443978e-83,3.499969e-83,4.065121e-83,3.827351e-83,2.445511e-83,2.341487e-84,6.207756e-86,6.161644e-85,9.242264e-85,2.803501e-84,5.887311e-84,9.421459e-84,1.398403e-83,2.330933e-83,3.210553e-83,3.425776e-83,2.808093e-83,1.638067e-83,2.294930e-84,1.052564e-84,3.370011e-84,7.856858e-84,1.355003e-83,1.907127e-83,2.489331e-83,3.030503e-83,3.648949e-83,3.761902e-83,3.253791e-83,2.315615e-83,1.098521e-83,2.130107e-84,3.342851e-88,9.490734e-85,3.314441e-84,7.066930e-84,1.186691e-83,1.644024e-83,2.043771e-83,2.317776e-83,2.469268e-83,2.217872e-83,1.766629e-83,1.216649e-83,6.566272e-84,1.590493e-84,2.896705e-86,4.972422e-85,2.187316e-84,4.867644e-84,7.977567e-84,1.034045e-83,1.181141e-83,1.341071e-83,1.381268e-83,1.173301e-83,9.547490e-84,6.352108e-84,3.630108e-84,1.081584e-84,6.391403e-86,2.223350e-85,9.408671e-85,2.250064e-84,3.632075e-84,5.094326e-84,5.746052e-84,6.470593e-84,7.056887e-84,5.980892e-84,5.498972e-84,3.880807e-84,2.331537e-84,8.401718e-85,5.588821e-86,3.866826e-86,1.667512e-85,3.896432e-85,5.799384e-85,8.659627e-85,1.176190e-84,1.213510e-84,1.415434e-84,1.557594e-84,1.361914e-84,1.227762e-84,9.619257e-85,5.145461e-85,5.119599e-86,1.316903e-86,4.689814e-86,1.224364e-85,1.736203e-85,2.130716e-85,2.965367e-85,3.948179e-85,4.942254e-85,5.465881e-85,5.667677e-85,5.799873e-85,5.050462e-85,3.250523e-85,4.670617e-86,2.726076e-87,3.719357e-87,9.033062e-87,1.692023e-86,3.000107e-86,5.365778e-86,7.206461e-86,9.935890e-86,1.243731e-85,1.322969e-85,1.327370e-85,1.249147e-85,9.373353e-86,2.722198e-86,1.814573e-87,4.560282e-87,7.509199e-87,1.076356e-86,1.873314e-86,2.052693e-86,2.669421e-86,3.068173e-86,3.687977e-86,4.270590e-86,4.215560e-86,4.090560e-86,2.954643e-86,6.562629e-87
3.170303e-84,-6.495508e-84,-4.319221e-83,-8.415279e-83,-1.126628e-82,-1.648823e-82,-2.059482e-82,7.087833e-84,2.392381e-84,-1.544322e-84,-3.671103e-84,-1.292391e-83,-3.202479e-83,-2.431187e-83,-2.063624e-83,-8.637839e-85,4.738680e-83,1.037436e-82,-1.481519e-84,-5.976998e-85,-1.483547e-83,-2.789152e-83,-2.784882e-83,-4.364016e-83,-3.110267e-83,-1.893621e-83,1.774128e-83,6.607912e-83,1.309942e-82,2.202145e-83,-1.237987e-84,-1.443187e-83,-2.138384e-83,-3.241818e-83,-4.066989e-83,-1.447685e-83,8.428783e-84,5.225046e-83,1.187018e-82,1.995418e-82,1.921229e-82,1.042015e-84,-1.676371e-84,-6.887551e-84,-2.048842e-83,-2.860161e-83,-2.177022e-83,-6.748015e-84,1.654518e-83,5.991882e-83,1.451115e-82,1.857450e-82,2.504060e-82,1.078141e-82,-7.587387e-85,-9.578878e-84,-1.569856e-83,-3.432265e-83,-2.864504e-83,-8.695306e-84,6.082087e-84,7.181511e-83,1.720321e-82,2.311871e-82,2.503374e-82,1.949217e-82,5.623876e-84,-1.145676e-84,-8.314326e-84,-1.940308e-83,-1.810054e-83,1.734796e-83,3.823328e-83,5.949099e-83,1.261978e-82,1.990806e-82,2.433508e-82,2.375822e-82,1.615840e-82,1.584060e-83,-6.536483e-85,3.988084e-85,-6.315725e-84,-4.228372e-85,1.344564e-83,3.671295e-83,6.762812e-83,1.268987e-82,1.894448e-82,2.102213e-82,1.794881e-82,1.107294e-82,1.543135e-83,5.823250e-84,2.103509e-83,4.905474e-83,8.494892e-83,1.218402e-82,1.604949e-82,1.975980e-82,2.396889e-82,2.463025e-82,2.143212e-82,1.546928e-82,7.676253e-83,1.396221e-83,1.669831e-87,6.124147e-84,2.026172e-83,4.688024e-83,7.850749e-83,1.117293e-82,1.377254e-82,1.589601e-82,1.681911e-82,1.500122e-82,1.198689e-82,8.141891e-83,4.403245e-83,1.030172e-83,1.080440e-85,5.567467e-84,1.479196e-83,3.273000e-83,5.470499e-83,7.084744e-83,8.091647e-83,9.185407e-83,9.505504e-83,7.960214e-83,6.352449e-83,4.162182e-83,2.349798e-83,7.333391e-84,2.223350e-85,3.840561e-84,7.636751e-84,1.505258e-83,2.537330e-83,3.507360e-83,3.958021e-83,4.452505e-83,4.785155e-83,3.963454e-83,3.603039e-83,2.447184e-83,1.431066e-83,5.746239e-84,2.609204e-85,4.407998e-85,1.029753e-84,2.251520e-84,3.811602e-84,5.850352e-84,7.597408e-84,7.759673e-84,8.852524e-84,9.483807e-84,8.092826e-84,7.131450e-84,5.732439e-84,3.609807e-84,3.141305e-85,-5.345392e-88,2.024421e-85,5.696305e-85,7.731368e-85,8.934409e-85,1.343679e-84,1.824279e-84,2.427654e-84,2.612050e-84,2.841630e-84,3.118729e-84,2.802976e-84,2.234475e-84,3.408100e-85,1.862528e-86,4.173369e-86,8.322589e-86,1.324889e-85,2.307002e-85,3.504448e-85,4.540016e-85,5.918749e-85,7.138813e-85,7.640621e-85,7.984749e-85,7.960069e-85,6.809977e-85,2.092887e-85,1.098114e-86,2.780587e-86,4.745320e-86,7.610269e-86,1.128225e-85,1.285669e-85,1.705844e-85,1.897936e-85,2.297746e-85,2.675490e-85,2.692642e-85,2.735161e-85,2.124583e-85,5.171214e-86
9.946475e-84,-4.149272e-83,-2.356045e-82,-4.448314e-82,-6.231519e-82,-8.935037e-82,-1.118475e-81,-1.058269e-82,5.693745e-84,-1.208699e-83,-2.398084e-83,-9.423572e-83,-2.062952e-82,-2.001463e-82,-2.285420e-82,-1.609670e-82,3.651640e-83,3.056332e-82,-2.280956e-83,-6.006591e-84,-7.836551e-83,-1.601126e-82,-1.850854e-82,-2.914734e-82,-2.536833e-82,-2.186846e-82,-7.034003e-83,1.220428e-82,4.361922e-82,8.626098e-83,-1.084762e-83,-7.916564e-83,-1.249397e-82,-1.985867e-82,-2.817790e-82,-1.613147e-82,-9.125360e-83,8.776453e-83,3.813094e-82,7.594937e-82,7.880197e-82,4.414687e-84,-1.154350e-83,-4.257206e-83,-1.193348e-82,-1.767436e-82,-1.894505e-82,-1.106417e-82,-3.112314e-83,1.319969e-82,5.073437e-82,7.036585e-82,1.034948e-81,4.672953e-82,-9.293322e-84,-5.659742e-83,-1.074102e-82,-2.097353e-82,-2.136040e-82,-1.432809e-82,-8.422402e-83,1.898335e-82,6.410761e-82,9.289023e-82,1.042258e-81,8.408188e-82,2.450529e-83,-1.179203e-83,-5.083056e-83,-1.180151e-82,-1.442106e-82,1.507939e-83,7.130058e-83,1.474148e-82,4.513374e-82,7.676437e-82,9.952895e-82,1.000551e-81,6.902558e-82,6.856479e-83,-6.549732e-84,-1.182606e-83,-5.075824e-83,-4.848813e-83,7.238346e-84,8.156534e-83,2.068634e-82,4.769916e-82,7.665365e-82,8.699251e-82,7.593867e-82,4.727314e-82,6.639531e-83,2.729264e-83,8.211839e-83,2.010835e-82,3.453156e-82,4.990680e-82,6.632165e-82,8.273720e-82,1.007772e-81,1.048690e-81,9.160608e-82,6.649280e-82,3.291884e-82,5.981352e-83,7.128825e-87,2.603899e-83,9.038278e-83,1.961347e-82,3.357396e-82,4.700445e-82,5.860281e-82,6.730295e-82,7.173551e-82,6.393776e-82,5.127695e-82,3.482738e-82,1.890462e-82,4.380285e-83,4.598305e-85,1.490406e-83,7.140771e-83,1.415108e-82,2.335738e-82,3.074551e-82,3.450104e-82,3.927400e-82,4.078911e-82,3.404553e-82,2.723458e-82,1.762863e-82,9.993840e-83,3.072089e-83,9.408671e-85,7.636751e-84,3.640261e-83,6.823180e-83,1.064850e-82,1.505757e-82,1.656368e-82,1.860045e-82,2.040702e-82,1.692928e-82,1.540372e-82,1.036326e-82,5.952312e-83,2.405358e-83,1.091135e-84,8.284372e-85,5.146898e-84,1.031683e-83,1.507267e-83,2.343333e-83,3.149968e-83,3.150497e-83,3.605103e-83,3.917301e-83,3.293930e-83,2.897894e-83,2.322603e-83,1.478685e-83,1.320124e-84,1.366433e-85,9.548833e-85,2.309658e-84,2.840808e-84,3.460913e-84,5.141393e-84,7.168676e-84,9.355037e-84,1.035527e-83,1.142012e-83,1.246249e-83,1.138995e-83,9.198970e-84,1.444127e-84,8.430776e-86,1.441183e-85,2.923469e-85,4.649587e-85,8.507800e-85,1.370996e-84,1.749639e-84,2.314377e-84,2.760319e-84,3.002669e-84,3.192037e-84,3.155038e-84,2.793289e-84,8.900835e-85,5.320942e-86,1.152744e-85,2.042392e-85,3.138972e-85,5.342277e-85,5.739045e-85,7.100074e-85,7.953484e-85,9.569828e-85,1.096973e-84,1.131881e-84,1.152130e-84,9.060887e-85,2.185086e-85
1.403119e-83,-1.325425e-82,-6.281827e-82,-1.153520e-81,-1.621210e-81,-2.308399e-81,-2.870324e-81,-3.443940e-82,9.412515e-84,-3.333297e-83,-6.665662e-83,-2.563202e-82,-5.458028e-82,-5.528605e-82,-6.458411e-82,-4.882040e-82,-2.659369e-83,6.577513e-82,-6.489258e-83,-1.522822e-83,-2.003012e-82,-4.060979e-82,-4.838933e-82,-7.670300e-82,-6.868181e-82,-6.053516e-82,-2.524841e-82,2.152911e-82,1.005620e-81,2.070222e-82,-2.860046e-83,-2.002436e-82,-3.167794e-82,-5.168362e-82,-7.316335e-82,-4.499251e-82,-2.963841e-82,1.403899e-82,8.474713e-82,1.768903e-81,1.902781e-81,1.061019e-83,-3.021427e-83,-1.086992e-82,-2.942849e-82,-4.455628e-82,-4.889840e-82,-3.201969e-82,-1.248657e-82,2.577370e-82,1.162116e-81,1.645661e-81,2.469861e-81,1.137450e-81,-2.401824e-83,-1.427841e-82,-2.772033e-82,-5.400988e-82,-5.748395e-82,-4.079156e-82,-2.525195e-82,3.943519e-82,1.499337e-81,2.211260e-81,2.492294e-81,2.033288e-81,5.941674e-83,-3.219503e-83,-1.303700e-82,-2.985646e-82,-3.881417e-82,6.978895e-86,1.317210e-82,2.978623e-82,1.038707e-81,1.804639e-81,2.371617e-81,2.399375e-81,1.657425e-81,1.653925e-82,-1.986055e-83,-3.552744e-83,-1.313180e-82,-1.365366e-82,-4.350082e-84,1.583528e-82,4.510863e-82,1.113386e-81,1.823657e-81,2.072860e-81,1.815826e-81,1.131183e-81,1.591305e-82,6.820832e-83,1.987396e-82,4.760169e-82,8.216361e-82,1.175245e-81,1.577890e-81,1.977696e-81,2.403960e-81,2.515650e-81,2.193216e-81,1.592556e-81,7.880026e-82,1.426016e-82,1.699453e-86,6.662404e-83,2.181968e-82,4.696326e-82,7.980013e-82,1.119531e-81,1.407490e-81,1.610613e-81,1.713878e-81,1.526860e-81,1.226341e-81,8.298480e-82,4.500884e-82,1.039208e-82,1.102185e-84,3.370382e-83,1.536852e-82,3.572185e-82,5.531558e-82,7.358805e-82,8.234643e-82,9.386780e-82,9.736644e-82,8.134699e-82,6.515216e-82,4.186614e-82,2.359315e-82,7.202450e-83,2.250064e-84,1.505258e-83,6.823180e-83,1.795689e-82,2.595980e-82,3.573131e-82,3.928847e-82,4.433733e-82,4.848528e-82,4.044486e-82,3.666422e-82,2.463505e-82,1.388634e-82,5.596830e-83,2.557237e-84,2.358976e-84,1.072381e-83,2.623854e-83,3.664308e-83,5.339557e-83,7.346225e-83,7.460811e-83,8.519886e-83,9.300302e-83,7.724631e-83,6.707465e-83,5.326313e-83,3.402876e-83,3.088774e-84,4.907761e-85,2.487161e-84,5.586824e-84,6.199984e-84,7.359429e-84,1.168869e-83,1.659796e-83,2.180281e-83,2.396590e-83,2.659830e-83,2.882240e-83,2.624355e-83,2.110359e-83,3.368033e-84,2.077498e-85,3.577989e-85,6.788098e-85,1.037004e-84,1.973676e-84,3.266448e-84,4.083617e-84,5.329102e-84,6.455587e-84,6.982950e-84,7.335995e-84,7.182120e-84,6.372579e-84,2.062788e-84,1.213968e-85,2.489578e-85,4.928111e-85,7.172704e-85,1.321533e-84,1.411159e-84,1.713442e-84,1.879946e-84,2.258093e-84,2.603772e-84,2.668042e-84,2.701331e-84,2.124038e-84,5.092086e-85
3.282265e-83,-2.095613e-82,-1.073255e-81,-2.008839e-81,-2.788084e-81,-3.961647e-81,-4.934240e-81,-5.978891e-82,1.287581e-83,-4.888212e-83,-1.134668e-82,-4.171221e-82,-9.037127e-82,-9.177315e-82,-1.025779e-81,-8.021909e-82,-3.876309e-83,1.085277e-81,-1.128171e-82,-2.527974e-83,-3.204896e-82,-6.502279e-82,-7.475660e-82,-1.196789e-81,-1.059190e-81,-9.396517e-82,-3.456978e-82,4.640136e-82,1.753559e-81,3.438560e-82,-4.083566e-83,-3.205234e-82,-5.037751e-82,-7.994956e-82,-1.140728e-81,-6.596133e-82,-3.748082e-82,3.453984e-82,1.485808e-81,3.021248e-81,3.163125e-81,1.743143e-83,-4.555116e-83,-1.749566e-82,-4.692664e-82,-7.086373e-82,-7.432931e-82,-4.375312e-82,-1.274289e-82,5.219045e-82,2.021400e-81,2.792370e-81,4.096198e-81,1.873094e-81,-3.606540e-83,-2.236522e-82,-4.163705e-82,-8.143608e-82,-8.434015e-82,-5.431780e-82,-3.153912e-82,7.490209e-82,2.551359e-81,3.666253e-81,4.101539e-81,3.327981e-81,9.705063e-83,-4.359443e-83,-2.031562e-82,-4.654307e-82,-5.598461e-82,8.352236e-83,2.884990e-82,5.989275e-82,1.783033e-81,3.038275e-81,3.914271e-81,3.934028e-81,2.714766e-81,2.703505e-82,-3.089927e-83,-4.988722e-83,-1.898917e-82,-1.727199e-82,4.459681e-83,3.334496e-82,8.460891e-82,1.883224e-81,3.026515e-81,3.417162e-81,2.972646e-81,1.845128e-81,2.593905e-82,1.079583e-82,3.276400e-82,7.847473e-82,1.346382e-81,1.965471e-81,2.585805e-81,3.239847e-81,3.931581e-81,4.090088e-81,3.562921e-81,2.579597e-81,1.278716e-81,2.317260e-82,2.822042e-86,1.075969e-82,3.583147e-82,7.673152e-82,1.280827e-81,1.827346e-81,2.272249e-81,2.625330e-81,2.776308e-81,2.473865e-81,1.987234e-81,1.341943e-81,7.271199e-82,1.688480e-82,1.798366e-84,5.657034e-83,2.441572e-82,5.593232e-82,9.321619e-82,1.177253e-81,1.328119e-81,1.511909e-81,1.572071e-81,1.311034e-81,1.049515e-81,6.783416e-82,3.821734e-82,1.171826e-82,3.632075e-84,2.537330e-83,1.064850e-82,2.595980e-82,4.518668e-82,5.931141e-82,6.330955e-82,7.208486e-82,7.846927e-82,6.527375e-82,5.923580e-82,3.985033e-82,2.267634e-82,9.124853e-83,4.166189e-84,4.128036e-84,1.800921e-83,3.991232e-83,5.983422e-83,9.196342e-83,1.192045e-82,1.197794e-82,1.404266e-82,1.513384e-82,1.270636e-82,1.106023e-82,8.844460e-83,5.592985e-83,4.988340e-84,6.956244e-85,4.002160e-84,9.319349e-84,1.086073e-83,1.324614e-83,2.002409e-83,2.724850e-83,3.668840e-83,4.043379e-83,4.407453e-83,4.772248e-83,4.329572e-83,3.460501e-83,5.425401e-84,3.331784e-85,6.349489e-85,1.038826e-84,1.743462e-84,3.410082e-84,5.526038e-84,7.081451e-84,9.053015e-84,1.077630e-83,1.155912e-83,1.208927e-83,1.179758e-83,1.045007e-83,3.333860e-84,2.073721e-85,3.893508e-85,7.508561e-85,1.188282e-84,2.052266e-84,2.273613e-84,2.780922e-84,3.062934e-84,3.716544e-84,4.244999e-84,4.323686e-84,4.368352e-84,3.407742e-84,8.211516e-85
4.566196e-83,-3.044666e-82,-1.538388e-81,-2.887500e-81,-4.027822e-81,-5.711861e-81,-7.157758e-81,-1.047340e-81,1.124309e-83,-7.768666e-83,-1.865521e-82,-6.604419e-82,-1.390141e-81,-1.471680e-81,-1.682674e-81,-1.428916e-81,-4.093965e-82,1.222982e-81,-1.849992e-82,-4.444500e-83,-4.862145e-82,-1.008883e-81,-1.206205e-81,-1.903193e-81,-1.735184e-81,-1.637121e-81,-8.634582e-82,2.365406e-82,2.112457e-81,4.569908e-82,-6.690454e-83,-4.923671e-82,-8.023700e-82,-1.287131e-81,-1.833407e-81,-1.199362e-81,-8.651431e-82,1.104209e-82,1.720376e-81,3.891192e-81,4.252120e-81,2.378555e-83,-7.310416e-83,-2.901989e-82,-7.610898e-82,-1.154546e-81,-1.282028e-81,-8.695405e-82,-4.964151e-82,3.785855e-82,2.480437e-81,3.612802e-81,5.553790e-81,2.598213e-81,-6.176569e-83,-3.561659e-82,-6.908381e-82,-1.325154e-81,-1.413876e-81,-1.026031e-81,-7.651915e-82,7.199854e-82,3.272613e-81,4.906425e-81,5.613945e-81,4.625135e-81,1.352399e-82,-7.248822e-83,-3.312031e-82,-7.548360e-82,-9.581849e-82,-9.047491e-83,1.485815e-82,5.455972e-82,2.207865e-81,3.991389e-81,5.311523e-81,5.422597e-81,3.779069e-81,3.771517e-82,-5.214640e-83,-1.116851e-82,-3.600229e-82,-3.935113e-82,-1.060657e-82,2.424182e-82,9.438234e-82,2.418310e-81,4.069359e-81,4.672390e-81,4.114154e-81,2.574030e-81,3.621699e-82,1.479486e-82,4.418635e-82,1.060565e-81,1.799023e-81,2.673840e-81,3.536487e-81,4.457448e-81,5.434142e-81,5.693610e-81,4.976656e-81,3.616472e-81,1.790393e-81,3.249582e-82,3.881747e-86,1.500313e-82,5.021404e-82,1.062531e-81,1.779308e-81,2.524237e-81,3.160250e-81,3.652172e-81,3.877251e-81,3.456656e-81,2.783287e-81,1.881740e-81,1.020625e-81,2.365940e-82,2.519393e-84,7.893904e-83,3.457870e-82,7.702157e-82,1.286332e-81,1.683462e-81,1.854844e-81,2.117998e-81,2.204805e-81,1.837418e-81,1.471905e-81,9.491443e-82,5.339560e-82,1.631682e-82,5.094326e-84,3.507360e-83,1.505757e-82,3.573131e-82,5.931141e-82,8.626792e-82,9.031206e-82,1.003463e-81,1.100976e-81,9.150246e-82,8.300111e-82,5.564776e-82,3.144921e-82,1.267881e-82,5.830418e-84,5.268546e-84,2.479883e-83,5.633823e-83,7.733309e-83,1.234843e-82,1.681127e-82,1.624516e-82,1.902358e-82,2.079523e-82,1.735842e-82,1.510479e-82,1.208079e-82,7.724396e-83,6.981312e-84,7.858909e-85,4.984947e-84,1.235916e-83,1.413628e-83,1.697305e-83,2.568980e-83,3.539921e-83,4.853937e-83,5.390952e-83,5.915530e-83,6.487904e-83,5.928325e-83,4.790761e-83,7.608352e-84,4.383142e-85,7.881333e-85,1.248351e-84,2.036276e-84,4.101613e-84,7.126725e-84,9.239202e-84,1.210660e-83,1.441814e-83,1.552281e-83,1.642393e-83,1.614242e-83,1.448999e-83,4.700556e-84,2.786151e-85,5.108066e-85,1.042269e-84,1.634512e-84,2.908054e-84,3.136079e-84,3.832451e-84,4.229402e-84,5.143236e-84,5.881315e-84,6.038566e-84,6.137414e-84,4.811490e-84,1.156973e-84
4.707239e-83,-2.843511e-82,-1.379822e-81,-2.583731e-81,-3.532974e-81,-5.062603e-81,-6.346831e-81,-3.549249e-82,4.392659e-83,-6.552981e-83,-1.391453e-82,-4.712907e-82,-1.091119e-81,-1.034831e-81,-1.085302e-81,-6.667746e-82,5.929062e-82,2.158568e-81,-9.053928e-83,-2.615361e-83,-4.255739e-82,-8.598304e-82,-9.402732e-82,-1.512117e-81,-1.213504e-81,-9.622240e-82,-4.360490e-83,1.155644e-81,3.020933e-81,5.426808e-82,-5.236957e-83,-4.260414e-82,-6.390428e-82,-1.016512e-81,-1.378039e-81,-7.127426e-82,-1.767352e-82,9.163300e-82,2.623728e-81,4.856452e-81,4.850391e-81,2.539535e-83,-5.894068e-83,-2.149578e-82,-6.028662e-82,-8.867238e-82,-8.940598e-82,-3.800524e-82,1.083783e-82,1.145440e-81,3.368681e-81,4.485766e-81,6.308906e-81,2.792119e-81,-4.467469e-83,-2.914651e-82,-5.221174e-82,-1.073087e-81,-1.029824e-81,-5.592047e-82,-1.525102e-82,1.453547e-81,4.093987e-81,5.748642e-81,6.312719e-81,4.994584e-81,1.429687e-82,-5.310146e-83,-2.603954e-82,-5.942660e-82,-6.699162e-82,2.613828e-82,7.125619e-82,1.162596e-81,2.950051e-81,4.820120e-81,6.082439e-81,6.025281e-81,4.107710e-81,4.033965e-82,-3.551188e-83,-4.028931e-83,-2.148881e-82,-1.182216e-82,2.019325e-82,6.759291e-82,1.473219e-81,3.052868e-81,4.721916e-81,5.284889e-81,4.555654e-81,2.805521e-81,3.911465e-82,1.647765e-82,5.171442e-82,1.215003e-81,2.094609e-81,3.020563e-81,4.004416e-81,4.982756e-81,6.044713e-81,6.262777e-81,5.454826e-81,3.940537e-81,1.942282e-81,3.538918e-82,4.276291e-86,1.628680e-82,5.608689e-82,1.189246e-81,1.979101e-81,2.797748e-81,3.479446e-81,3.995101e-81,4.262522e-81,3.797648e-81,3.042599e-81,2.062554e-81,1.116471e-81,2.588857e-82,2.824055e-84,8.728109e-83,3.803536e-82,8.445932e-82,1.376822e-81,1.841361e-81,2.083299e-81,2.321515e-81,2.408957e-81,2.016369e-81,1.612694e-81,1.046597e-81,5.901463e-82,1.805988e-82,5.746052e-84,3.958021e-83,1.656368e-82,3.928847e-82,6.330955e-82,9.031206e-82,1.055961e-81,1.133013e-81,1.208418e-81,1.011853e-81,9.155961e-82,6.170676e-82,3.526233e-82,1.405639e-82,6.566062e-84,6.210390e-84,2.767825e-83,6.412741e-83,9.497354e-83,1.384807e-82,1.883595e-82,1.933821e-82,2.165521e-82,2.352280e-82,2.003078e-82,1.748025e-82,1.383339e-82,8.675453e-83,7.777278e-84,1.048672e-84,6.344658e-84,1.477686e-83,1.805096e-83,2.194085e-83,3.235482e-83,4.431696e-83,5.790069e-83,6.404118e-83,6.990871e-83,7.615801e-83,6.839016e-83,5.386362e-83,8.361745e-84,4.948709e-85,9.184082e-85,1.790235e-84,2.903470e-84,5.211957e-84,8.750590e-84,1.092108e-83,1.451102e-83,1.740567e-83,1.864286e-83,1.930939e-83,1.888716e-83,1.630536e-83,5.117046e-84,2.981397e-85,6.934497e-85,1.188062e-84,1.841877e-84,3.105360e-84,3.519172e-84,4.405903e-84,4.846155e-84,5.784192e-84,6.593436e-84,6.707694e-84,6.776472e-84,5.280127e-84,1.263585e-84
5.097959e-83,-3.634523e-82,-1.757706e-81,-3.305379e-81,-4.546417e-81,-6.460494e-81,-8.116814e-81,-8.413956e-82,3.993380e-83,-8.496430e-83,-2.088039e-82,-6.948358e-82,-1.529139e-81,-1.542974e-81,-1.714850e-81,-1.343581e-81,-3.075480e-83,2.034256e-81,-1.444759e-82,-4.786373e-83,-5.488712e-82,-1.123132e-81,-1.317877e-81,-2.074839e-81,-1.823140e-81,-1.654448e-81,-6.472792e-82,7.156402e-82,3.025060e-81,5.951503e-82,-7.173210e-83,-5.535581e-82,-8.770192e-82,-1.429810e-81,-1.950048e-81,-1.224178e-81,-7.623853e-82,5.020613e-82,2.458675e-81,5.087455e-81,5.355074e-81,2.786503e-83,-8.185802e-83,-3.035913e-82,-8.343941e-82,-1.260229e-81,-1.324937e-81,-8.451470e-82,-3.565792e-82,8.087062e-82,3.365754e-81,4.726995e-81,6.990784e-81,3.158422e-81,-5.852548e-83,-3.911379e-82,-7.285609e-82,-1.467526e-81,-1.509409e-81,-1.011083e-81,-6.740401e-82,1.192010e-81,4.292918e-81,6.257820e-81,7.050791e-81,5.671191e-81,1.626903e-82,-7.457058e-83,-3.660556e-82,-8.209252e-82,-1.005058e-81,-7.401224e-85,4.341413e-82,9.101736e-82,2.951367e-81,5.160802e-81,6.725408e-81,6.776396e-81,4.660320e-81,4.588714e-82,-5.663052e-83,-1.006588e-82,-3.657894e-82,-3.524616e-82,-1.535376e-83,4.890755e-82,1.354036e-81,3.184856e-81,5.166672e-81,5.887919e-81,5.129135e-81,3.177590e-81,4.435336e-82,1.800315e-82,5.664554e-82,1.336110e-81,2.296722e-81,3.339075e-81,4.425299e-81,5.575181e-81,6.788370e-81,7.086349e-81,6.188252e-81,4.478342e-81,2.205446e-81,4.013071e-82,4.909128e-86,1.840798e-82,6.271021e-82,1.332300e-81,2.227993e-81,3.138968e-81,3.925217e-81,4.499948e-81,4.818014e-81,4.298862e-81,3.449435e-81,2.337630e-81,1.265746e-81,2.928203e-82,3.203650e-84,9.914053e-83,4.300320e-82,9.572751e-82,1.569762e-81,2.036303e-81,2.354655e-81,2.661363e-81,2.721722e-81,2.285323e-81,1.828318e-81,1.183590e-81,6.633274e-82,2.023408e-82,6.470593e-84,4.452505e-83,1.860045e-82,4.433733e-82,7.208486e-82,1.003463e-81,1.133013e-81,1.319444e-81,1.376526e-81,1.137386e-81,1.032963e-81,6.944032e-82,3.930169e-82,1.567953e-82,7.372192e-84,6.727442e-84,3.096545e-83,7.110463e-83,1.015629e-82,1.551087e-82,2.056826e-82,2.093535e-82,2.429696e-82,2.595858e-82,2.191385e-82,1.913297e-82,1.513386e-82,9.660478e-83,8.710797e-84,9.083025e-85,6.385493e-84,1.606586e-83,1.886264e-83,2.231229e-83,3.395890e-83,4.745631e-83,6.368262e-83,6.888347e-83,7.567629e-83,8.334357e-83,7.500400e-83,5.987388e-83,9.376179e-84,5.089948e-85,9.418320e-85,1.711007e-84,2.790770e-84,5.378568e-84,9.189042e-84,1.181797e-83,1.564206e-83,1.876742e-83,1.995826e-83,2.093760e-83,2.063566e-83,1.807056e-83,5.756008e-84,3.410726e-85,7.811802e-85,1.342927e-84,2.111978e-84,3.573857e-84,3.859461e-84,4.916670e-84,5.376841e-84,6.472741e-84,7.459737e-84,7.560281e-84,7.644893e-84,5.949560e-84,1.424001e-84
5.192553e-83,-4.421180e-82,-2.142004e-81,-4.030342e-81,-5.612034e-81,-7.941426e-81,-9.967725e-81,-1.518517e-81,2.455196e-83,-1.108089e-82,-2.761690e-82,-9.372872e-82,-1.997952e-81,-2.102774e-81,-2.485358e-81,-2.146034e-81,-7.856577e-82,1.626371e-81,-2.366192e-82,-6.849527e-83,-6.789010e-82,-1.419049e-81,-1.729429e-81,-2.725077e-81,-2.549127e-81,-2.410981e-81,-1.361410e-81,7.898711e-83,2.763115e-81,6.036152e-82,-9.840231e-83,-6.835760e-82,-1.129027e-81,-1.825970e-81,-2.610553e-81,-1.778745e-81,-1.362768e-81,-4.847274e-83,2.111157e-81,5.128582e-81,5.682432e-81,2.906750e-83,-1.071674e-82,-4.002635e-82,-1.083751e-81,-1.651716e-81,-1.860039e-81,-1.317996e-81,-8.511434e-82,3.608028e-82,3.189053e-81,4.758574e-81,7.470025e-81,3.453626e-81,-8.690643e-83,-5.058480e-82,-9.757650e-82,-1.877207e-81,-2.036331e-81,-1.556482e-81,-1.236815e-81,8.174044e-82,4.284140e-81,6.551957e-81,7.581061e-81,6.223484e-81,1.789538e-82,-1.044950e-82,-4.648442e-82,-1.061513e-81,-1.373905e-81,-2.846522e-82,7.341869e-83,5.634079e-82,2.849796e-81,5.314848e-81,7.134911e-81,7.336532e-81,5.109567e-81,5.055008e-82,-7.503203e-83,-1.666998e-82,-5.368763e-82,-6.074239e-82,-2.659911e-82,2.320421e-82,1.150513e-81,3.193962e-81,5.444404e-81,6.314567e-81,5.575788e-81,3.479484e-81,4.883013e-82,1.958674e-82,5.878298e-82,1.405707e-81,2.438393e-81,3.557840e-81,4.739823e-81,5.983292e-81,7.366880e-81,7.735899e-81,6.770875e-81,4.916273e-81,2.418551e-81,4.407949e-82,5.381168e-86,2.028084e-82,6.761648e-82,1.440134e-81,2.425583e-81,3.419665e-81,4.255416e-81,4.912082e-81,5.249845e-81,4.705109e-81,3.775945e-81,2.561902e-81,1.388257e-81,3.201690e-82,3.528654e-84,1.069940e-82,4.694326e-82,1.045457e-81,1.717814e-81,2.241274e-81,2.523367e-81,2.896468e-81,3.015055e-81,2.492869e-81,2.000256e-81,1.291855e-81,7.255064e-82,2.195748e-82,7.056887e-84,4.785155e-83,2.040702e-82,4.848528e-82,7.846927e-82,1.100976e-81,1.208418e-81,1.376526e-81,1.539925e-81,1.248187e-81,1.129269e-81,7.570079e-82,4.271564e-82,1.696277e-82,8.020524e-84,7.088896e-84,3.289415e-83,7.451721e-83,1.076805e-82,1.653916e-82,2.226824e-82,2.193270e-82,2.581120e-82,2.806393e-82,2.326225e-82,2.033577e-82,1.616166e-82,1.035906e-82,9.460175e-84,9.769159e-85,6.847364e-84,1.645088e-83,1.873924e-83,2.235000e-83,3.386897e-83,4.859847e-83,6.577685e-83,7.254149e-83,7.993652e-83,8.768117e-83,7.975576e-83,6.448439e-83,1.021526e-83,5.031740e-85,8.101866e-85,1.548673e-84,2.506968e-84,5.286142e-84,9.254423e-84,1.207760e-83,1.628804e-83,1.970992e-83,2.114043e-83,2.229573e-83,2.182867e-83,1.943598e-83,6.299574e-84,3.834721e-85,8.313649e-85,1.433265e-84,2.265965e-84,3.798386e-84,4.092582e-84,5.235862e-84,5.794912e-84,7.029617e-84,8.052257e-84,8.253186e-84,8.294609e-84,6.475457e-84,1.560050e-84
6.251429e-83,-2.966503e-82,-1.646446e-81,-3.109318e-81,-4.325446e-81,-6.136997e-81,-7.648413e-81,-8.444208e-82,2.889098e-83,-7.273377e-83,-1.659472e-82,-6.275692e-82,-1.382318e-81,-1.396350e-81,-1.573175e-81,-1.195636e-81,5.103303e-83,1.895348e-81,-1.515141e-82,-3.648853e-83,-4.964958e-82,-1.014607e-81,-1.159249e-81,-1.864076e-81,-1.583049e-81,-1.364205e-81,-4.007073e-82,8.528844e-82,2.911922e-81,5.561654e-82,-6.317627e-83,-4.926385e-82,-7.595891e-82,-1.222261e-81,-1.724160e-81,-9.673000e-82,-5.126674e-82,6.579650e-82,2.484656e-81,4.907765e-81,5.038867e-81,2.574160e-83,-6.850060e-83,-2.610193e-82,-7.118020e-82,-1.063753e-81,-1.129747e-81,-5.856214e-82,-1.251187e-82,9.505862e-82,3.290469e-81,4.515141e-81,6.528706e-81,2.940398e-81,-5.357010e-83,-3.427731e-82,-6.353945e-82,-1.259005e-81,-1.282140e-81,-8.019406e-82,-4.268025e-82,1.281248e-81,4.105835e-81,5.890580e-81,6.550816e-81,5.233720e-81,1.495894e-82,-6.515110e-83,-3.050201e-82,-6.962109e-82,-8.377254e-82,1.517190e-82,5.442216e-82,9.970944e-82,2.901216e-81,4.879938e-81,6.268323e-81,6.275997e-81,4.280512e-81,4.213065e-82,-4.344761e-83,-7.144205e-83,-2.812599e-82,-2.355676e-82,1.206349e-82,5.785712e-82,1.385085e-81,3.068710e-81,4.858506e-81,5.466087e-81,4.730682e-81,2.911718e-81,4.075216e-82,1.716733e-82,5.225472e-82,1.242044e-81,2.136608e-81,3.090991e-81,4.100267e-81,5.122318e-81,6.234946e-81,6.505765e-81,5.664730e-81,4.093978e-81,2.011401e-81,3.684457e-82,4.498558e-86,1.697167e-82,5.727013e-82,1.222856e-81,2.050452e-81,2.883006e-81,3.594852e-81,4.111973e-81,4.386366e-81,3.914103e-81,3.145801e-81,2.134629e-81,1.157864e-81,2.695510e-82,3.009207e-84,8.881758e-83,3.895268e-82,8.717706e-82,1.425272e-81,1.867647e-81,2.105844e-81,2.383148e-81,2.492393e-81,2.096173e-81,1.661431e-81,1.082725e-81,6.133216e-82,1.868145e-82,5.980892e-84,3.963454e-83,1.692928e-82,4.044486e-82,6.527375e-82,9.150246e-82,1.011853e-81,1.137386e-81,1.248187e-81,1.080130e-81,9.514827e-82,6.379868e-82,3.668942e-82,1.456533e-82,6.794209e-84,6.210262e-84,2.866528e-83,6.542730e-83,9.430769e-83,1.424410e-82,1.924107e-82,1.935600e-82,2.230859e-82,2.444432e-82,2.069874e-82,1.791265e-82,1.434438e-82,8.998686e-83,8.026313e-84,1.106939e-84,6.278042e-84,1.496927e-83,1.791012e-83,2.197579e-83,3.244276e-83,4.504627e-83,5.998433e-83,6.635569e-83,7.181222e-83,7.763027e-83,7.090399e-83,5.577338e-83,8.636572e-84,5.063405e-85,9.136762e-85,1.668206e-84,2.672065e-84,5.166599e-84,8.821233e-84,1.118590e-83,1.481738e-83,1.792858e-83,1.922088e-83,2.005869e-83,1.945517e-83,1.689724e-83,5.306574e-84,3.128730e-85,6.748228e-85,1.210337e-84,1.888800e-84,3.244018e-84,3.589680e-84,4.500559e-84,4.958634e-84,5.981567e-84,6.838625e-84,6.985264e-84,7.004886e-84,5.440066e-84,1.293905e-84
6.253670e-83,-2.452815e-82,-1.468443e-81,-2.773739e-81,-3.868389e-81,-5.471244e-81,-6.800570e-81,-6.712844e-82,2.899199e-83,-5.995133e-83,-1.318185e-82,-5.327977e-82,-1.188087e-81,-1.162851e-81,-1.286218e-81,-9.145790e-82,2.468606e-82,1.877687e-81,-1.274908e-82,-2.916344e-83,-4.297106e-82,-8.760613e-82,-9.724627e-82,-1.566178e-81,-1.283770e-81,-1.048910e-81,-1.375052e-82,9.980244e-82,2.820481e-81,5.212623e-82,-5.254482e-83,-4.268017e-82,-6.404363e-82,-1.025477e-81,-1.440505e-81,-7.133967e-82,-2.935060e-82,8.153504e-82,2.472272e-81,4.648738e-81,4.681552e-81,2.359005e-83,-5.659658e-83,-2.145233e-82,-5.959418e-82,-8.774718e-82,-8.976676e-82,-3.784285e-82,6.230497e-83,1.065422e-81,3.190538e-81,4.257530e-81,6.035658e-81,2.691874e-81,-4.207620e-83,-2.886635e-82,-5.287033e-82,-1.048382e-81,-1.028083e-81,-5.791316e-82,-2.236179e-82,1.350492e-81,3.902156e-81,5.480996e-81,6.030771e-81,4.777652e-81,1.361354e-82,-5.372689e-83,-2.520988e-82,-5.789960e-82,-6.709522e-82,2.742313e-82,6.371230e-82,1.067624e-81,2.805783e-81,4.588738e-81,5.792198e-81,5.759634e-81,3.901427e-81,3.826355e-82,-3.290614e-83,-4.513705e-83,-2.067353e-82,-1.389669e-82,2.203724e-82,6.506784e-82,1.381896e-81,2.908977e-81,4.519558e-81,5.034779e-81,4.327040e-81,2.651227e-81,3.707134e-82,1.590797e-82,4.815598e-82,1.145313e-81,1.972997e-81,2.849188e-81,3.776865e-81,4.693034e-81,5.692780e-81,5.920671e-81,5.164266e-81,3.721017e-81,1.825309e-81,3.355944e-82,4.159483e-86,1.550311e-82,5.211955e-82,1.115529e-81,1.870259e-81,2.625448e-81,3.276073e-81,3.753498e-81,3.984888e-81,3.559259e-81,2.851048e-81,1.939910e-81,1.054263e-81,2.461759e-82,2.790678e-84,8.070423e-83,3.533660e-82,7.906188e-82,1.295407e-81,1.694276e-81,1.908226e-81,2.167479e-81,2.246005e-81,1.900990e-81,1.529689e-81,9.830945e-82,5.620771e-82,1.715093e-82,5.498972e-84,3.603039e-83,1.540372e-82,3.666422e-82,5.923580e-82,8.300111e-82,9.155961e-82,1.032963e-81,1.129269e-81,9.514827e-82,8.989625e-82,5.878121e-82,3.382118e-82,1.344788e-82,6.248496e-84,5.757360e-84,2.636894e-83,5.988887e-83,8.702094e-83,1.309667e-82,1.768303e-82,1.791284e-82,2.079633e-82,2.238174e-82,1.920179e-82,1.684503e-82,1.328716e-82,8.324763e-83,7.377377e-84,1.141231e-84,5.814437e-84,1.396773e-83,1.743374e-83,2.133947e-83,3.100528e-83,4.282689e-83,5.663516e-83,6.266925e-83,6.810621e-83,7.237660e-83,6.569856e-83,5.148323e-83,7.930276e-84,4.688871e-85,8.557423e-85,1.614427e-84,2.633893e-84,4.874190e-84,8.193636e-84,1.052449e-83,1.391287e-83,1.667543e-83,1.801508e-83,1.887213e-83,1.810099e-83,1.562747e-83,4.863113e-84,2.969116e-85,6.389081e-85,1.121478e-84,1.737441e-84,2.977687e-84,3.261118e-84,4.072490e-84,4.555807e-84,5.479829e-84,6.271418e-84,6.461018e-84,6.430678e-84,4.962755e-84,1.175064e-84
6.333036e-83,-4.835035e-83,-6.668715e-82,-1.278153e-81,-1.766750e-81,-2.539574e-81,-3.104477e-81,3.446675e-82,4.092645e-83,-1.220771e-83,1.018244e-83,-9.550543e-83,-3.118262e-82,-1.050037e-82,1.685218e-83,4.055776e-82,1.340380e-81,2.153218e-81,5.591568e-84,9.214992e-84,-1.714851e-82,-3.048370e-82,-1.890504e-82,-3.645614e-82,-6.835872e-84,2.704287e-82,1.008739e-81,1.831994e-81,2.753055e-81,4.192393e-82,-7.477277e-84,-1.629896e-82,-1.550756e-82,-2.232796e-82,-2.805268e-82,3.251073e-82,7.004034e-82,1.551159e-81,2.670721e-81,3.955008e-81,3.486956e-81,1.773692e-83,-7.922740e-84,-3.077194e-83,-1.227402e-82,-1.337984e-82,2.645130e-83,4.862186e-82,8.658910e-82,1.621882e-81,2.995384e-81,3.588728e-81,4.405268e-81,1.836629e-81,2.688408e-84,-7.519776e-83,-8.793866e-83,-2.302255e-82,-5.941176e-83,3.472352e-82,6.988833e-82,1.746741e-81,3.333261e-81,4.220298e-81,4.318652e-81,3.215475e-81,9.052739e-83,-4.150718e-84,-4.712860e-83,-1.128378e-82,-7.786243e-85,7.332589e-82,1.089528e-81,1.456495e-81,2.600851e-81,3.677774e-81,4.290031e-81,4.042504e-81,2.622475e-81,2.531956e-82,5.783805e-84,6.861030e-83,9.215533e-83,2.808930e-82,6.261778e-82,9.931874e-82,1.507536e-81,2.483887e-81,3.420262e-81,3.627153e-81,2.997743e-81,1.786416e-81,2.475105e-82,1.170585e-82,3.665243e-82,8.581435e-82,1.471800e-81,2.085662e-81,2.721223e-81,3.316513e-81,3.943459e-81,4.018318e-81,3.470266e-81,2.485195e-81,1.217545e-81,2.254923e-82,2.830589e-86,1.052512e-82,3.616910e-82,7.775234e-82,1.296966e-81,1.801924e-81,2.231551e-81,2.551004e-81,2.693441e-81,2.392330e-81,1.909096e-81,1.298479e-81,7.103536e-82,1.685470e-82,1.965177e-84,5.457189e-83,2.372996e-82,5.309803e-82,8.690787e-82,1.135898e-81,1.278909e-81,1.449358e-81,1.502869e-81,1.261331e-81,1.027271e-81,6.806108e-82,3.880513e-82,1.212730e-82,3.880807e-84,2.447184e-83,1.036326e-82,2.463505e-82,3.985033e-82,5.564776e-82,6.170676e-82,6.944032e-82,7.570079e-82,6.379868e-82,5.878121e-82,4.267390e-82,2.456215e-82,9.707452e-83,4.415398e-84,4.487647e-84,1.949649e-83,4.421562e-83,6.510772e-83,9.671093e-83,1.288171e-82,1.327123e-82,1.527677e-82,1.652898e-82,1.418575e-82,1.285100e-82,1.037941e-82,6.119377e-83,5.195063e-84,1.208046e-84,4.852917e-84,1.160641e-83,1.589053e-83,1.976550e-83,2.711377e-83,3.585795e-83,4.575213e-83,5.044360e-83,5.391682e-83,5.646052e-83,5.114536e-83,3.774706e-83,5.525307e-84,3.936192e-85,7.833473e-85,1.546171e-84,2.619107e-84,4.408091e-84,6.763425e-84,8.524815e-84,1.092768e-83,1.306906e-83,1.399976e-83,1.459650e-83,1.404694e-83,1.159360e-83,3.364320e-84,2.094210e-85,4.797336e-85,8.150555e-85,1.249758e-84,2.073924e-84,2.295750e-84,2.846716e-84,3.196611e-84,3.865648e-84,4.420165e-84,4.499759e-84,4.474923e-84,3.427553e-84,7.943711e-85
8.341490e-83,1.283319e-82,-1.445309e-82,-3.623679e-82,-5.087797e-82,-7.713244e-82,-8.443920e-82,7.870923e-82,3.908578e-83,2.584689e-83,1.043241e-82,1.608422e-82,2.058358e-82,4.529794e-82,6.979105e-82,1.062713e-81,1.732507e-81,1.980198e-81,6.876956e-83,3.104593e-83,5.273050e-85,6.069694e-83,2.817334e-82,3.716046e-82,7.423230e-82,1.061885e-81,1.581052e-81,2.112623e-81,2.376449e-81,3.088332e-82,2.187387e-83,1.533771e-83,1.542703e-82,2.897499e-82,4.528235e-82,9.108810e-82,1.260423e-81,1.835809e-81,2.527137e-81,3.127564e-81,2.386409e-81,1.253783e-83,2.381610e-83,8.583417e-83,1.781753e-82,3.410679e-82,5.960343e-82,9.669319e-82,1.293555e-81,1.816885e-81,2.578844e-81,2.797315e-81,2.943468e-81,1.117779e-81,2.951737e-83,6.654153e-83,1.949852e-82,3.016294e-82,5.573028e-82,8.958225e-82,1.204310e-81,1.838301e-81,2.634351e-81,2.986540e-81,2.795420e-81,1.909146e-81,5.310148e-83,2.859848e-83,8.994879e-83,1.952115e-82,4.336395e-82,9.585798e-82,1.279937e-81,1.583763e-81,2.220385e-81,2.726267e-81,2.888873e-81,2.529658e-81,1.545454e-81,1.461437e-82,3.186059e-83,1.343398e-82,2.773357e-82,5.295162e-82,8.271044e-82,1.123878e-81,1.464393e-81,1.975731e-81,2.370411e-81,2.345226e-81,1.833313e-81,1.053499e-81,1.444534e-82,7.803389e-83,2.536894e-82,5.856175e-82,9.996891e-82,1.375312e-81,1.765443e-81,2.078836e-81,2.397249e-81,2.360874e-81,2.007025e-81,1.418129e-81,7.007695e-82,1.321026e-82,1.589704e-86,6.136375e-83,2.188464e-82,4.718741e-82,7.813367e-82,1.075015e-81,1.313507e-81,1.494827e-81,1.552776e-81,1.378999e-81,1.086882e-81,7.475628e-82,4.128161e-82,1.020146e-82,1.195150e-84,3.135732e-83,1.353302e-82,3.007374e-82,4.920667e-82,6.442181e-82,7.247787e-82,8.183347e-82,8.448909e-82,7.196056e-82,5.797449e-82,4.007421e-82,2.475203e-82,7.768174e-83,2.331537e-84,1.431066e-83,5.952312e-83,1.388634e-82,2.267634e-82,3.144921e-82,3.526233e-82,3.930169e-82,4.271564e-82,3.668942e-82,3.382118e-82,2.456215e-82,1.789421e-82,6.575606e-83,2.738450e-84,3.168540e-84,1.293284e-83,2.905244e-83,4.410239e-83,6.360976e-83,8.355160e-83,8.878098e-83,1.008015e-82,1.088128e-82,9.766792e-83,9.058671e-83,7.653420e-83,4.296169e-83,3.269797e-84,1.186345e-84,3.771882e-84,8.786786e-84,1.354386e-83,1.725018e-83,2.232074e-83,2.805163e-83,3.448223e-83,3.793809e-83,3.994727e-83,4.143370e-83,3.826555e-83,2.651587e-83,3.517572e-84,3.240260e-85,7.086249e-85,1.402061e-84,2.395320e-84,3.683817e-84,5.166783e-84,6.392884e-84,7.883986e-84,9.238036e-84,1.006000e-83,1.059281e-83,1.028023e-83,8.154301e-84,2.132185e-84,1.289230e-85,2.953729e-85,5.006916e-85,7.569797e-85,1.236471e-84,1.421364e-84,1.705132e-84,1.959843e-84,2.326514e-84,2.658676e-84,2.743737e-84,2.764318e-84,2.083070e-84,4.729824e-85
4.208963e-83,8.428517e-83,6.755360e-84,-4.131743e-83,-5.920715e-83,-1.202924e-82,-1.140524e-82,4.198313e-82,1.842931e-83,1.465799e-83,5.808368e-83,9.704161e-83,1.438353e-82,2.616302e-82,3.899044e-82,5.493352e-82,8.452652e-82,8.711896e-82,3.796218e-83,1.563205e-83,1.372926e-83,5.411124e-83,1.609237e-82,2.192877e-82,3.860188e-82,5.235803e-82,7.435388e-82,9.550477e-82,1.014295e-81,1.301991e-82,1.149821e-83,1.804186e-83,8.665272e-83,1.590237e-82,2.398267e-82,4.389476e-82,5.946909e-82,8.244683e-82,1.101586e-81,1.325929e-81,9.746158e-82,6.042269e-84,1.286992e-83,4.285576e-83,9.388512e-83,1.749607e-82,2.856455e-82,4.474916e-82,5.904330e-82,7.965430e-82,1.095774e-81,1.172956e-81,1.201264e-81,4.539815e-82,1.403030e-83,3.743154e-83,9.959840e-83,1.616215e-82,2.742433e-82,4.222744e-82,5.547280e-82,8.004391e-82,1.108892e-81,1.217992e-81,1.126428e-81,7.658091e-82,2.213299e-83,1.431165e-83,4.584199e-83,1.007655e-82,2.096984e-82,4.293345e-82,5.596326e-82,6.951513e-82,9.408707e-82,1.118803e-81,1.172265e-81,1.011044e-81,6.163093e-82,5.917998e-83,1.525170e-83,6.189713e-83,1.298471e-82,2.389357e-82,3.701656e-82,4.891540e-82,6.315277e-82,8.256042e-82,9.653991e-82,9.405729e-82,7.314240e-82,4.233600e-82,5.842531e-83,3.253353e-83,1.052391e-82,2.422936e-82,4.079363e-82,5.663105e-82,7.191667e-82,8.461166e-82,9.591029e-82,9.325778e-82,7.922675e-82,5.613192e-82,2.820301e-82,5.280229e-83,5.975820e-87,2.477141e-83,8.858533e-83,1.918971e-82,3.154815e-82,4.340013e-82,5.275302e-82,6.012610e-82,6.205119e-82,5.475967e-82,4.355636e-82,2.972734e-82,1.658807e-82,4.121065e-83,4.133241e-85,1.269260e-83,5.414774e-83,1.206410e-82,1.970199e-82,2.590151e-82,2.898308e-82,3.270319e-82,3.380640e-82,2.868583e-82,2.319830e-82,1.576176e-82,9.836392e-83,3.378343e-83,8.401718e-85,5.746239e-84,2.405358e-83,5.596830e-83,9.124853e-83,1.267881e-82,1.405639e-82,1.567953e-82,1.696277e-82,1.456533e-82,1.344788e-82,9.707452e-83,6.575606e-83,3.023897e-83,1.065498e-84,1.306974e-84,5.455164e-84,1.234059e-83,1.842849e-83,2.636520e-83,3.443703e-83,3.652723e-83,4.113825e-83,4.403916e-83,3.955430e-83,3.745677e-83,3.165800e-83,1.858322e-83,1.362543e-84,5.038581e-85,1.557630e-84,3.625538e-84,5.565197e-84,7.179619e-84,9.058096e-84,1.118856e-83,1.374962e-83,1.490098e-83,1.576263e-83,1.662035e-83,1.567661e-83,1.129423e-83,1.514359e-84,1.526383e-85,3.486103e-85,6.521399e-85,1.088887e-84,1.644154e-84,2.240844e-84,2.717883e-84,3.253562e-84,3.691682e-84,4.032876e-84,4.345039e-84,4.296634e-84,3.546805e-84,9.335550e-85,5.345882e-86,1.101370e-85,2.053670e-85,3.215625e-85,5.308424e-85,5.977978e-85,6.822128e-85,7.732262e-85,9.202101e-85,1.040180e-84,1.098622e-84,1.138743e-84,8.830262e-85,2.039512e-85
6.156002e-85,-4.575073e-85,-5.734988e-84,-1.071677e-83,-1.417420e-83,-1.978260e-83,-2.217612e-83,9.894292e-84,5.832083e-85,-6.405523e-86,2.291168e-85,-5.712939e-86,-1.035324e-84,1.739781e-84,4.281115e-84,9.833019e-84,2.110043e-83,2.942683e-83,7.073489e-85,1.560591e-85,-1.365840e-84,-2.169788e-84,-3.209881e-85,-1.061907e-84,3.897443e-84,7.827879e-84,1.598477e-83,2.610982e-83,3.518416e-83,4.969682e-84,2.819550e-86,-1.266487e-84,-6.606320e-85,-5.770979e-85,3.888026e-86,6.341665e-84,1.094980e-83,2.072138e-83,3.346505e-83,4.609481e-83,3.926186e-83,1.897989e-85,1.777491e-86,5.964217e-86,-3.467233e-85,3.060673e-85,2.764254e-84,7.694350e-84,1.209591e-83,2.102516e-83,3.552976e-83,4.154325e-83,4.887107e-83,1.971731e-83,1.393955e-85,-3.552591e-85,7.733607e-86,-7.935210e-85,1.884001e-84,6.583914e-84,1.023770e-83,2.193958e-83,3.780196e-83,4.721409e-83,4.740080e-83,3.417352e-83,9.473344e-85,8.209531e-86,-9.952640e-86,-1.741762e-85,1.785053e-84,9.268677e-84,1.390478e-83,1.796747e-83,2.997683e-83,4.119252e-83,4.712518e-83,4.363501e-83,2.796869e-83,2.670455e-84,1.735448e-85,1.026747e-84,1.780641e-84,4.324164e-84,8.067501e-84,1.240532e-83,1.797028e-83,2.813461e-83,3.741575e-83,3.939281e-83,3.209489e-83,1.889785e-83,2.643232e-84,1.230293e-84,4.004423e-84,9.288250e-84,1.591067e-83,2.244463e-83,2.903368e-83,3.517726e-83,4.185058e-83,4.256677e-83,3.680709e-83,2.628747e-83,1.270193e-83,2.445640e-84,3.565008e-88,1.083928e-84,3.832429e-84,8.181941e-84,1.367439e-83,1.901252e-83,2.342532e-83,2.665681e-83,2.823061e-83,2.526156e-83,2.014511e-83,1.387793e-83,7.547401e-84,1.850574e-84,2.713794e-86,5.771308e-85,2.513883e-84,5.542781e-84,9.114213e-84,1.183377e-83,1.348389e-83,1.527788e-83,1.576900e-83,1.338152e-83,1.084031e-83,7.268724e-84,4.229114e-84,1.333569e-84,5.588821e-86,2.609204e-85,1.091135e-84,2.557237e-84,4.166189e-84,5.830418e-84,6.566062e-84,7.372192e-84,8.020524e-84,6.794209e-84,6.248496e-84,4.415398e-84,2.738450e-84,1.065498e-84,7.109193e-86,4.708501e-86,2.021563e-85,4.667612e-85,6.976548e-85,1.035563e-84,1.386815e-84,1.436101e-84,1.660237e-84,1.811495e-84,1.599154e-84,1.468420e-84,1.182556e-84,6.643654e-85,6.346720e-86,1.533451e-86,5.501370e-86,1.396408e-85,2.017505e-85,2.494603e-85,3.365000e-85,4.424916e-85,5.580717e-85,6.093236e-85,6.370259e-85,6.655682e-85,5.953748e-85,4.126194e-85,5.938522e-86,4.043676e-87,7.159654e-87,1.489302e-86,2.625312e-86,4.328849e-86,6.935887e-86,8.985700e-86,1.190902e-85,1.437582e-85,1.548797e-85,1.615929e-85,1.565729e-85,1.244199e-85,3.569524e-86,2.219212e-87,5.195661e-87,8.521418e-87,1.303574e-86,2.171419e-86,2.413371e-86,3.064702e-86,3.492340e-86,4.174141e-86,4.806894e-86,4.892148e-86,4.898886e-86,3.643558e-86,8.343315e-87
1.305148e-84,5.310682e-84,1.400540e-83,2.829070e-83,4.062106e-83,5.571671e-83,7.754535e-83,6.075068e-83,1.840487e-84,1.942283e-84,7.162222e-84,1.831376e-83,3.281093e-83,4.869434e-83,6.553715e-83,8.239815e-83,1.019786e-82,8.554536e-83,6.336628e-84,2.462304e-84,6.859761e-84,1.844663e-83,3.302926e-83,4.890106e-83,6.257916e-83,7.758401e-83,9.376036e-83,1.047627e-82,9.084621e-83,9.059519e-84,2.072367e-84,7.955162e-84,1.904148e-83,3.345008e-83,4.989888e-83,6.365890e-83,7.698722e-83,9.244844e-83,1.018538e-82,9.973803e-83,6.225909e-83,3.534605e-85,2.230871e-84,8.477844e-84,2.012973e-83,3.381458e-83,4.940030e-83,6.093315e-83,7.352923e-83,8.660913e-83,9.587360e-83,8.956719e-83,7.135377e-83,2.113568e-83,2.434501e-84,8.342588e-84,1.955925e-83,3.418777e-83,4.803046e-83,5.907605e-83,7.329307e-83,8.306203e-83,8.814040e-83,8.252609e-83,6.258569e-83,3.366491e-83,9.371756e-85,2.433311e-84,9.360750e-84,1.977049e-83,3.418941e-83,5.022381e-83,6.229964e-83,7.186556e-83,8.189085e-83,8.323147e-83,7.193974e-83,5.225652e-83,2.683009e-83,2.428930e-84,2.305153e-84,8.449546e-84,1.836949e-83,3.152543e-83,4.255597e-83,5.363911e-83,6.035725e-83,6.557415e-83,6.370971e-83,5.394038e-83,3.573474e-83,1.811243e-83,2.428942e-84,2.115930e-84,7.023911e-84,1.537295e-83,2.683447e-83,3.411488e-83,4.253493e-83,4.569269e-83,4.883801e-83,4.300035e-83,3.458521e-83,2.262517e-83,1.145463e-83,2.110683e-84,2.833871e-88,1.087331e-84,4.538029e-84,9.937672e-84,1.592976e-83,2.103052e-83,2.477080e-83,2.830313e-83,2.744364e-83,2.387244e-83,1.823923e-83,1.230993e-83,6.735980e-84,1.725445e-84,1.851976e-86,4.929905e-85,1.950593e-84,5.280558e-84,8.343339e-84,1.103096e-83,1.221566e-83,1.370517e-83,1.412872e-83,1.209752e-83,9.953491e-84,6.878587e-84,4.326383e-84,1.500754e-84,3.866826e-86,4.407998e-85,8.284372e-85,2.358976e-84,4.128036e-84,5.268546e-84,6.210390e-84,6.727442e-84,7.088896e-84,6.210262e-84,5.757360e-84,4.487647e-84,3.168540e-84,1.306974e-84,4.708501e-86,4.426588e-85,3.977606e-85,5.964650e-85,1.219891e-84,1.695262e-84,2.032690e-84,2.291935e-84,2.449516e-84,2.529420e-84,2.349557e-84,2.141639e-84,1.741563e-84,8.956124e-85,6.174788e-86,6.839372e-86,1.118810e-85,2.002726e-85,4.194249e-85,5.469716e-85,7.164943e-85,8.430648e-85,9.219476e-85,1.011791e-84,1.044739e-84,9.878267e-85,8.564699e-85,5.298445e-85,6.494734e-86,8.619445e-87,2.296198e-86,5.564356e-86,1.047633e-85,1.494695e-85,1.716461e-85,2.034070e-85,2.271367e-85,2.610991e-85,2.751933e-85,2.659467e-85,2.411644e-85,1.655577e-85,3.512422e-86,2.421494e-87,7.152060e-87,1.376219e-86,1.740276e-86,2.173959e-86,2.939822e-86,3.366925e-86,4.068035e-86,4.855051e-86,5.414784e-86,5.115833e-86,4.731786e-86,3.486844e-86,7.629308e-87
5.793351e-84,1.551957e-83,1.972339e-83,3.854338e-83,5.525977e-83,7.412941e-83,1.090012e-82,1.562242e-82,5.623075e-84,4.895800e-84,1.863162e-83,4.263976e-83,7.206127e-83,1.141682e-82,1.593463e-82,2.053711e-82,2.767891e-82,2.585836e-82,1.700776e-83,6.021846e-84,1.420530e-83,3.847898e-83,7.691539e-83,1.104589e-82,1.549382e-82,1.958506e-82,2.538973e-82,2.981680e-82,2.867965e-82,3.308942e-83,5.069128e-84,1.580050e-83,4.490444e-83,7.678461e-83,1.150455e-82,1.655995e-82,2.025878e-82,2.625148e-82,3.136309e-82,3.378562e-82,2.324335e-82,1.317127e-84,5.335178e-84,2.052441e-83,4.777473e-83,8.128381e-83,1.194567e-82,1.613462e-82,2.001836e-82,2.486360e-82,3.036754e-82,3.020330e-82,2.745740e-82,9.372291e-83,6.111542e-84,1.947478e-83,4.707806e-83,7.991730e-83,1.160859e-82,1.556079e-82,1.936581e-82,2.418841e-82,2.924420e-82,2.976827e-82,2.495496e-82,1.531127e-82,4.274269e-84,5.751694e-84,2.169642e-83,4.758486e-83,8.461361e-83,1.392232e-82,1.770516e-82,2.088323e-82,2.584427e-82,2.845570e-82,2.739721e-82,2.184802e-82,1.216680e-82,1.136630e-83,5.707702e-84,2.216200e-83,4.900550e-83,8.409060e-83,1.204739e-82,1.520215e-82,1.807552e-82,2.169321e-82,2.325106e-82,2.121328e-82,1.530134e-82,8.279854e-83,1.114852e-83,7.708995e-84,2.547298e-83,5.736982e-83,9.606818e-83,1.292053e-82,1.617043e-82,1.849631e-82,2.025548e-82,1.909730e-82,1.587325e-82,1.081498e-82,5.405202e-83,1.001665e-83,1.266823e-87,4.919308e-84,1.839245e-83,4.111313e-83,6.674003e-83,8.888249e-83,1.084738e-82,1.220474e-82,1.242582e-82,1.084630e-82,8.535546e-83,5.750264e-83,3.181931e-83,7.916664e-84,8.163394e-86,2.225019e-84,1.022016e-83,2.353179e-83,3.872809e-83,5.055604e-83,5.677417e-83,6.372386e-83,6.561620e-83,5.623889e-83,4.585860e-83,3.100491e-83,1.893214e-83,6.413440e-84,1.667512e-85,1.029753e-84,5.146898e-84,1.072381e-83,1.800921e-83,2.479883e-83,2.767825e-83,3.096545e-83,3.289415e-83,2.866528e-83,2.636894e-83,1.949649e-83,1.293284e-83,5.455164e-84,2.021563e-85,3.977606e-85,2.238651e-84,2.984741e-84,3.991217e-84,6.021551e-84,7.776555e-84,8.400382e-84,9.285188e-84,9.812184e-84,8.755883e-84,8.057612e-84,6.595379e-84,3.672954e-84,2.616032e-85,7.617487e-86,4.021462e-85,8.659976e-85,1.288933e-84,1.722051e-84,2.267395e-84,2.796533e-84,3.259139e-84,3.477853e-84,3.622770e-84,3.642171e-84,3.268197e-84,2.191625e-84,2.854783e-85,3.448506e-86,9.105549e-86,1.832280e-85,3.079366e-85,4.542652e-85,5.831238e-85,6.977153e-85,8.044477e-85,9.089933e-85,9.578728e-85,9.821227e-85,9.203211e-85,6.858446e-85,1.629713e-85,1.217748e-86,3.007247e-86,5.162655e-86,7.525425e-86,1.164857e-85,1.274146e-85,1.453351e-85,1.640723e-85,1.929168e-85,2.201678e-85,2.190148e-85,2.166088e-85,1.644841e-85,3.552956e-86
1.177535e-83,3.608431e-83,6.646274e-83,1.346201e-82,1.965196e-82,2.661466e-82,3.642895e-82,3.934715e-82,1.293834e-83,1.099991e-83,4.505478e-83,1.105392e-82,1.937867e-82,2.922932e-82,4.082953e-82,5.191312e-82,6.873443e-82,6.033241e-82,4.082652e-83,1.463441e-83,3.857308e-83,1.011218e-82,1.958065e-82,2.805285e-82,3.914397e-82,4.866627e-82,6.138826e-82,7.108574e-82,6.634273e-82,7.545074e-83,1.216335e-83,4.044003e-83,1.135045e-82,1.931536e-82,2.903950e-82,3.998104e-82,4.928271e-82,6.274569e-82,7.349429e-82,7.747939e-82,5.206206e-82,3.189233e-84,1.293778e-83,4.939139e-83,1.193766e-82,2.024113e-82,2.884668e-82,3.900084e-82,4.800036e-82,5.886825e-82,7.053391e-82,6.925802e-82,6.157549e-82,2.114768e-82,1.400596e-83,4.876069e-83,1.177158e-82,1.967495e-82,2.844618e-82,3.799678e-82,4.673736e-82,5.698753e-82,6.733883e-82,6.770440e-82,5.580238e-82,3.386328e-82,9.634561e-84,1.373867e-83,5.144576e-83,1.170669e-82,2.070802e-82,3.300738e-82,4.180770e-82,4.907066e-82,5.995308e-82,6.490208e-82,6.184794e-82,4.865644e-82,2.692380e-82,2.510778e-83,1.331680e-83,5.297204e-83,1.200944e-82,2.023640e-82,2.857251e-82,3.540097e-82,4.238808e-82,5.008482e-82,5.295798e-82,4.775529e-82,3.416583e-82,1.844102e-82,2.472991e-83,1.701299e-83,5.878675e-83,1.334246e-82,2.184844e-82,2.966483e-82,3.650659e-82,4.201342e-82,4.559565e-82,4.274675e-82,3.549094e-82,2.413134e-82,1.204518e-82,2.241928e-83,2.813908e-87,1.138666e-83,4.251799e-83,9.387411e-83,1.526782e-82,2.033893e-82,2.454596e-82,2.740371e-82,2.788555e-82,2.430230e-82,1.923497e-82,1.290280e-82,7.133569e-83,1.781042e-83,1.877830e-85,5.526408e-84,2.325581e-83,5.363765e-83,8.717415e-83,1.158855e-82,1.296341e-82,1.448743e-82,1.479385e-82,1.267968e-82,1.038554e-82,6.996561e-83,4.260707e-83,1.444417e-83,3.896432e-85,2.251520e-84,1.031683e-83,2.623854e-83,3.991232e-83,5.633823e-83,6.412741e-83,7.110463e-83,7.451721e-83,6.542730e-83,5.988887e-83,4.421562e-83,2.905244e-83,1.234059e-83,4.667612e-85,5.964650e-85,2.984741e-84,8.662475e-84,1.038493e-83,1.319374e-83,1.745431e-83,1.926169e-83,2.122047e-83,2.237563e-83,2.009626e-83,1.845783e-83,1.501484e-83,8.254895e-84,6.030091e-85,2.911686e-85,7.968191e-85,2.113959e-84,3.217186e-84,3.961574e-84,5.191017e-84,6.488669e-84,7.588516e-84,8.032808e-84,8.287557e-84,8.373413e-84,7.478266e-84,4.926713e-84,6.506634e-85,9.941539e-86,2.354712e-85,4.231779e-85,6.979087e-85,1.010172e-84,1.366080e-84,1.614925e-84,1.871755e-84,2.083807e-84,2.195294e-84,2.219343e-84,2.069717e-84,1.542728e-84,3.711801e-85,2.761230e-86,5.839623e-86,1.123071e-85,1.625916e-85,2.894142e-85,3.181629e-85,3.436477e-85,3.810000e-85,4.412646e-85,4.937804e-85,4.960321e-85,4.938050e-85,3.743112e-85,8.070947e-86
1.646884e-83,6.589669e-83,1.610301e-82,3.215994e-82,4.634673e-82,6.292543e-82,8.464173e-82,7.264474e-82,2.464906e-83,2.012131e-83,8.402529e-83,2.165497e-82,3.769336e-82,5.631978e-82,7.551157e-82,9.521496e-82,1.232131e-81,1.040543e-81,7.987010e-83,2.777502e-83,7.985871e-83,2.024215e-82,3.734524e-82,5.410683e-82,7.215696e-82,8.939447e-82,1.104003e-81,1.236576e-81,1.112718e-81,1.156514e-82,2.194415e-83,8.626754e-83,2.206755e-82,3.806187e-82,5.587137e-82,7.379119e-82,9.028930e-82,1.097530e-81,1.238872e-81,1.269229e-81,8.003185e-82,4.585197e-84,2.407181e-83,9.710208e-83,2.274756e-82,3.832098e-82,5.367989e-82,7.201427e-82,8.612105e-82,1.026090e-81,1.176567e-81,1.126781e-81,9.458912e-82,2.948749e-82,2.446030e-83,9.315946e-83,2.218357e-82,3.831098e-82,5.438901e-82,6.849454e-82,8.525288e-82,9.839450e-82,1.094437e-81,1.066642e-81,8.422218e-82,4.760958e-82,1.302906e-83,2.547480e-83,1.021697e-82,2.243712e-82,3.891193e-82,5.864995e-82,7.356130e-82,8.486894e-82,1.003335e-81,1.045116e-81,9.504017e-82,7.198345e-82,3.813348e-82,3.447147e-83,2.519864e-83,9.818068e-83,2.161112e-82,3.718976e-82,5.020023e-82,6.206583e-82,7.229090e-82,8.196279e-82,8.275449e-82,7.250704e-82,5.027712e-82,2.625248e-82,3.485470e-83,2.657496e-83,9.146822e-83,2.026449e-82,3.486321e-82,4.562171e-82,5.629988e-82,6.271518e-82,6.774829e-82,6.161485e-82,5.062402e-82,3.395880e-82,1.689696e-82,3.167459e-83,3.939697e-87,1.667395e-83,6.338372e-83,1.383610e-82,2.273777e-82,3.000798e-82,3.562824e-82,3.949383e-82,4.015580e-82,3.494888e-82,2.727074e-82,1.845820e-82,1.019125e-82,2.539168e-83,2.753107e-85,8.151297e-84,3.360498e-83,7.562228e-83,1.233739e-82,1.673919e-82,1.882157e-82,2.082234e-82,2.105169e-82,1.804260e-82,1.477673e-82,1.011249e-82,6.296642e-83,2.139533e-83,5.799384e-85,3.811602e-84,1.507267e-83,3.664308e-83,5.983422e-83,7.733309e-83,9.497354e-83,1.015629e-82,1.076805e-82,9.430769e-83,8.702094e-83,6.510772e-83,4.410239e-83,1.842849e-83,6.976548e-85,1.219891e-84,3.991217e-84,1.038493e-83,2.021078e-83,2.282497e-83,2.630364e-83,2.976022e-83,3.263074e-83,3.415705e-83,3.143975e-83,2.899815e-83,2.340401e-83,1.244901e-83,8.966915e-85,5.883576e-85,1.593155e-84,3.210184e-84,5.353788e-84,7.033356e-84,8.574677e-84,1.032948e-83,1.173389e-83,1.290967e-83,1.333296e-83,1.312265e-83,1.157528e-83,7.453494e-84,9.535601e-85,1.402549e-85,3.257981e-85,7.259222e-85,1.247140e-84,1.710330e-84,2.176881e-84,2.520413e-84,2.993975e-84,3.353014e-84,3.553901e-84,3.511225e-84,3.241348e-84,2.344688e-84,5.369223e-85,3.891934e-86,1.186365e-85,1.759566e-85,2.492857e-85,3.755806e-85,4.646184e-85,5.083647e-85,5.871029e-85,6.757005e-85,7.303490e-85,7.323597e-85,7.117248e-85,5.399426e-85,1.167966e-85
2.376326e-83,7.017149e-83,1.239818e-82,2.459976e-82,3.666429e-82,4.898938e-82,6.735864e-82,8.026964e-82,2.887300e-83,2.235465e-83,9.012884e-83,2.244863e-82,3.832109e-82,6.037817e-82,8.330641e-82,1.061785e-81,1.412871e-81,1.269745e-81,8.514439e-83,2.987224e-83,7.430767e-83,2.023636e-82,3.992131e-82,5.732677e-82,7.883636e-82,9.807422e-82,1.262408e-81,1.469957e-81,1.395956e-81,1.546933e-82,2.470690e-83,8.187735e-83,2.258928e-82,3.955799e-82,5.866300e-82,8.274836e-82,1.020156e-81,1.300814e-81,1.520155e-81,1.638765e-81,1.101024e-81,6.280846e-84,2.622607e-83,1.011318e-82,2.357353e-82,4.009056e-82,5.923995e-82,8.098619e-82,9.851510e-82,1.222393e-81,1.476627e-81,1.461295e-81,1.315324e-81,4.426511e-82,2.875444e-83,9.618773e-83,2.382341e-82,4.059616e-82,5.918869e-82,7.783849e-82,9.670896e-82,1.187304e-81,1.416900e-81,1.430114e-81,1.195939e-81,7.280662e-82,2.026744e-83,2.920664e-83,1.064910e-82,2.343238e-82,4.265216e-82,6.878363e-82,8.648729e-82,1.023129e-81,1.259063e-81,1.381436e-81,1.313707e-81,1.046939e-81,5.869285e-82,5.426969e-83,2.735266e-83,1.100623e-82,2.401114e-82,4.181454e-82,5.867347e-82,7.454153e-82,8.912833e-82,1.053497e-81,1.123814e-81,1.026529e-81,7.414861e-82,4.015419e-82,5.400862e-83,3.555522e-83,1.227050e-82,2.780249e-82,4.734588e-82,6.385744e-82,7.880406e-82,9.001036e-82,9.936594e-82,9.304890e-82,7.755059e-82,5.285846e-82,2.625326e-82,4.887652e-83,6.486429e-87,2.448891e-83,9.237178e-83,2.011980e-82,3.262123e-82,4.443812e-82,5.276609e-82,6.005316e-82,6.102562e-82,5.343092e-82,4.201149e-82,2.840676e-82,1.556475e-82,3.847739e-83,4.203803e-85,1.258507e-83,5.268992e-83,1.164064e-82,1.914276e-82,2.497697e-82,2.831401e-82,3.176428e-82,3.262330e-82,2.771815e-82,2.256680e-82,1.536763e-82,9.300788e-83,3.107525e-83,8.659627e-85,5.850352e-84,2.343333e-83,5.339557e-83,9.196342e-83,1.234843e-82,1.384807e-82,1.551087e-82,1.653916e-82,1.424410e-82,1.309667e-82,9.671093e-83,6.360976e-83,2.636520e-83,1.035563e-84,1.695262e-84,6.021551e-84,1.319374e-83,2.282497e-83,3.416573e-83,3.939711e-83,4.046532e-83,4.533362e-83,4.791962e-83,4.337693e-83,3.973689e-83,3.229406e-83,1.761593e-83,1.296575e-84,6.822115e-85,2.043281e-84,4.365677e-84,6.739532e-84,8.886580e-84,1.139430e-83,1.360141e-83,1.589548e-83,1.739790e-83,1.807279e-83,1.795053e-83,1.588956e-83,1.055178e-83,1.383105e-84,1.715884e-85,4.157217e-85,8.524370e-85,1.503487e-84,2.196705e-84,2.813120e-84,3.389356e-84,3.973755e-84,4.499490e-84,4.723786e-84,4.741110e-84,4.415260e-84,3.310625e-84,8.001392e-85,5.857946e-86,1.539747e-85,2.378700e-85,3.701839e-85,5.349324e-85,6.339374e-85,7.328830e-85,8.374629e-85,9.998472e-85,1.106548e-84,1.094647e-84,1.063101e-84,8.027134e-85,1.780074e-85
3.094356e-83,7.305684e-83,8.052388e-83,1.626110e-82,2.459473e-82,3.234506e-82,4.966387e-82,8.622292e-82,3.151529e-83,2.319432e-83,9.618183e-83,2.276232e-82,3.831870e-82,6.248440e-82,8.719800e-82,1.139056e-81,1.576696e-81,1.479165e-81,8.741707e-83,3.252644e-83,6.734325e-83,1.881677e-82,4.071973e-82,5.770659e-82,8.381530e-82,1.064000e-81,1.407169e-81,1.681341e-81,1.660096e-81,1.945009e-82,2.626448e-83,7.436738e-83,2.287638e-82,4.045206e-82,5.975723e-82,9.044073e-82,1.125768e-81,1.483263e-81,1.805519e-81,1.998050e-81,1.406411e-81,7.924541e-84,2.784696e-83,1.037249e-82,2.411953e-82,4.191596e-82,6.241472e-82,8.978157e-82,1.108355e-81,1.407237e-81,1.772361e-81,1.792294e-81,1.690933e-81,5.978170e-82,3.062663e-83,9.734582e-83,2.440702e-82,4.139564e-82,6.237649e-82,8.578009e-82,1.071551e-81,1.380704e-81,1.726349e-81,1.806492e-81,1.559585e-81,9.889577e-82,2.763161e-83,3.043519e-83,1.099932e-82,2.412015e-82,4.520990e-82,7.861750e-82,9.928358e-82,1.185245e-81,1.515350e-81,1.711646e-81,1.684869e-81,1.381043e-81,7.961189e-82,7.438891e-83,3.026896e-83,1.202109e-82,2.616383e-82,4.611847e-82,6.712947e-82,8.582963e-82,1.046375e-81,1.286105e-81,1.422293e-81,1.329413e-81,9.826615e-82,5.426149e-82,7.338099e-83,4.638430e-83,1.536563e-82,3.512330e-82,5.952397e-82,8.179023e-82,1.013115e-81,1.172117e-81,1.308746e-81,1.248622e-81,1.048575e-81,7.221017e-82,3.576080e-82,6.662111e-83,8.421559e-87,3.284469e-83,1.208622e-82,2.635522e-82,4.281792e-82,5.838244e-82,7.036265e-82,7.993332e-82,8.206481e-82,7.197091e-82,5.688395e-82,3.848080e-82,2.113678e-82,5.202808e-83,5.812637e-85,1.673504e-83,7.093144e-83,1.587557e-82,2.572495e-82,3.370479e-82,3.798441e-82,4.277954e-82,4.419636e-82,3.751860e-82,3.056080e-82,2.059595e-82,1.240677e-82,4.096184e-83,1.176190e-84,7.597408e-84,3.149968e-83,7.346225e-83,1.192045e-82,1.681127e-82,1.883595e-82,2.056826e-82,2.226824e-82,1.924107e-82,1.768303e-82,1.288171e-82,8.355160e-83,3.443703e-83,1.386815e-84,2.032690e-84,7.776555e-84,1.745431e-83,2.630364e-83,3.939711e-83,5.353082e-83,5.427622e-83,5.766544e-83,6.145640e-83,5.550830e-83,5.076539e-83,4.120858e-83,2.278688e-83,1.723877e-84,8.092172e-85,2.397074e-84,5.499737e-84,8.375494e-84,1.056235e-83,1.372148e-83,1.702526e-83,1.983292e-83,2.156149e-83,2.256402e-83,2.279173e-83,2.031327e-83,1.368649e-83,1.834851e-84,2.147619e-85,5.035640e-85,1.009838e-84,1.770332e-84,2.590424e-84,3.427566e-84,4.170064e-84,4.976287e-84,5.618805e-84,5.951832e-84,6.045447e-84,5.653827e-84,4.280191e-84,1.068913e-84,7.717259e-86,1.842530e-85,3.077569e-85,4.733877e-85,7.175618e-85,8.122896e-85,9.416138e-85,1.082220e-84,1.292678e-84,1.446387e-84,1.449225e-84,1.424016e-84,1.079277e-84,2.387111e-85
3.592532e-83,1.110490e-82,2.090902e-82,4.138382e-82,6.077570e-82,8.138955e-82,1.103237e-81,1.182716e-81,4.024768e-83,3.430734e-83,1.369623e-82,3.393963e-82,5.882785e-82,9.027405e-82,1.246346e-81,1.581920e-81,2.078646e-81,1.829225e-81,1.231724e-82,4.458400e-83,1.162613e-82,3.116010e-82,6.019605e-82,8.683256e-82,1.190913e-81,1.486011e-81,1.872363e-81,2.155831e-81,2.003191e-81,2.184517e-82,3.687444e-83,1.271906e-82,3.449130e-82,5.985327e-82,9.011473e-82,1.229769e-81,1.517498e-81,1.909607e-81,2.205854e-81,2.332353e-81,1.541334e-81,8.560079e-84,3.948355e-83,1.528462e-82,3.615672e-82,6.158469e-82,9.010505e-82,1.196828e-81,1.466762e-81,1.797018e-81,2.128019e-81,2.078008e-81,1.824455e-81,6.054944e-82,4.297962e-83,1.472697e-82,3.574031e-82,6.090673e-82,8.856476e-82,1.153025e-81,1.437709e-81,1.734461e-81,2.021895e-81,2.016664e-81,1.654345e-81,9.849912e-82,2.714547e-83,4.325352e-83,1.618156e-82,3.581762e-82,6.389973e-82,1.010375e-81,1.279457e-81,1.498917e-81,1.814836e-81,1.959646e-81,1.833117e-81,1.439417e-81,7.904976e-82,7.233785e-83,4.194887e-83,1.625966e-82,3.596470e-82,6.219090e-82,8.673301e-82,1.089731e-81,1.290654e-81,1.508732e-81,1.580347e-81,1.421971e-81,1.013725e-81,5.406389e-82,7.242466e-83,5.051009e-83,1.705657e-82,3.872667e-82,6.580595e-82,8.795207e-82,1.095771e-81,1.238416e-81,1.355868e-81,1.264303e-81,1.048533e-81,7.100273e-82,3.503776e-82,6.607989e-83,8.913069e-87,3.348255e-83,1.252929e-82,2.751744e-82,4.474511e-82,5.995835e-82,7.221735e-82,8.116371e-82,8.229575e-82,7.211321e-82,5.655555e-82,3.824116e-82,2.101349e-82,5.248789e-83,5.996028e-85,1.682300e-83,7.024647e-83,1.586244e-82,2.553934e-82,3.369077e-82,3.787696e-82,4.226674e-82,4.356905e-82,3.735710e-82,3.051103e-82,2.085399e-82,1.278881e-82,4.271651e-83,1.213510e-84,7.759673e-84,3.150497e-83,7.460811e-83,1.197794e-82,1.624516e-82,1.933821e-82,2.093535e-82,2.193270e-82,1.935600e-82,1.791284e-82,1.327123e-82,8.878098e-83,3.652723e-83,1.436101e-84,2.291935e-84,8.400382e-84,1.926169e-83,2.976022e-83,4.046532e-83,5.427622e-83,6.314033e-83,6.482865e-83,6.609523e-83,6.099383e-83,5.634605e-83,4.565200e-83,2.454501e-83,1.792611e-84,9.887415e-85,2.813202e-84,6.222698e-84,9.864573e-84,1.253329e-83,1.600820e-83,1.982960e-83,2.309619e-83,2.452769e-83,2.555910e-83,2.545321e-83,2.263106e-83,1.471334e-83,1.903530e-84,2.490209e-85,6.096369e-85,1.237570e-84,2.109472e-84,3.044702e-84,4.019839e-84,4.797582e-84,5.638652e-84,6.427928e-84,6.798970e-84,6.813518e-84,6.277330e-84,4.625740e-84,1.093778e-84,7.854621e-86,1.922924e-85,3.281976e-85,4.760707e-85,7.525140e-85,8.980037e-85,1.023581e-84,1.174170e-84,1.376111e-84,1.534211e-84,1.528504e-84,1.471348e-84,1.092185e-84,2.376296e-85
4.000957e-83,1.029626e-82,1.341371e-82,2.668574e-82,4.059429e-82,5.399903e-82,7.653908e-82,1.130276e-81,3.974784e-83,3.348618e-83,1.301949e-82,3.141329e-82,5.367230e-82,8.464451e-82,1.194231e-81,1.535488e-81,2.071567e-81,1.886905e-81,1.145524e-82,4.331247e-83,1.005885e-82,2.780889e-82,5.727273e-82,8.121597e-82,1.153427e-81,1.454054e-81,1.884236e-81,2.211462e-81,2.129251e-81,2.403213e-82,3.645549e-83,1.117023e-82,3.253540e-82,5.682740e-82,8.507324e-82,1.221725e-81,1.520900e-81,1.968964e-81,2.318922e-81,2.530094e-81,1.726835e-81,9.378270e-84,3.883360e-83,1.440993e-82,3.421783e-82,5.892076e-82,8.728174e-82,1.206583e-81,1.483485e-81,1.861257e-81,2.268683e-81,2.251846e-81,2.053756e-81,7.100466e-82,4.251607e-83,1.383760e-82,3.454403e-82,5.852176e-82,8.650938e-82,1.160513e-81,1.443003e-81,1.807371e-81,2.188238e-81,2.226242e-81,1.877570e-81,1.156804e-81,3.183528e-83,4.333288e-83,1.540144e-82,3.432956e-82,6.298912e-82,1.035754e-81,1.314648e-81,1.556265e-81,1.934972e-81,2.145284e-81,2.050219e-81,1.652062e-81,9.278660e-82,8.537476e-83,4.119840e-83,1.616383e-82,3.595689e-82,6.245525e-82,8.916875e-82,1.127331e-81,1.360798e-81,1.629841e-81,1.758592e-81,1.611000e-81,1.168556e-81,6.311983e-82,8.500552e-83,5.585852e-83,1.873909e-82,4.286137e-82,7.258930e-82,9.841409e-82,1.222994e-81,1.402753e-81,1.554842e-81,1.469257e-81,1.226989e-81,8.347801e-82,4.101263e-82,7.771261e-83,1.066727e-86,3.831620e-83,1.422815e-82,3.120097e-82,5.075287e-82,6.878895e-82,8.238159e-82,9.330938e-82,9.539947e-82,8.390568e-82,6.608375e-82,4.465250e-82,2.451704e-82,6.106129e-83,7.161810e-85,1.949481e-83,8.120537e-83,1.839733e-82,2.993228e-82,3.901187e-82,4.380211e-82,4.906704e-82,5.064328e-82,4.345419e-82,3.552594e-82,2.418189e-82,1.469923e-82,4.847798e-83,1.415434e-84,8.852524e-84,3.605103e-83,8.519886e-83,1.404266e-82,1.902358e-82,2.165521e-82,2.429696e-82,2.581120e-82,2.230859e-82,2.079633e-82,1.527677e-82,1.008015e-82,4.113825e-83,1.660237e-84,2.449516e-84,9.285188e-84,2.122047e-83,3.263074e-83,4.533362e-83,5.766544e-83,6.482865e-83,7.556801e-83,7.568943e-83,6.768290e-83,6.261209e-83,5.087444e-83,2.748127e-83,2.039896e-84,1.024655e-84,2.933417e-84,6.726633e-84,1.057634e-83,1.383828e-83,1.753627e-83,2.127680e-83,2.544447e-83,2.749697e-83,2.821621e-83,2.812354e-83,2.514075e-83,1.648158e-83,2.154658e-84,2.666621e-85,6.560328e-85,1.258525e-84,2.143458e-84,3.188493e-84,4.349881e-84,5.282403e-84,6.258392e-84,7.128864e-84,7.531956e-84,7.579690e-84,6.929564e-84,5.165235e-84,1.248159e-84,8.775830e-86,2.069199e-85,3.523201e-85,5.495505e-85,8.509604e-85,1.001623e-84,1.158749e-84,1.330986e-84,1.583757e-84,1.759981e-84,1.769551e-84,1.692097e-84,1.250068e-84,2.716525e-85
4.460497e-83,1.033654e-82,9.883520e-83,1.930577e-82,2.923389e-82,3.786989e-82,5.858546e-82,1.090595e-81,3.939390e-83,3.187763e-83,1.272185e-82,2.928414e-82,4.948448e-82,7.993419e-82,1.118895e-81,1.472766e-81,2.020865e-81,1.903357e-81,1.088785e-82,4.242631e-83,8.596379e-83,2.482580e-82,5.312505e-82,7.478969e-82,1.097332e-81,1.396371e-81,1.837371e-81,2.194212e-81,2.156515e-81,2.492046e-82,3.407572e-83,9.849622e-83,3.023634e-82,5.292430e-82,7.940740e-82,1.179570e-81,1.472622e-81,1.942478e-81,2.346711e-81,2.596929e-81,1.809113e-81,9.623823e-84,3.651892e-83,1.367009e-82,3.214336e-82,5.560876e-82,8.330611e-82,1.170673e-81,1.451268e-81,1.847505e-81,2.303193e-81,2.321414e-81,2.163292e-81,7.606919e-82,4.048341e-83,1.288289e-82,3.236133e-82,5.455765e-82,8.169335e-82,1.120047e-81,1.403277e-81,1.806722e-81,2.239614e-81,2.333202e-81,1.999750e-81,1.252012e-81,3.435774e-83,4.070623e-83,1.447804e-82,3.235727e-82,5.989803e-82,1.018822e-81,1.305433e-81,1.548593e-81,1.968659e-81,2.218537e-81,2.166292e-81,1.768291e-81,1.006568e-81,9.310762e-83,3.974196e-83,1.580122e-82,3.466606e-82,6.113315e-82,8.828626e-82,1.123755e-81,1.365157e-81,1.673841e-81,1.839981e-81,1.710976e-81,1.255833e-81,6.856360e-82,9.261083e-83,5.904533e-83,1.970912e-82,4.495981e-82,7.607889e-82,1.030507e-81,1.291028e-81,1.491048e-81,1.664852e-81,1.592330e-81,1.332522e-81,9.147957e-82,4.481548e-82,8.497027e-83,1.124104e-86,4.145370e-83,1.529207e-82,3.328243e-82,5.438620e-82,7.384489e-82,8.887929e-82,1.005310e-81,1.031605e-81,9.117514e-82,7.192481e-82,4.877716e-82,2.680894e-82,6.656521e-83,7.912406e-85,2.088624e-83,8.861739e-83,2.001373e-82,3.247003e-82,4.258892e-82,4.782798e-82,5.350944e-82,5.511975e-82,4.715468e-82,3.867968e-82,2.632813e-82,1.596343e-82,5.221592e-83,1.557594e-84,9.483807e-84,3.917301e-83,9.300302e-83,1.513384e-82,2.079523e-82,2.352280e-82,2.595858e-82,2.806393e-82,2.444432e-82,2.238174e-82,1.652898e-82,1.088128e-82,4.403916e-83,1.811495e-84,2.529420e-84,9.812184e-84,2.237563e-83,3.415705e-83,4.791962e-83,6.145640e-83,6.609523e-83,7.568943e-83,8.401011e-83,7.322593e-83,6.590175e-83,5.394103e-83,2.934712e-83,2.208870e-84,1.045593e-84,3.070833e-84,7.061441e-84,1.086402e-83,1.413324e-83,1.813962e-83,2.225180e-83,2.637318e-83,2.876183e-83,2.993927e-83,2.971735e-83,2.669415e-83,1.769086e-83,2.325213e-84,2.771865e-85,6.589414e-85,1.286566e-84,2.184906e-84,3.232596e-84,4.432991e-84,5.383176e-84,6.478507e-84,7.462514e-84,7.902046e-84,7.981756e-84,7.393531e-84,5.525003e-84,1.355815e-84,8.941579e-86,2.152467e-85,3.734263e-85,5.670410e-85,9.040877e-85,1.047010e-84,1.235596e-84,1.409213e-84,1.681812e-84,1.882263e-84,1.897202e-84,1.838839e-84,1.363596e-84,2.964768e-85
4.627266e-83,1.253622e-82,1.776850e-82,3.356867e-82,4.959376e-82,6.670771e-82,9.549992e-82,1.165167e-81,3.949971e-83,3.734373e-83,1.417180e-82,3.375455e-82,5.841891e-82,8.956732e-82,1.241476e-81,1.604201e-81,2.116044e-81,1.886169e-81,1.174001e-82,4.648939e-83,1.129736e-82,3.070544e-82,6.110889e-82,8.722906e-82,1.229986e-81,1.544104e-81,1.953892e-81,2.258296e-81,2.121744e-81,2.339717e-82,3.868275e-83,1.273531e-82,3.531484e-82,6.172514e-82,9.219906e-82,1.279634e-81,1.585619e-81,2.020215e-81,2.344920e-81,2.494012e-81,1.656943e-81,8.829194e-84,4.172927e-83,1.552260e-82,3.707178e-82,6.349198e-82,9.309570e-82,1.262261e-81,1.533495e-81,1.907617e-81,2.267103e-81,2.217044e-81,1.959617e-81,6.581226e-82,4.436351e-83,1.516570e-82,3.714059e-82,6.332145e-82,9.261150e-82,1.219192e-81,1.502926e-81,1.847700e-81,2.157440e-81,2.162246e-81,1.786486e-81,1.063112e-81,2.881122e-83,4.648055e-83,1.669628e-82,3.736553e-82,6.756527e-82,1.069115e-81,1.352502e-81,1.586470e-81,1.935995e-81,2.101796e-81,1.968154e-81,1.552669e-81,8.532586e-82,7.744654e-83,4.424619e-83,1.701848e-82,3.786568e-82,6.591642e-82,9.230646e-82,1.156468e-81,1.376886e-81,1.615472e-81,1.701935e-81,1.534472e-81,1.090213e-81,5.809917e-82,7.778672e-83,5.332792e-83,1.817212e-82,4.120561e-82,6.970276e-82,9.342434e-82,1.157763e-81,1.314973e-81,1.448221e-81,1.357767e-81,1.126935e-81,7.625164e-82,3.732920e-82,7.176670e-83,9.662938e-87,3.499776e-83,1.328661e-82,2.901009e-82,4.708207e-82,6.372850e-82,7.586073e-82,8.554330e-82,8.685093e-82,7.653161e-82,6.033412e-82,4.092371e-82,2.260008e-82,5.725312e-83,6.993160e-85,1.756387e-83,7.413778e-83,1.669422e-82,2.715061e-82,3.560567e-82,4.013198e-82,4.475636e-82,4.570566e-82,3.932453e-82,3.241168e-82,2.243058e-82,1.391754e-82,4.609774e-83,1.361914e-84,8.092826e-84,3.293930e-83,7.724631e-83,1.270636e-82,1.735842e-82,2.003078e-82,2.191385e-82,2.326225e-82,2.069874e-82,1.920179e-82,1.418575e-82,9.766792e-83,3.955430e-83,1.599154e-84,2.349557e-84,8.755883e-84,2.009626e-83,3.143975e-83,4.337693e-83,5.550830e-83,6.099383e-83,6.768290e-83,7.322593e-83,7.051448e-83,6.210311e-83,4.981287e-83,2.674436e-83,1.959289e-84,1.051549e-84,2.954712e-84,6.665113e-84,1.059995e-83,1.396332e-83,1.773096e-83,2.154792e-83,2.530578e-83,2.728795e-83,2.835432e-83,2.794378e-83,2.473508e-83,1.605499e-83,2.045653e-84,2.696636e-85,6.458100e-85,1.264130e-84,2.170389e-84,3.121892e-84,4.225104e-84,5.101148e-84,6.110968e-84,6.985814e-84,7.491487e-84,7.518324e-84,6.849358e-84,5.037444e-84,1.187625e-84,7.669032e-86,1.858395e-85,3.233471e-85,4.887092e-85,7.728054e-85,9.387627e-85,1.088482e-84,1.251655e-84,1.479462e-84,1.646845e-84,1.686366e-84,1.604587e-84,1.168803e-84,2.508240e-85
5.350758e-83,1.629089e-82,2.681158e-82,4.759799e-82,6.876147e-82,9.117346e-82,1.229842e-81,1.224860e-81,4.010009e-83,4.077866e-83,1.529324e-82,3.651671e-82,6.398477e-82,9.583523e-82,1.313062e-81,1.650827e-81,2.139293e-81,1.856690e-81,1.247838e-82,4.670061e-83,1.293466e-82,3.380458e-82,6.478648e-82,9.314405e-82,1.290477e-81,1.582671e-81,1.965033e-81,2.247429e-81,2.031793e-81,2.172437e-82,4.027748e-83,1.410895e-82,3.741433e-82,6.516789e-82,9.686067e-82,1.312251e-81,1.600509e-81,1.989971e-81,2.285942e-81,2.371740e-81,1.496906e-81,8.241878e-84,4.373611e-83,1.616739e-82,3.866820e-82,6.602477e-82,9.580789e-82,1.273719e-81,1.528988e-81,1.865201e-81,2.165835e-81,2.103449e-81,1.774484e-81,5.692055e-82,4.546638e-83,1.600393e-82,3.844713e-82,6.629319e-82,9.570100e-82,1.235607e-81,1.508060e-81,1.799032e-81,2.037456e-81,1.998780e-81,1.608524e-81,9.149179e-82,2.468299e-83,4.785133e-83,1.738810e-82,3.909154e-82,6.961329e-82,1.059187e-81,1.330691e-81,1.558186e-81,1.847399e-81,1.955438e-81,1.801669e-81,1.384709e-81,7.365667e-82,6.596175e-83,4.543777e-83,1.705994e-82,3.838599e-82,6.604411e-82,9.155808e-82,1.134904e-81,1.334726e-81,1.526188e-81,1.562035e-81,1.385724e-81,9.682717e-82,5.066869e-82,6.745163e-83,4.893893e-83,1.678157e-82,3.789025e-82,6.386082e-82,8.549142e-82,1.050682e-81,1.181405e-81,1.282084e-81,1.182291e-81,9.761676e-82,6.606618e-82,3.239030e-82,6.300195e-83,8.270432e-87,3.064295e-83,1.179805e-82,2.590254e-82,4.193974e-82,5.631118e-82,6.677688e-82,7.494831e-82,7.582180e-82,6.659091e-82,5.218579e-82,3.587921e-82,1.999346e-82,5.134978e-83,6.223778e-85,1.542099e-83,6.448259e-83,1.443835e-82,2.355961e-82,3.091662e-82,3.478734e-82,3.881774e-82,3.967810e-82,3.421228e-82,2.816628e-82,1.987897e-82,1.267604e-82,4.276297e-83,1.227762e-84,7.131450e-84,2.897894e-83,6.707465e-83,1.106023e-82,1.510479e-82,1.748025e-82,1.913297e-82,2.033577e-82,1.791265e-82,1.684503e-82,1.285100e-82,9.058671e-83,3.745677e-83,1.468420e-84,2.141639e-84,8.057612e-84,1.845783e-83,2.899815e-83,3.973689e-83,5.076539e-83,5.634605e-83,6.261209e-83,6.590175e-83,6.210311e-83,6.127903e-83,4.920142e-83,2.557750e-83,1.807700e-84,1.033344e-84,2.779402e-84,6.398495e-84,1.049331e-83,1.383324e-83,1.712949e-83,2.068696e-83,2.437278e-83,2.650964e-83,2.704866e-83,2.711989e-83,2.470298e-83,1.553825e-83,1.893785e-84,2.533137e-85,6.077537e-85,1.199826e-84,2.068903e-84,2.963905e-84,3.951436e-84,4.753547e-84,5.664949e-84,6.512261e-84,6.978114e-84,7.134889e-84,6.663807e-84,4.884532e-84,1.106955e-84,7.193372e-86,1.745097e-85,2.940427e-85,4.479956e-85,7.030384e-85,8.454836e-85,9.636674e-85,1.119680e-84,1.334214e-84,1.485985e-84,1.516579e-84,1.480991e-84,1.078635e-84,2.267905e-85
5.493166e-83,1.622713e-82,2.358240e-82,3.902356e-82,5.567030e-82,7.234212e-82,9.716283e-82,9.863495e-82,3.175868e-83,3.612742e-83,1.319945e-82,3.013582e-82,5.256806e-82,7.806479e-82,1.073562e-81,1.343957e-81,1.740276e-81,1.500701e-81,9.866923e-83,3.847383e-83,1.069181e-82,2.785710e-82,5.337575e-82,7.660840e-82,1.065810e-81,1.307129e-81,1.613348e-81,1.846089e-81,1.648586e-81,1.768056e-82,3.377019e-83,1.169532e-82,3.083858e-82,5.391045e-82,7.962935e-82,1.082767e-81,1.327960e-81,1.633255e-81,1.884198e-81,1.955230e-81,1.214371e-81,7.096848e-84,3.697194e-83,1.323713e-82,3.178427e-82,5.446942e-82,7.902763e-82,1.049784e-81,1.262955e-81,1.531269e-81,1.773990e-81,1.725677e-81,1.445152e-81,4.634921e-82,3.758632e-83,1.328010e-82,3.170908e-82,5.488606e-82,7.905815e-82,1.022949e-81,1.245679e-81,1.481257e-81,1.669126e-81,1.625402e-81,1.305938e-81,7.422812e-82,2.042327e-83,4.024342e-83,1.444048e-82,3.242228e-82,5.788239e-82,8.770933e-82,1.096436e-81,1.292800e-81,1.516811e-81,1.591054e-81,1.464436e-81,1.120413e-81,5.955366e-82,5.375135e-83,3.806140e-83,1.410697e-82,3.181134e-82,5.459533e-82,7.584635e-82,9.381525e-82,1.105645e-81,1.251247e-81,1.269300e-81,1.120151e-81,7.826926e-82,4.115327e-82,5.504208e-83,4.010125e-83,1.369187e-82,3.101730e-82,5.198849e-82,6.965543e-82,8.549363e-82,9.589003e-82,1.033171e-81,9.435203e-82,7.763504e-82,5.293471e-82,2.633690e-82,5.117799e-83,6.154795e-87,2.464788e-83,9.504173e-83,2.092439e-82,3.374941e-82,4.538917e-82,5.357119e-82,6.038441e-82,6.068620e-82,5.318154e-82,4.162684e-82,2.871589e-82,1.621720e-82,4.222513e-83,4.820498e-85,1.235421e-83,5.133751e-83,1.149253e-82,1.875574e-82,2.464038e-82,2.757445e-82,3.077366e-82,3.161181e-82,2.732486e-82,2.234017e-82,1.603278e-82,1.038999e-82,3.584234e-83,9.619257e-85,5.732439e-84,2.322603e-83,5.326313e-83,8.844460e-83,1.208079e-82,1.383339e-82,1.513386e-82,1.616166e-82,1.434438e-82,1.328716e-82,1.037941e-82,7.653420e-83,3.165800e-83,1.182556e-84,1.741563e-84,6.595379e-84,1.501484e-83,2.340401e-83,3.229406e-83,4.120858e-83,4.565200e-83,5.087444e-83,5.394103e-83,4.981287e-83,4.920142e-83,4.419234e-83,2.202391e-83,1.472775e-84,8.740742e-85,2.307766e-84,5.312773e-84,8.834507e-84,1.175870e-83,1.437931e-83,1.714141e-83,2.022666e-83,2.219083e-83,2.282203e-83,2.302016e-83,2.142860e-83,1.355186e-83,1.578272e-84,2.149023e-85,5.162628e-85,9.882192e-85,1.702679e-84,2.466384e-84,3.252058e-84,3.906043e-84,4.585432e-84,5.250836e-84,5.693317e-84,5.930811e-84,5.663716e-84,4.212246e-84,9.393785e-85,5.610196e-86,1.267392e-85,2.284117e-85,3.518878e-85,5.632754e-85,6.769669e-85,7.505435e-85,8.773431e-85,1.045858e-84,1.167754e-84,1.208831e-84,1.208403e-84,8.900900e-85,1.893330e-85
3.319815e-83,7.999712e-83,6.010823e-83,6.480886e-83,9.085575e-83,9.577284e-83,1.447241e-82,3.744421e-82,1.527584e-83,1.476453e-83,5.371269e-83,1.031444e-82,1.648970e-82,2.657758e-82,3.766236e-82,4.963842e-82,6.993627e-82,6.681020e-82,3.777373e-83,1.402092e-83,2.799218e-83,7.894967e-83,1.732094e-82,2.441313e-82,3.750159e-82,4.808626e-82,6.351378e-82,7.646061e-82,7.512274e-82,9.002592e-83,1.175212e-83,3.121234e-83,9.787109e-83,1.728377e-82,2.598832e-82,3.992006e-82,5.136419e-82,6.707413e-82,8.394195e-82,9.470032e-82,6.461840e-82,3.984352e-84,1.282201e-83,4.503908e-83,1.020049e-82,1.806396e-82,2.785956e-82,3.942591e-82,4.960040e-82,6.393523e-82,8.122138e-82,8.367747e-82,7.917718e-82,2.785017e-82,1.364428e-83,4.241840e-83,1.047822e-82,1.762768e-82,2.720290e-82,3.793838e-82,4.779018e-82,6.311024e-82,7.986371e-82,8.327770e-82,7.347928e-82,4.672718e-82,1.326884e-83,1.415636e-83,4.800366e-83,1.072841e-82,2.038394e-82,3.520720e-82,4.528200e-82,5.490845e-82,6.958029e-82,7.855074e-82,7.858164e-82,6.484418e-82,3.774056e-82,3.542914e-83,1.391875e-83,5.417010e-83,1.176243e-82,2.089554e-82,3.049849e-82,3.920668e-82,4.852061e-82,5.976065e-82,6.581478e-82,6.191906e-82,4.637819e-82,2.605157e-82,3.560011e-83,2.147547e-83,7.209668e-83,1.637721e-82,2.757738e-82,3.778001e-82,4.743000e-82,5.482369e-82,6.102946e-82,5.802213e-82,4.881025e-82,3.422177e-82,1.723430e-82,3.269790e-83,3.645514e-87,1.522238e-83,5.628707e-83,1.221958e-82,2.003618e-82,2.728886e-82,3.295118e-82,3.737530e-82,3.831416e-82,3.373052e-82,2.667429e-82,1.832708e-82,1.030557e-82,2.611073e-83,2.534336e-85,7.836802e-84,3.308120e-83,7.325105e-83,1.201594e-82,1.576173e-82,1.767801e-82,1.987967e-82,2.050435e-82,1.755137e-82,1.422940e-82,9.874126e-83,6.222744e-83,2.138227e-83,5.145461e-85,3.609807e-84,1.478685e-83,3.402876e-83,5.592985e-83,7.724396e-83,8.675453e-83,9.660478e-83,1.035906e-82,8.998686e-83,8.324763e-83,6.119377e-83,4.296169e-83,1.858322e-83,6.643654e-85,8.956124e-85,3.672954e-84,8.254895e-84,1.244901e-83,1.761593e-83,2.278688e-83,2.454501e-83,2.748127e-83,2.934712e-83,2.674436e-83,2.557750e-83,2.202391e-83,1.308236e-83,8.793448e-85,3.646343e-85,1.079871e-84,2.523575e-84,4.047475e-84,5.209823e-84,6.455639e-84,7.907133e-84,9.671101e-84,1.044996e-83,1.103137e-83,1.160277e-83,1.093858e-83,7.746360e-84,9.904140e-85,1.081858e-85,2.596639e-85,4.953963e-85,8.383864e-85,1.237740e-84,1.627957e-84,1.958176e-84,2.317372e-84,2.614771e-84,2.847972e-84,3.079920e-84,3.044741e-84,2.445261e-84,6.071155e-85,3.508220e-86,7.912789e-86,1.342049e-85,2.108742e-85,3.321106e-85,3.826273e-85,4.419790e-85,5.004617e-85,5.891499e-85,6.712246e-85,7.095339e-85,7.328875e-85,5.642021e-85,1.286524e-85
1.361832e-84,1.939312e-84,-1.524721e-84,-3.982831e-84,-5.028722e-84,-8.232548e-84,-7.793385e-84,1.809058e-83,8.309716e-85,2.614358e-85,1.591353e-84,2.603505e-84,4.019855e-84,8.733005e-84,1.350635e-83,2.148937e-83,3.541290e-83,3.851492e-83,1.281764e-84,4.630253e-85,-5.558418e-85,-8.646421e-86,3.497406e-84,4.489010e-84,1.164632e-83,1.738276e-83,2.712481e-83,3.765481e-83,4.391927e-83,6.014218e-84,2.440302e-85,-5.168025e-85,1.251213e-84,2.930068e-84,5.067573e-84,1.338215e-83,1.988623e-83,3.123115e-83,4.558819e-83,5.751006e-83,4.623983e-83,2.808771e-85,2.717243e-85,7.904366e-85,1.502708e-84,3.703310e-84,7.606231e-84,1.396042e-83,2.019069e-83,3.060820e-83,4.637821e-83,5.199462e-83,5.790513e-83,2.311800e-83,3.335659e-85,4.432190e-85,1.791004e-84,2.258639e-84,6.544555e-84,1.274444e-83,1.805436e-83,3.127815e-83,4.848515e-83,5.716991e-83,5.594749e-83,3.983604e-83,1.154988e-84,2.881828e-85,6.968933e-85,1.631175e-84,5.032827e-84,1.473201e-83,2.039642e-83,2.605091e-83,3.965491e-83,5.104089e-83,5.655467e-83,5.109987e-83,3.256581e-83,3.143468e-84,4.105139e-85,1.853361e-84,3.593109e-84,7.401160e-84,1.276082e-83,1.803258e-83,2.481859e-83,3.611544e-83,4.572522e-83,4.677417e-83,3.763158e-83,2.234771e-83,3.118150e-84,1.573178e-84,5.014027e-84,1.164401e-83,1.963492e-83,2.776218e-83,3.549610e-83,4.260982e-83,4.983519e-83,4.984027e-83,4.293432e-83,3.066747e-83,1.516323e-83,2.875800e-84,3.466573e-88,1.311644e-84,4.628546e-84,9.962700e-84,1.654720e-83,2.286304e-83,2.804212e-83,3.187802e-83,3.351261e-83,2.980372e-83,2.382501e-83,1.634738e-83,8.975077e-84,2.201459e-84,2.547892e-86,6.914690e-85,2.987281e-84,6.624909e-84,1.083189e-83,1.416706e-83,1.597209e-83,1.811506e-83,1.869628e-83,1.583011e-83,1.281112e-83,8.573743e-84,5.080907e-84,1.656308e-84,5.119599e-86,3.141305e-85,1.320124e-84,3.088774e-84,4.988340e-84,6.981312e-84,7.777278e-84,8.710797e-84,9.460175e-84,8.026313e-84,7.377377e-84,5.195063e-84,3.269797e-84,1.362543e-84,6.346720e-86,6.174788e-86,2.616032e-85,6.030091e-85,8.966915e-85,1.296575e-84,1.723877e-84,1.792611e-84,2.039896e-84,2.208870e-84,1.959289e-84,1.807700e-84,1.472775e-84,8.793448e-85,8.508885e-86,2.047521e-86,6.943104e-86,1.660731e-85,2.384889e-85,2.965796e-85,3.975864e-85,5.137408e-85,6.479592e-85,7.025584e-85,7.459106e-85,7.916261e-85,7.254363e-85,5.314772e-85,8.084007e-86,6.527205e-87,1.348563e-86,2.560795e-86,4.253014e-86,6.571955e-86,9.671506e-86,1.210722e-85,1.533722e-85,1.772914e-85,1.927210e-85,2.050925e-85,2.005210e-85,1.663413e-85,4.786622e-86,2.763324e-87,5.574839e-87,1.068950e-86,1.647780e-86,2.798600e-86,3.111596e-86,3.728127e-86,4.220012e-86,5.027121e-86,5.761263e-86,6.033091e-86,6.146717e-86,4.667406e-86,1.084736e-86
7.927643e-85,5.098696e-84,1.517737e-83,3.040157e-83,4.251980e-83,5.935696e-83,7.908947e-83,4.426592e-83,1.011782e-84,1.499494e-84,5.716380e-84,1.499143e-83,2.824760e-83,3.880565e-83,5.148209e-83,6.206009e-83,7.298589e-83,5.228572e-83,4.532139e-84,1.850001e-84,6.657043e-84,1.621032e-83,2.733507e-83,4.045887e-83,5.054482e-83,6.060596e-83,6.881696e-83,7.189570e-83,5.389153e-83,4.670556e-84,1.632979e-84,7.127287e-84,1.633294e-83,2.815424e-83,4.077525e-83,4.905353e-83,5.715440e-83,6.435643e-83,6.554706e-83,5.623930e-83,2.784926e-83,1.897181e-85,1.822838e-84,6.769361e-84,1.679790e-83,2.811794e-83,3.764652e-83,4.664042e-83,5.388149e-83,5.916136e-83,5.818586e-83,4.934876e-83,2.973756e-83,6.341524e-84,1.766537e-84,7.095956e-84,1.601340e-83,2.841556e-83,3.851762e-83,4.570891e-83,5.405139e-83,5.523903e-83,4.967997e-83,4.018989e-83,2.324476e-83,7.192418e-84,2.029000e-85,1.847047e-84,7.581906e-84,1.652319e-83,2.724005e-83,3.618873e-83,4.271891e-83,4.831513e-83,4.962188e-83,4.332013e-83,3.107162e-83,1.699793e-83,4.967652e-84,3.431499e-85,1.819008e-84,6.215541e-84,1.452326e-83,2.346155e-83,3.089535e-83,3.604797e-83,3.887024e-83,3.728902e-83,3.013426e-83,2.066745e-83,1.016019e-83,3.370889e-84,3.895574e-85,9.868505e-85,3.198801e-84,7.156320e-84,1.184866e-83,1.463102e-83,1.673436e-83,1.617955e-83,1.431210e-83,9.346990e-84,6.156215e-84,2.802988e-84,1.515413e-84,3.260975e-85,4.469168e-89,3.276210e-85,1.357867e-84,3.132463e-84,4.712641e-84,5.573550e-84,5.922495e-84,6.229396e-84,5.061836e-84,3.997037e-84,2.771813e-84,1.829987e-84,1.140223e-84,3.861103e-85,6.129489e-87,7.407687e-86,3.697600e-85,9.102938e-85,1.212912e-84,1.860859e-84,1.845695e-84,1.926282e-84,1.868597e-84,1.774787e-84,1.701178e-84,1.415666e-84,1.217317e-84,4.850217e-85,1.316903e-86,-5.345392e-88,1.366433e-85,4.907761e-85,6.956244e-85,7.858909e-85,1.048672e-84,9.083025e-85,9.769159e-85,1.106939e-84,1.141231e-84,1.208046e-84,1.186345e-84,5.038581e-85,1.533451e-86,6.839372e-86,7.617487e-86,2.911686e-85,5.883576e-85,6.822115e-85,8.092172e-85,9.887415e-85,1.024655e-84,1.045593e-84,1.051549e-84,1.033344e-84,8.740742e-85,3.646343e-85,2.047521e-86,1.862225e-85,1.722678e-85,1.367373e-85,2.542502e-85,3.847072e-85,4.759224e-85,5.392372e-85,5.472558e-85,6.020985e-85,5.934076e-85,5.349426e-85,4.588185e-85,2.170055e-85,1.978888e-86,1.021166e-86,1.243563e-86,2.129582e-86,4.563942e-86,7.052379e-86,8.990846e-86,1.057723e-85,1.126713e-85,1.197319e-85,1.289877e-85,1.218061e-85,1.050054e-85,6.397810e-86,8.996783e-87,6.421963e-88,1.572617e-87,5.327380e-87,6.675973e-87,1.202945e-86,1.549948e-86,1.130923e-86,1.556655e-86,1.693022e-86,1.671312e-86,1.625900e-86,1.469882e-86,8.775705e-87,1.013620e-87
1.702461e-84,8.518734e-84,2.402413e-83,4.865639e-83,6.893159e-83,9.464370e-83,1.292989e-82,8.888112e-83,2.577094e-84,2.844866e-84,1.127752e-83,2.889816e-83,5.179042e-83,7.479119e-83,9.766545e-83,1.229382e-82,1.501531e-82,1.180155e-82,9.620010e-84,3.903874e-84,1.149083e-83,2.984318e-83,5.192007e-83,7.571817e-83,9.639435e-83,1.188004e-82,1.403735e-82,1.519300e-82,1.256816e-82,1.167067e-83,3.059993e-84,1.331769e-83,3.112273e-83,5.406021e-83,7.805592e-83,9.758431e-83,1.176244e-82,1.361733e-82,1.444265e-82,1.375757e-82,7.804412e-83,4.511839e-85,3.451382e-84,1.356913e-83,3.241525e-83,5.383201e-83,7.424577e-83,9.422430e-83,1.109861e-82,1.265586e-82,1.337368e-82,1.208893e-82,8.810199e-83,2.332190e-83,3.476079e-84,1.347497e-83,3.132259e-83,5.511842e-83,7.468805e-83,9.081594e-83,1.114020e-82,1.202433e-82,1.192082e-82,1.067615e-82,7.451022e-83,3.500478e-83,9.447258e-85,3.714572e-84,1.491988e-83,3.207203e-83,5.377694e-83,7.445988e-83,9.171071e-83,1.042334e-82,1.148197e-82,1.095503e-82,8.919263e-83,5.966227e-83,2.712388e-83,2.348105e-84,3.577326e-84,1.316219e-83,2.882754e-83,4.899794e-83,6.391685e-83,7.798508e-83,8.658259e-83,9.000915e-83,8.137750e-83,6.461670e-83,3.978966e-83,1.857868e-83,2.405558e-84,2.616211e-84,8.930929e-84,1.952563e-83,3.407514e-83,4.130644e-83,5.108506e-83,5.356966e-83,5.454105e-83,4.489329e-83,3.454239e-83,2.179364e-83,1.115382e-83,2.067591e-84,2.529025e-88,1.317272e-84,5.185059e-84,1.125484e-83,1.803035e-83,2.286257e-83,2.589864e-83,2.935700e-83,2.774459e-83,2.376520e-83,1.782933e-83,1.205094e-83,6.809543e-84,1.781700e-84,2.132433e-86,5.107289e-85,2.278791e-84,5.246146e-84,8.072408e-84,1.129208e-83,1.220602e-83,1.359270e-83,1.364330e-83,1.170404e-83,9.804708e-84,7.056673e-84,4.806112e-84,1.699277e-84,4.689814e-86,2.024421e-85,9.548833e-85,2.487161e-84,4.002160e-84,4.984947e-84,6.344658e-84,6.385493e-84,6.847364e-84,6.278042e-84,5.814437e-84,4.852917e-84,3.771882e-84,1.557630e-84,5.501370e-86,1.118810e-85,4.021462e-85,7.968191e-85,1.593155e-84,2.043281e-84,2.397074e-84,2.813202e-84,2.933417e-84,3.070833e-84,2.954712e-84,2.779402e-84,2.307766e-84,1.079871e-84,6.943104e-86,1.722678e-85,4.766164e-85,5.690862e-85,5.884629e-85,8.199185e-85,1.073168e-84,1.272241e-84,1.330478e-84,1.480760e-84,1.512780e-84,1.402637e-84,1.198489e-84,6.546805e-85,7.031726e-86,1.115122e-86,2.667503e-86,7.075239e-86,1.149012e-85,1.663092e-85,2.133158e-85,2.505933e-85,2.827178e-85,3.191538e-85,3.406953e-85,3.193670e-85,2.873818e-85,1.927277e-85,3.669767e-86,1.765657e-87,8.355323e-87,1.529348e-86,2.023620e-86,2.849181e-86,4.221970e-86,4.277914e-86,5.020398e-86,5.811444e-86,5.920489e-86,5.721956e-86,5.338225e-86,3.685309e-86,7.073479e-87
3.721990e-84,1.886321e-83,5.289392e-83,1.059262e-82,1.521017e-82,2.115906e-82,2.844409e-82,2.026080e-82,6.074167e-84,6.248999e-84,2.354343e-83,6.266868e-83,1.130734e-82,1.641298e-82,2.185506e-82,2.688310e-82,3.306360e-82,2.684782e-82,2.294596e-83,7.820554e-84,2.596925e-83,6.483456e-83,1.140643e-82,1.660297e-82,2.147071e-82,2.586732e-82,3.073178e-82,3.355695e-82,2.833380e-82,2.799042e-83,6.959522e-84,2.811805e-83,6.791501e-83,1.155809e-82,1.689383e-82,2.141105e-82,2.508551e-82,2.990520e-82,3.220256e-82,3.058978e-82,1.765948e-82,1.018319e-84,7.448514e-84,2.898996e-83,6.962238e-83,1.158095e-82,1.592166e-82,2.035306e-82,2.381919e-82,2.758303e-82,2.965449e-82,2.709182e-82,2.006527e-82,5.462869e-83,7.961390e-84,2.952304e-83,6.902343e-83,1.195100e-82,1.623423e-82,2.023669e-82,2.366252e-82,2.624409e-82,2.662250e-82,2.411125e-82,1.714194e-82,8.107876e-83,2.136659e-84,8.101329e-84,3.088241e-83,6.952108e-83,1.171445e-82,1.601281e-82,1.978855e-82,2.262383e-82,2.507467e-82,2.438121e-82,2.053820e-82,1.393505e-82,6.296962e-83,5.312034e-84,7.455931e-84,2.775338e-83,6.339505e-83,1.046194e-82,1.389922e-82,1.679100e-82,1.880666e-82,1.994355e-82,1.833805e-82,1.486799e-82,9.268568e-83,4.332639e-83,5.403111e-84,5.473272e-84,2.036953e-83,4.445157e-83,7.394386e-83,9.567525e-83,1.132701e-82,1.232637e-82,1.239955e-82,1.054446e-82,8.302895e-83,5.243377e-83,2.620598e-83,4.938133e-84,6.718470e-88,2.825302e-84,1.180160e-83,2.601845e-83,4.077039e-83,5.281056e-83,6.005891e-83,6.730329e-83,6.551993e-83,5.571785e-83,4.288661e-83,2.891967e-83,1.637092e-83,4.296060e-84,5.716655e-86,1.356017e-84,5.433969e-84,1.235696e-83,1.977403e-83,2.554005e-83,2.917173e-83,3.213870e-83,3.221029e-83,2.810447e-83,2.369807e-83,1.704304e-83,1.121868e-83,3.949543e-84,1.224364e-85,5.696305e-85,2.309658e-84,5.586824e-84,9.319349e-84,1.235916e-83,1.477686e-83,1.606586e-83,1.645088e-83,1.496927e-83,1.396773e-83,1.160641e-83,8.786786e-84,3.625538e-84,1.396408e-85,2.002726e-85,8.659976e-85,2.113959e-84,3.210184e-84,4.365677e-84,5.499737e-84,6.222698e-84,6.726633e-84,7.061441e-84,6.665113e-84,6.398495e-84,5.312773e-84,2.523575e-84,1.660731e-85,1.367373e-85,5.690862e-85,1.506603e-84,1.863241e-84,1.982606e-84,2.328114e-84,2.855903e-84,3.210469e-84,3.408605e-84,3.434848e-84,3.317510e-84,2.836366e-84,1.538756e-84,1.632768e-85,2.235979e-86,5.683756e-86,1.480313e-85,2.688953e-85,3.505730e-85,4.409489e-85,5.414918e-85,6.381988e-85,7.049367e-85,7.378633e-85,7.238348e-85,6.683876e-85,4.473421e-85,8.463832e-86,7.430197e-87,2.372475e-86,3.631526e-86,5.529294e-86,8.272252e-86,9.194336e-86,9.640357e-86,1.121466e-85,1.297631e-85,1.403086e-85,1.356740e-85,1.330875e-85,8.975881e-86,1.588566e-86
7.934874e-84,4.157380e-83,1.105315e-82,2.131579e-82,3.039656e-82,4.247574e-82,5.654446e-82,3.763591e-82,1.126054e-83,1.274639e-83,4.538994e-83,1.208760e-82,2.171226e-82,3.094827e-82,4.146456e-82,4.968825e-82,6.030104e-82,4.843244e-82,4.423898e-83,1.424670e-83,5.336232e-83,1.280025e-82,2.197058e-82,3.236421e-82,4.106331e-82,4.900485e-82,5.734053e-82,6.156231e-82,5.040877e-82,4.716989e-83,1.355769e-83,5.643116e-83,1.324089e-82,2.246578e-82,3.299840e-82,4.059467e-82,4.700853e-82,5.480834e-82,5.793520e-82,5.298518e-82,2.858746e-82,1.557304e-84,1.441105e-83,5.659382e-83,1.353947e-82,2.244024e-82,3.086794e-82,3.859224e-82,4.435371e-82,5.050358e-82,5.241673e-82,4.674145e-82,3.186778e-82,7.367384e-83,1.522422e-83,5.766001e-83,1.324297e-82,2.324345e-82,3.159604e-82,3.806235e-82,4.450353e-82,4.759880e-82,4.595446e-82,3.970389e-82,2.628518e-82,1.032510e-82,2.468053e-84,1.551435e-83,6.071886e-83,1.351816e-82,2.257619e-82,3.006031e-82,3.654763e-82,4.139510e-82,4.406482e-82,4.118218e-82,3.278209e-82,2.055486e-82,7.873644e-83,5.900970e-84,1.431767e-83,5.193887e-83,1.207131e-82,1.973507e-82,2.582087e-82,3.083562e-82,3.385758e-82,3.436186e-82,2.982787e-82,2.286438e-82,1.306584e-82,5.376449e-83,6.307208e-84,8.543064e-84,3.242210e-83,7.029353e-83,1.180324e-82,1.512786e-82,1.751487e-82,1.808960e-82,1.733835e-82,1.358966e-82,1.027179e-82,5.972505e-83,2.975660e-83,5.877897e-84,8.878936e-88,3.501740e-84,1.601189e-83,3.629865e-83,5.674015e-83,7.063127e-83,7.951964e-83,8.577789e-83,8.047989e-83,6.710223e-83,5.002855e-83,3.430089e-83,1.994658e-83,5.624707e-84,8.300726e-86,1.669785e-84,6.283981e-84,1.382067e-83,2.303152e-83,2.966978e-83,3.377073e-83,3.588634e-83,3.559866e-83,3.252097e-83,2.819547e-83,2.187102e-83,1.563646e-83,5.782389e-84,1.736203e-85,7.731368e-85,2.840808e-84,6.199984e-84,1.086073e-83,1.413628e-83,1.805096e-83,1.886264e-83,1.873924e-83,1.791012e-83,1.743374e-83,1.589053e-83,1.354386e-83,5.565197e-84,2.017505e-85,4.194249e-85,1.288933e-84,3.217186e-84,5.353788e-84,6.739532e-84,8.375494e-84,9.864573e-84,1.057634e-83,1.086402e-83,1.059995e-83,1.049331e-83,8.834507e-84,4.047475e-84,2.384889e-85,2.542502e-85,5.884629e-85,1.863241e-84,3.803428e-84,4.157002e-84,4.190318e-84,4.795950e-84,5.386424e-84,5.790752e-84,5.789037e-84,5.523694e-84,4.744968e-84,2.461640e-84,2.301962e-85,4.904752e-86,1.062116e-85,2.421731e-85,4.891550e-85,6.638626e-85,7.714883e-85,9.081947e-85,1.048115e-84,1.168136e-84,1.228233e-84,1.224554e-84,1.127318e-84,7.191433e-85,1.132083e-85,1.506298e-86,4.742688e-86,6.000025e-86,8.526830e-86,1.143709e-85,1.323882e-85,1.292912e-85,1.634931e-85,1.823429e-85,2.009295e-85,1.908303e-85,1.840136e-85,1.177139e-85,1.799456e-86
1.115148e-83,5.579293e-83,1.432305e-82,2.782647e-82,3.987461e-82,5.540928e-82,7.285585e-82,4.819285e-82,1.320087e-83,1.687933e-83,6.052941e-83,1.603114e-82,2.902115e-82,4.107969e-82,5.526298e-82,6.611173e-82,8.005712e-82,6.159057e-82,5.355369e-83,1.955324e-83,7.008929e-83,1.704406e-82,2.963595e-82,4.317475e-82,5.503812e-82,6.530307e-82,7.643992e-82,8.189435e-82,6.603771e-82,6.026074e-83,1.810365e-83,7.513827e-83,1.769966e-82,3.039101e-82,4.390348e-82,5.455817e-82,6.369835e-82,7.367935e-82,7.650634e-82,7.082481e-82,3.712717e-82,2.125454e-84,1.963800e-83,7.365890e-83,1.801350e-82,2.992391e-82,4.078784e-82,5.226471e-82,5.970519e-82,6.754202e-82,6.955210e-82,6.150274e-82,4.112814e-82,9.874520e-83,1.955225e-83,7.646141e-83,1.779786e-82,3.143168e-82,4.251480e-82,5.154852e-82,6.017726e-82,6.352292e-82,6.092326e-82,5.169063e-82,3.348904e-82,1.304474e-82,3.227701e-84,2.134516e-83,8.080045e-83,1.807638e-82,3.047645e-82,4.061264e-82,4.875051e-82,5.562490e-82,5.877688e-82,5.429189e-82,4.214052e-82,2.610482e-82,9.766423e-83,7.373720e-84,1.927598e-83,6.945007e-83,1.617045e-82,2.658713e-82,3.492216e-82,4.121956e-82,4.572515e-82,4.554833e-82,3.922101e-82,2.947756e-82,1.657835e-82,6.690681e-83,7.938875e-84,1.129014e-83,4.173267e-83,9.204785e-83,1.533337e-82,1.973411e-82,2.253452e-82,2.337023e-82,2.207995e-82,1.680163e-82,1.245564e-82,7.091928e-83,3.552832e-83,7.313953e-84,1.146197e-87,4.293846e-84,2.016047e-83,4.654556e-83,7.045823e-83,9.071968e-83,9.588253e-83,1.066446e-82,9.729971e-83,8.067691e-83,6.073253e-83,4.099910e-83,2.410967e-83,7.014765e-84,1.036740e-85,1.924638e-84,7.271247e-84,1.678693e-83,2.729104e-83,3.629581e-83,4.054739e-83,4.229505e-83,4.228261e-83,3.820033e-83,3.342317e-83,2.684836e-83,1.972241e-83,7.321715e-84,2.130716e-85,8.934409e-85,3.460913e-84,7.359429e-84,1.324614e-83,1.697305e-83,2.194085e-83,2.231229e-83,2.235000e-83,2.197579e-83,2.133947e-83,1.976550e-83,1.725018e-83,7.179619e-84,2.494603e-85,5.469716e-85,1.722051e-84,3.961574e-84,7.033356e-84,8.886580e-84,1.056235e-83,1.253329e-83,1.383828e-83,1.413324e-83,1.396332e-83,1.383324e-83,1.175870e-83,5.209823e-84,2.965796e-85,3.847072e-85,8.199185e-85,1.982606e-84,4.157002e-84,6.302509e-84,6.412332e-84,6.572340e-84,6.982855e-84,7.738709e-84,7.724658e-84,7.290170e-84,6.317786e-84,3.182438e-84,2.859253e-85,7.293078e-86,1.682762e-85,3.185592e-85,5.849523e-85,8.474228e-85,1.085979e-84,1.269362e-84,1.398064e-84,1.555312e-84,1.662229e-84,1.627949e-84,1.448499e-84,9.322668e-85,1.417203e-85,1.515887e-86,4.363265e-86,6.513424e-86,1.035038e-85,1.470779e-85,1.828189e-85,1.661798e-85,2.090144e-85,2.475613e-85,2.528213e-85,2.478438e-85,2.295315e-85,1.431573e-85,2.064064e-86
1.218292e-83,5.976104e-83,1.598066e-82,3.154251e-82,4.543460e-82,6.307245e-82,8.413130e-82,5.666466e-82,1.500619e-83,1.924336e-83,6.932288e-83,1.854384e-82,3.389048e-82,4.742238e-82,6.473694e-82,7.816735e-82,9.471514e-82,7.356929e-82,6.040597e-83,2.286193e-83,7.915597e-83,1.956876e-82,3.409660e-82,5.006097e-82,6.414647e-82,7.699304e-82,8.983817e-82,9.719280e-82,7.906701e-82,7.372244e-83,2.111444e-83,8.530412e-83,2.028028e-82,3.481283e-82,5.155216e-82,6.294176e-82,7.484940e-82,8.703901e-82,9.153656e-82,8.485420e-82,4.656262e-82,2.688164e-84,2.274714e-83,8.471713e-83,2.091516e-82,3.491919e-82,4.839564e-82,6.056609e-82,7.050288e-82,8.034957e-82,8.380862e-82,7.470995e-82,5.177366e-82,1.342646e-82,2.301364e-83,8.830583e-83,2.048977e-82,3.571811e-82,4.923719e-82,5.980123e-82,7.098389e-82,7.584655e-82,7.402426e-82,6.435683e-82,4.315662e-82,1.858772e-82,4.839891e-84,2.460633e-83,9.310470e-83,2.075641e-82,3.525073e-82,4.789538e-82,5.822009e-82,6.636172e-82,7.082784e-82,6.692504e-82,5.312689e-82,3.423158e-82,1.414742e-82,1.140460e-83,2.243851e-83,8.086781e-83,1.882678e-82,3.112936e-82,4.097785e-82,4.890496e-82,5.470953e-82,5.536615e-82,4.905447e-82,3.778654e-82,2.216598e-82,9.578712e-83,1.184341e-83,1.446746e-83,5.237046e-83,1.165697e-82,1.942274e-82,2.502605e-82,2.925665e-82,3.058258e-82,2.993400e-82,2.393532e-82,1.817904e-82,1.085410e-82,5.416727e-83,1.074439e-83,1.582665e-87,6.178171e-84,2.732627e-83,6.218143e-83,9.624666e-83,1.249579e-82,1.399999e-82,1.526608e-82,1.413924e-82,1.196972e-82,9.118816e-83,6.121875e-83,3.495517e-83,9.798815e-84,1.446957e-85,2.873269e-84,1.099949e-83,2.564108e-83,4.085404e-83,5.452837e-83,6.096022e-83,6.559441e-83,6.506543e-83,5.834601e-83,5.033246e-83,3.808791e-83,2.658376e-83,9.523864e-84,2.965367e-85,1.343679e-84,5.141393e-84,1.168869e-83,2.002409e-83,2.568980e-83,3.235482e-83,3.395890e-83,3.386897e-83,3.244276e-83,3.100528e-83,2.711377e-83,2.232074e-83,9.058096e-84,3.365000e-85,7.164943e-85,2.267395e-84,5.191017e-84,8.574677e-84,1.139430e-83,1.372148e-83,1.600820e-83,1.753627e-83,1.813962e-83,1.773096e-83,1.712949e-83,1.437931e-83,6.455639e-84,3.975864e-85,4.759224e-85,1.073168e-84,2.328114e-84,4.190318e-84,6.412332e-84,8.563951e-84,9.096497e-84,8.744923e-84,9.343951e-84,9.479786e-84,8.985473e-84,7.713240e-84,3.943957e-84,3.811499e-85,8.963687e-86,2.170003e-85,4.107866e-85,7.147135e-85,9.852796e-85,1.303584e-84,1.579017e-84,1.740612e-84,1.910774e-84,2.065683e-84,2.012257e-84,1.788436e-84,1.144578e-84,1.911206e-85,1.694242e-86,4.424828e-86,8.396992e-86,1.175609e-85,1.935589e-85,2.490431e-85,2.268974e-85,2.824833e-85,3.214088e-85,3.436804e-85,3.319813e-85,3.097398e-85,1.956558e-85,3.160260e-86
1.261120e-83,6.386564e-83,1.771403e-82,3.518620e-82,5.078898e-82,7.055944e-82,9.359031e-82,6.512270e-82,1.874446e-83,2.086036e-83,7.683409e-83,2.077127e-82,3.766215e-82,5.336354e-82,7.273781e-82,8.820899e-82,1.079075e-81,8.629976e-82,7.136665e-83,2.497683e-83,8.715376e-83,2.151614e-82,3.763201e-82,5.544971e-82,7.137795e-82,8.600280e-82,1.012327e-81,1.098865e-81,9.132841e-82,8.722923e-83,2.296203e-83,9.318689e-83,2.240747e-82,3.820519e-82,5.720997e-82,7.001432e-82,8.325347e-82,9.817359e-82,1.043922e-81,9.825075e-82,5.545068e-82,2.993157e-84,2.474561e-83,9.501494e-83,2.308671e-82,3.865229e-82,5.381430e-82,6.733744e-82,7.879948e-82,9.090055e-82,9.618893e-82,8.683375e-82,6.260353e-82,1.649846e-82,2.605501e-83,9.716944e-83,2.259351e-82,3.905818e-82,5.431012e-82,6.614984e-82,7.883999e-82,8.586149e-82,8.576960e-82,7.640617e-82,5.324171e-82,2.409547e-82,6.127514e-84,2.676585e-83,1.026588e-82,2.289365e-82,3.886000e-82,5.330909e-82,6.572532e-82,7.467864e-82,8.132714e-82,7.858891e-82,6.430089e-82,4.307792e-82,1.877521e-82,1.519730e-83,2.497403e-83,9.025652e-83,2.093025e-82,3.451830e-82,4.563794e-82,5.507198e-82,6.174587e-82,6.430992e-82,5.850521e-82,4.656301e-82,2.843436e-82,1.278255e-82,1.590357e-83,1.737781e-83,6.287492e-83,1.387590e-82,2.333209e-82,3.019897e-82,3.590973e-82,3.795782e-82,3.831465e-82,3.198656e-82,2.501250e-82,1.540138e-82,7.513624e-83,1.476665e-83,2.234185e-87,8.360519e-84,3.488677e-83,7.852171e-83,1.245612e-82,1.606126e-82,1.869611e-82,2.013401e-82,1.940744e-82,1.666545e-82,1.272142e-82,8.636198e-83,4.871877e-83,1.300205e-83,1.942593e-85,4.007920e-84,1.558488e-83,3.530939e-83,5.698491e-83,7.542157e-83,8.529182e-83,9.339871e-83,9.356586e-83,8.310064e-83,7.066351e-83,5.182376e-83,3.480808e-83,1.203304e-83,3.948179e-85,1.824279e-84,7.168676e-84,1.659796e-83,2.724850e-83,3.539921e-83,4.431696e-83,4.745631e-83,4.859847e-83,4.504627e-83,4.282689e-83,3.585795e-83,2.805163e-83,1.118856e-83,4.424916e-85,8.430648e-85,2.796533e-84,6.488669e-84,1.032948e-83,1.360141e-83,1.702526e-83,1.982960e-83,2.127680e-83,2.225180e-83,2.154792e-83,2.068696e-83,1.714141e-83,7.907133e-84,5.137408e-85,5.392372e-85,1.272241e-84,2.855903e-84,4.795950e-84,6.572340e-84,9.096497e-84,1.134416e-83,1.116664e-83,1.109077e-83,1.124891e-83,1.084799e-83,9.293047e-84,4.863725e-84,4.918088e-85,9.700245e-86,2.300791e-85,4.790711e-85,8.371948e-85,1.125306e-84,1.466588e-84,1.807816e-84,2.105182e-84,2.311813e-84,2.455876e-84,2.428349e-84,2.182014e-84,1.407250e-84,2.492631e-85,2.358829e-86,6.877704e-86,1.122934e-85,1.518390e-85,2.502111e-85,3.003799e-85,2.935294e-85,3.636100e-85,4.099819e-85,4.497057e-85,4.371036e-85,4.066094e-85,2.623072e-85,4.451386e-86
1.607207e-83,7.139412e-83,1.844053e-82,3.588576e-82,5.234338e-82,7.219641e-82,9.455778e-82,6.943774e-82,2.081476e-83,2.207477e-83,7.995306e-83,2.151145e-82,3.905538e-82,5.644404e-82,7.716495e-82,9.386273e-82,1.154326e-81,9.374743e-82,7.479570e-83,2.540802e-83,8.701245e-83,2.197463e-82,3.919142e-82,5.713787e-82,7.472972e-82,8.974550e-82,1.070782e-81,1.172819e-81,9.965460e-82,9.761544e-83,2.398823e-83,9.277765e-83,2.279733e-82,3.905921e-82,5.854264e-82,7.359514e-82,8.718126e-82,1.049051e-81,1.126430e-81,1.085361e-81,6.291456e-82,3.371059e-84,2.546003e-83,9.600265e-83,2.337235e-82,3.927004e-82,5.571672e-82,6.998876e-82,8.232900e-82,9.704801e-82,1.045649e-81,9.608280e-82,7.202156e-82,2.015904e-82,2.717384e-83,9.810223e-83,2.316194e-82,4.008205e-82,5.590736e-82,6.928378e-82,8.207552e-82,9.183785e-82,9.491734e-82,8.614965e-82,6.280762e-82,3.047139e-82,7.838583e-84,2.808292e-83,1.031187e-82,2.336628e-82,4.014784e-82,5.570459e-82,6.922229e-82,7.957819e-82,8.850760e-82,8.803517e-82,7.433791e-82,5.211221e-82,2.422664e-82,2.005899e-83,2.530465e-83,9.300030e-83,2.156064e-82,3.588456e-82,4.820955e-82,5.850834e-82,6.637104e-82,7.102845e-82,6.685104e-82,5.513269e-82,3.518307e-82,1.663669e-82,2.109181e-83,1.975577e-83,7.154679e-83,1.596308e-82,2.669434e-82,3.510200e-82,4.197050e-82,4.559504e-82,4.717103e-82,4.105942e-82,3.284963e-82,2.088382e-82,1.010584e-82,2.004121e-83,3.007279e-87,1.041340e-83,4.312972e-83,9.594037e-83,1.524336e-82,2.013775e-82,2.335843e-82,2.588438e-82,2.542601e-82,2.209089e-82,1.710477e-82,1.167429e-82,6.527229e-83,1.710005e-83,2.450492e-85,5.296729e-84,2.080719e-83,4.703836e-83,7.641597e-83,9.931092e-83,1.127777e-82,1.248222e-82,1.273830e-82,1.122040e-82,9.396279e-83,6.850891e-83,4.454236e-83,1.509443e-83,4.942254e-85,2.427654e-84,9.355037e-84,2.180281e-83,3.668840e-83,4.853937e-83,5.790069e-83,6.368262e-83,6.577685e-83,5.998433e-83,5.663516e-83,4.575213e-83,3.448223e-83,1.374962e-83,5.580717e-85,9.219476e-85,3.259139e-84,7.588516e-84,1.173389e-83,1.589548e-83,1.983292e-83,2.309619e-83,2.544447e-83,2.637318e-83,2.530578e-83,2.437278e-83,2.022666e-83,9.671101e-84,6.479592e-85,5.472558e-85,1.330478e-84,3.210469e-84,5.386424e-84,6.982855e-84,8.744923e-84,1.116664e-83,1.365009e-83,1.337144e-83,1.293879e-83,1.266719e-83,1.107480e-83,6.021449e-84,6.340851e-85,1.007373e-85,2.508323e-85,4.964027e-85,8.807078e-85,1.267013e-84,1.664971e-84,2.038775e-84,2.405697e-84,2.757235e-84,2.862565e-84,2.855314e-84,2.594078e-84,1.747526e-84,3.357771e-85,2.759520e-86,7.546204e-86,1.227189e-85,1.847468e-85,2.941105e-85,3.422347e-85,3.699682e-85,4.430635e-85,5.159523e-85,5.762328e-85,5.664492e-85,5.279483e-85,3.461174e-85,6.287690e-86
1.803141e-83,7.312314e-83,1.705996e-82,3.329879e-82,4.844977e-82,6.667696e-82,8.903267e-82,6.926392e-82,2.014221e-83,2.245352e-83,8.294445e-83,2.179141e-82,3.933788e-82,5.710731e-82,7.769108e-82,9.540026e-82,1.186371e-81,9.730050e-82,7.214119e-83,2.689004e-83,8.659602e-83,2.203915e-82,4.007817e-82,5.798156e-82,7.659928e-82,9.267206e-82,1.113631e-81,1.231513e-81,1.055001e-81,1.038417e-82,2.447943e-83,9.418229e-83,2.344651e-82,4.057028e-82,5.986286e-82,7.659914e-82,9.128444e-82,1.100542e-81,1.195771e-81,1.170433e-81,6.876599e-82,3.528429e-84,2.647583e-83,9.868519e-83,2.413076e-82,4.067972e-82,5.737651e-82,7.398493e-82,8.657846e-82,1.023780e-81,1.114961e-81,1.033111e-81,7.886087e-82,2.276725e-82,2.742580e-83,1.004383e-82,2.387268e-82,4.147471e-82,5.805103e-82,7.231132e-82,8.637276e-82,9.723015e-82,1.014489e-81,9.374616e-82,6.913328e-82,3.447468e-82,8.835008e-84,2.891958e-83,1.076586e-82,2.417176e-82,4.186720e-82,5.925820e-82,7.309836e-82,8.423131e-82,9.476728e-82,9.501047e-82,8.100278e-82,5.769598e-82,2.738792e-82,2.303250e-83,2.673033e-83,9.778743e-83,2.256689e-82,3.788299e-82,5.108258e-82,6.205496e-82,7.075664e-82,7.616133e-82,7.271675e-82,6.053191e-82,3.902128e-82,1.866471e-82,2.403826e-83,2.180755e-83,7.677529e-83,1.730628e-82,2.910118e-82,3.807824e-82,4.574318e-82,4.972915e-82,5.216477e-82,4.573065e-82,3.663346e-82,2.353735e-82,1.132736e-82,2.258916e-83,3.180695e-87,1.164791e-83,4.711475e-83,1.054886e-82,1.675038e-82,2.211041e-82,2.556805e-82,2.854067e-82,2.816252e-82,2.459162e-82,1.899396e-82,1.302929e-82,7.281870e-83,1.903797e-83,2.765894e-85,5.662123e-84,2.279370e-83,5.190093e-83,8.442071e-83,1.105170e-82,1.243782e-82,1.373569e-82,1.409318e-82,1.238939e-82,1.037465e-82,7.564254e-83,4.940858e-83,1.644707e-83,5.465881e-85,2.612050e-84,1.035527e-83,2.396590e-83,4.043379e-83,5.390952e-83,6.404118e-83,6.888347e-83,7.254149e-83,6.635569e-83,6.266925e-83,5.044360e-83,3.793809e-83,1.490098e-83,6.093236e-85,1.011791e-84,3.477853e-84,8.032808e-84,1.290967e-83,1.739790e-83,2.156149e-83,2.452769e-83,2.749697e-83,2.876183e-83,2.728795e-83,2.650964e-83,2.219083e-83,1.044996e-83,7.025584e-85,6.020985e-85,1.480760e-84,3.408605e-84,5.790752e-84,7.738709e-84,9.343951e-84,1.109077e-83,1.337144e-83,1.575709e-83,1.506936e-83,1.390315e-83,1.227533e-83,6.625615e-84,6.828007e-85,1.102543e-85,2.602679e-85,5.171951e-85,9.326756e-85,1.376591e-84,1.839189e-84,2.232303e-84,2.590231e-84,3.032518e-84,3.234890e-84,3.144164e-84,2.809891e-84,1.887638e-84,3.583009e-85,2.863893e-86,7.524972e-86,1.263215e-85,1.860198e-85,3.005645e-85,3.662303e-85,3.906252e-85,4.809944e-85,5.707386e-85,6.262615e-85,6.138465e-85,5.659923e-85,3.710396e-85,6.597854e-86
1.839099e-83,7.271126e-83,1.663112e-82,3.232368e-82,4.696699e-82,6.427623e-82,8.556449e-82,6.804171e-82,2.082658e-83,2.163223e-83,8.227082e-83,2.124723e-82,3.815191e-82,5.601971e-82,7.591495e-82,9.417011e-82,1.173674e-81,9.679760e-82,7.107151e-83,2.629380e-83,8.207323e-83,2.116726e-82,3.872702e-82,5.594789e-82,7.432338e-82,9.037760e-82,1.094420e-81,1.207091e-81,1.047172e-81,1.047575e-82,2.328216e-83,8.982234e-83,2.254358e-82,3.903322e-82,5.773930e-82,7.461693e-82,8.927134e-82,1.085430e-81,1.182546e-81,1.172107e-81,7.007309e-82,3.608216e-84,2.537500e-83,9.589332e-83,2.326077e-82,3.917098e-82,5.580732e-82,7.189599e-82,8.465382e-82,1.009330e-81,1.108991e-81,1.033460e-81,8.091948e-82,2.379585e-82,2.645199e-83,9.627917e-83,2.286449e-82,3.986100e-82,5.593595e-82,6.981469e-82,8.429795e-82,9.602983e-82,1.017944e-81,9.486845e-82,7.165511e-82,3.684027e-82,9.534531e-84,2.765403e-83,1.036281e-82,2.323911e-82,4.028762e-82,5.800864e-82,7.184003e-82,8.285601e-82,9.460456e-82,9.590379e-82,8.296665e-82,6.029123e-82,2.941855e-82,2.509986e-83,2.577958e-83,9.564546e-83,2.180414e-82,3.695149e-82,5.008134e-82,6.109785e-82,6.977897e-82,7.643016e-82,7.418612e-82,6.266348e-82,4.116463e-82,2.019366e-82,2.618893e-83,2.258309e-83,7.872201e-83,1.771593e-82,2.994080e-82,3.911444e-82,4.756490e-82,5.199648e-82,5.509432e-82,4.902890e-82,3.962488e-82,2.576387e-82,1.247265e-82,2.462660e-83,3.330517e-87,1.264318e-83,5.011796e-83,1.117206e-82,1.790375e-82,2.356535e-82,2.755075e-82,3.077676e-82,3.060567e-82,2.679862e-82,2.079524e-82,1.422205e-82,7.951890e-83,2.051822e-83,2.834550e-85,6.082310e-84,2.502055e-83,5.682097e-83,9.247042e-83,1.217035e-82,1.360363e-82,1.513357e-82,1.550311e-82,1.354281e-82,1.136311e-82,8.179454e-83,5.293160e-83,1.753555e-83,5.667677e-85,2.841630e-84,1.142012e-83,2.659830e-83,4.407453e-83,5.915530e-83,6.990871e-83,7.567629e-83,7.993652e-83,7.181222e-83,6.810621e-83,5.391682e-83,3.994727e-83,1.576263e-83,6.370259e-85,1.044739e-84,3.622770e-84,8.287557e-84,1.333296e-83,1.807279e-83,2.256402e-83,2.555910e-83,2.821621e-83,2.993927e-83,2.835432e-83,2.704866e-83,2.282203e-83,1.103137e-83,7.459106e-85,5.934076e-85,1.512780e-84,3.434848e-84,5.789037e-84,7.724658e-84,9.479786e-84,1.124891e-83,1.293879e-83,1.506936e-83,1.639592e-83,1.491856e-83,1.266437e-83,7.057322e-84,7.426961e-85,1.088365e-85,2.526432e-85,5.175844e-85,9.392595e-85,1.396396e-84,1.865077e-84,2.280279e-84,2.652808e-84,3.050381e-84,3.294437e-84,3.278915e-84,2.893510e-84,1.983196e-84,3.955192e-85,2.965748e-86,8.210523e-86,1.352334e-85,1.914237e-85,3.173646e-85,3.814195e-85,4.110109e-85,5.044060e-85,5.972083e-85,6.651016e-85,6.667830e-85,6.089079e-85,4.022766e-85,7.340237e-86
2.175191e-83,7.558377e-83,1.549750e-82,2.863847e-82,4.173836e-82,5.608499e-82,7.443106e-82,6.324046e-82,2.001923e-83,1.985748e-83,7.493278e-83,1.915110e-82,3.420133e-82,5.024552e-82,6.859949e-82,8.529651e-82,1.079141e-81,9.085501e-82,6.522817e-83,2.321163e-83,7.090759e-83,1.828943e-82,3.409023e-82,4.925981e-82,6.686966e-82,8.114446e-82,9.896541e-82,1.109990e-81,9.765289e-82,1.011596e-82,2.087664e-83,7.657779e-83,1.969102e-82,3.412289e-82,5.094426e-82,6.667633e-82,8.063378e-82,9.880074e-82,1.107244e-81,1.114740e-81,6.784868e-82,3.710038e-84,2.249467e-83,8.370912e-83,2.019605e-82,3.431632e-82,4.932024e-82,6.413664e-82,7.625904e-82,9.200420e-82,1.038585e-81,9.899267e-82,8.006916e-82,2.441940e-82,2.348573e-83,8.406627e-83,2.004067e-82,3.459751e-82,4.935368e-82,6.273307e-82,7.566655e-82,8.823305e-82,9.645287e-82,9.235185e-82,7.213008e-82,3.885537e-82,1.032090e-83,2.464258e-83,8.982484e-83,2.031500e-82,3.573551e-82,5.226623e-82,6.562793e-82,7.632504e-82,8.846942e-82,9.167603e-82,8.231313e-82,6.144622e-82,3.138143e-82,2.738295e-83,2.290387e-83,8.526737e-83,1.938483e-82,3.307948e-82,4.519518e-82,5.565844e-82,6.470069e-82,7.241904e-82,7.216922e-82,6.274122e-82,4.261864e-82,2.172364e-82,2.840755e-83,2.220306e-83,7.793645e-83,1.748640e-82,2.938636e-82,3.912934e-82,4.761589e-82,5.302413e-82,5.685092e-82,5.156786e-82,4.218701e-82,2.815916e-82,1.378529e-82,2.683216e-83,3.179483e-87,1.324264e-83,5.251474e-83,1.154532e-82,1.861065e-82,2.480966e-82,2.926444e-82,3.264375e-82,3.291247e-82,2.882556e-82,2.251536e-82,1.548431e-82,8.681164e-83,2.215677e-83,2.831397e-85,6.683822e-84,2.752697e-83,6.156759e-83,1.006055e-82,1.315975e-82,1.487766e-82,1.659516e-82,1.692891e-82,1.473102e-82,1.220206e-82,8.756777e-83,5.617949e-83,1.866011e-83,5.799873e-85,3.118729e-84,1.246249e-83,2.882240e-83,4.772248e-83,6.487904e-83,7.615801e-83,8.334357e-83,8.768117e-83,7.763027e-83,7.237660e-83,5.646052e-83,4.143370e-83,1.662035e-83,6.655682e-85,9.878267e-85,3.642171e-84,8.373413e-84,1.312265e-83,1.795053e-83,2.279173e-83,2.545321e-83,2.812354e-83,2.971735e-83,2.794378e-83,2.711989e-83,2.302016e-83,1.160277e-83,7.916261e-85,5.349426e-85,1.402637e-84,3.317510e-84,5.523694e-84,7.290170e-84,8.985473e-84,1.084799e-83,1.266719e-83,1.390315e-83,1.491856e-83,1.586146e-83,1.358054e-83,7.523295e-84,8.062453e-85,1.075316e-85,2.488786e-85,4.925481e-85,8.836789e-85,1.321363e-84,1.783986e-84,2.189573e-84,2.591883e-84,2.988286e-84,3.170238e-84,3.242500e-84,3.033518e-84,2.092568e-84,4.358083e-85,2.886337e-86,7.984232e-86,1.352802e-85,1.939530e-85,3.342252e-85,3.834777e-85,4.145765e-85,5.030487e-85,5.954831e-85,6.734434e-85,6.746733e-85,6.511702e-85,4.414021e-85,8.350272e-86
2.561171e-83,8.023086e-83,1.330589e-82,2.294846e-82,3.282005e-82,4.311015e-82,5.718994e-82,5.210209e-82,1.643602e-83,1.789870e-83,6.741147e-83,1.601920e-82,2.835543e-82,4.183612e-82,5.697894e-82,7.106119e-82,9.085080e-82,7.715051e-82,5.209473e-83,1.968590e-83,5.745904e-83,1.501097e-82,2.833956e-82,4.074524e-82,5.637748e-82,6.854404e-82,8.382804e-82,9.495093e-82,8.359809e-82,8.818600e-83,1.750781e-83,6.262242e-83,1.634127e-82,2.846150e-82,4.227495e-82,5.654105e-82,6.864215e-82,8.415855e-82,9.603188e-82,9.810140e-82,5.974386e-82,3.408484e-84,1.916735e-83,6.938659e-83,1.674743e-82,2.866570e-82,4.138507e-82,5.452346e-82,6.500564e-82,7.867582e-82,8.978932e-82,8.682262e-82,7.111732e-82,2.224253e-82,1.953689e-83,6.976019e-83,1.661352e-82,2.873629e-82,4.135053e-82,5.314328e-82,6.440568e-82,7.574505e-82,8.402124e-82,8.140428e-82,6.450072e-82,3.558818e-82,9.622112e-84,2.072483e-83,7.506065e-83,1.699706e-82,3.010129e-82,4.491622e-82,5.614765e-82,6.588930e-82,7.681071e-82,8.001382e-82,7.304190e-82,5.525467e-82,2.873418e-82,2.538699e-83,1.963385e-83,7.229889e-83,1.641184e-82,2.814855e-82,3.896244e-82,4.794886e-82,5.617559e-82,6.328518e-82,6.360478e-82,5.580489e-82,3.852871e-82,1.994598e-82,2.639530e-83,2.003035e-83,6.880415e-83,1.553993e-82,2.598408e-82,3.478722e-82,4.258486e-82,4.761587e-82,5.112358e-82,4.656464e-82,3.816911e-82,2.585787e-82,1.273316e-82,2.489901e-83,2.672128e-87,1.212504e-83,4.712226e-83,1.038547e-82,1.675412e-82,2.241416e-82,2.649194e-82,2.967651e-82,2.987201e-82,2.618162e-82,2.046097e-82,1.419529e-82,8.023246e-83,2.065388e-83,2.470049e-85,6.003594e-84,2.493998e-83,5.576532e-83,9.121853e-83,1.198243e-82,1.343505e-82,1.502691e-82,1.537260e-82,1.336664e-82,1.101317e-82,7.984247e-83,5.219096e-83,1.750362e-83,5.050462e-85,2.802976e-84,1.138995e-83,2.624355e-83,4.329572e-83,5.928325e-83,6.839016e-83,7.500400e-83,7.975576e-83,7.090399e-83,6.569856e-83,5.114536e-83,3.826555e-83,1.567661e-83,5.953748e-85,8.564699e-85,3.268197e-84,7.478266e-84,1.157528e-83,1.588956e-83,2.031327e-83,2.263106e-83,2.514075e-83,2.669415e-83,2.473508e-83,2.470298e-83,2.142860e-83,1.093858e-83,7.254363e-85,4.588185e-85,1.198489e-84,2.836366e-84,4.744968e-84,6.317786e-84,7.713240e-84,9.293047e-84,1.107480e-83,1.227533e-83,1.266437e-83,1.358054e-83,1.339627e-83,7.284988e-84,7.565529e-85,1.003321e-85,2.356946e-85,4.536884e-85,7.999648e-85,1.205250e-84,1.621085e-84,1.976735e-84,2.327252e-84,2.709906e-84,2.911525e-84,3.000018e-84,2.876448e-84,2.032279e-84,4.178847e-85,2.380413e-86,6.051394e-86,1.126929e-85,1.603122e-85,2.919626e-85,3.307353e-85,3.576135e-85,4.336770e-85,5.149265e-85,5.860595e-85,5.952353e-85,5.866356e-85,4.087016e-85,8.030276e-86
1.986161e-83,4.758842e-83,3.647586e-83,3.869141e-83,5.332949e-83,5.215728e-83,7.711316e-83,2.121314e-82,8.766838e-84,8.098943e-84,3.079879e-83,5.864600e-83,9.436799e-83,1.526471e-82,2.149669e-82,2.867916e-82,4.029945e-82,3.824803e-82,2.027882e-83,7.783363e-84,1.447543e-83,4.274413e-83,9.649058e-83,1.353265e-82,2.125439e-82,2.738376e-82,3.617152e-82,4.351566e-82,4.275448e-82,5.187055e-83,6.431048e-84,1.630882e-83,5.343176e-83,9.565148e-83,1.441200e-82,2.255424e-82,2.934580e-82,3.843091e-82,4.855034e-82,5.504482e-82,3.763416e-82,2.356775e-84,7.085508e-84,2.461382e-83,5.533360e-83,9.939556e-83,1.555026e-82,2.220855e-82,2.822794e-82,3.671716e-82,4.711623e-82,4.889331e-82,4.676958e-82,1.655789e-82,7.430969e-84,2.289173e-83,5.706050e-83,9.563430e-83,1.509289e-82,2.134439e-82,2.709167e-82,3.645047e-82,4.666590e-82,4.919173e-82,4.388624e-82,2.810535e-82,8.007795e-84,7.725116e-84,2.601267e-83,5.849465e-83,1.133796e-82,2.002578e-82,2.588885e-82,3.161643e-82,4.057674e-82,4.625439e-82,4.682237e-82,3.895337e-82,2.286873e-82,2.147750e-83,7.797551e-84,3.036946e-83,6.541619e-83,1.180956e-82,1.736165e-82,2.249388e-82,2.810673e-82,3.512235e-82,3.914235e-82,3.719859e-82,2.809519e-82,1.589111e-82,2.169461e-83,1.292456e-83,4.311764e-83,9.820171e-83,1.653902e-82,2.272092e-82,2.860692e-82,3.321552e-82,3.719903e-82,3.553402e-82,2.995420e-82,2.110282e-82,1.060627e-82,2.006772e-83,2.073444e-87,9.358276e-84,3.444128e-83,7.471761e-83,1.227882e-82,1.674651e-82,2.024812e-82,2.298140e-82,2.362670e-82,2.081464e-82,1.646547e-82,1.135338e-82,6.390342e-83,1.604832e-83,1.566100e-85,4.807238e-84,2.042960e-83,4.509503e-83,7.410393e-83,9.730242e-83,1.090378e-82,1.229228e-82,1.267033e-82,1.082848e-82,8.779375e-83,6.116988e-83,3.866512e-83,1.307963e-83,3.250523e-85,2.234475e-84,9.198970e-84,2.110359e-83,3.460501e-83,4.790761e-83,5.386362e-83,5.987388e-83,6.448439e-83,5.577338e-83,5.148323e-83,3.774706e-83,2.651587e-83,1.129423e-83,4.126194e-85,5.298445e-85,2.191625e-84,4.926713e-84,7.453494e-84,1.055178e-83,1.368649e-83,1.471334e-83,1.648158e-83,1.769086e-83,1.605499e-83,1.553825e-83,1.355186e-83,7.746360e-84,5.314772e-85,2.170055e-85,6.546805e-85,1.538756e-84,2.461640e-84,3.182438e-84,3.943957e-84,4.863725e-84,6.021449e-84,6.625615e-84,7.057322e-84,7.523295e-84,7.284988e-84,5.169085e-84,6.035202e-85,6.212438e-86,1.448466e-85,2.771454e-85,4.737463e-85,7.221022e-85,9.626106e-85,1.167607e-84,1.387268e-84,1.584610e-84,1.746319e-84,1.893210e-84,1.869760e-84,1.479628e-84,3.600837e-85,1.900744e-86,4.402553e-86,7.786624e-86,1.187888e-85,2.012568e-85,2.262703e-85,2.595256e-85,2.987919e-85,3.490637e-85,4.040411e-85,4.284754e-85,4.431719e-85,3.362956e-85,7.585574e-86
2.037273e-84,3.579528e-84,-8.368498e-85,-4.561927e-84,-6.464629e-84,-1.152281e-83,-1.372917e-83,1.549765e-83,8.317924e-85,3.364011e-85,1.919694e-84,2.236332e-84,2.911588e-84,7.402689e-84,1.182619e-83,1.939805e-83,3.340020e-83,3.589818e-83,9.303028e-85,4.066817e-85,-9.074439e-85,-9.554510e-85,2.235815e-84,2.387853e-84,9.361410e-84,1.490634e-83,2.467727e-83,3.456672e-83,4.096676e-83,5.942018e-84,1.660229e-85,-9.976586e-85,2.856745e-85,1.339104e-84,2.608294e-84,1.145782e-83,1.829622e-83,2.926296e-83,4.451050e-83,5.789469e-83,4.671529e-83,3.243935e-85,2.093251e-85,4.038980e-85,4.614918e-85,2.123603e-84,5.609612e-84,1.191881e-83,1.858177e-83,2.883711e-83,4.575189e-83,5.218248e-83,5.980686e-83,2.439614e-83,2.323058e-85,3.659208e-86,7.546792e-85,5.809946e-85,4.362912e-84,1.060641e-83,1.607581e-83,3.009242e-83,4.912341e-83,5.812145e-83,5.816743e-83,4.252959e-83,1.271787e-84,1.834551e-85,2.930053e-85,6.636482e-85,3.571387e-84,1.382058e-83,1.911506e-83,2.535383e-83,3.966132e-83,5.166587e-83,5.858668e-83,5.358113e-83,3.479009e-83,3.411930e-84,3.401581e-85,1.633176e-84,2.936507e-84,6.386139e-84,1.195908e-83,1.715019e-83,2.443835e-83,3.663655e-83,4.719340e-83,4.872830e-83,3.988548e-83,2.412201e-83,3.384726e-84,1.687352e-84,5.243473e-84,1.225796e-83,2.058315e-83,2.935029e-83,3.774246e-83,4.552606e-83,5.315354e-83,5.313078e-83,4.585346e-83,3.301479e-83,1.660116e-83,3.099253e-84,3.432584e-88,1.430455e-84,4.966567e-84,1.072225e-83,1.782411e-83,2.464750e-83,3.033259e-83,3.463091e-83,3.629067e-83,3.219598e-83,2.576583e-83,1.762283e-83,9.743019e-84,2.379681e-84,2.238406e-86,7.503728e-85,3.236359e-84,7.186414e-84,1.175791e-83,1.544866e-83,1.726123e-83,1.960882e-83,2.032012e-83,1.711884e-83,1.377267e-83,9.192228e-84,5.515169e-84,1.829107e-84,4.670617e-86,3.408100e-85,1.444127e-84,3.368033e-84,5.425401e-84,7.608352e-84,8.361745e-84,9.376179e-84,1.021526e-83,8.636572e-84,7.930276e-84,5.525307e-84,3.517572e-84,1.514359e-84,5.938522e-86,6.494734e-86,2.854783e-85,6.506634e-85,9.535601e-85,1.383105e-84,1.834851e-84,1.903530e-84,2.154658e-84,2.325213e-84,2.045653e-84,1.893785e-84,1.578272e-84,9.904140e-85,8.084007e-86,1.978888e-86,7.031726e-86,1.632768e-85,2.301962e-85,2.859253e-85,3.811499e-85,4.918088e-85,6.340851e-85,6.828007e-85,7.426961e-85,8.062453e-85,7.565529e-85,6.035202e-85,1.021976e-85,7.356221e-87,1.596021e-86,2.896006e-86,4.657882e-86,7.280432e-86,1.036594e-85,1.281656e-85,1.584485e-85,1.784885e-85,1.955496e-85,2.154075e-85,2.159507e-85,1.892433e-85,5.648976e-86,3.171608e-87,5.821437e-87,1.164284e-86,1.831622e-86,3.121107e-86,3.438851e-86,3.987428e-86,4.487871e-86,5.308679e-86,6.064322e-86,6.502818e-86,6.805715e-86,5.292066e-86,1.250781e-86
3.423116e-85,1.269322e-84,2.827578e-84,5.365762e-84,7.581146e-84,1.037521e-83,1.412585e-83,8.790429e-84,1.687658e-85,3.297610e-85,1.204959e-84,2.955707e-84,5.592569e-84,7.380416e-84,1.018001e-83,1.254068e-83,1.506526e-83,1.072021e-83,7.648833e-85,3.831133e-85,1.255747e-84,3.067806e-84,5.340150e-84,7.806030e-84,1.023169e-83,1.241016e-83,1.399848e-83,1.522421e-83,1.174318e-83,1.170097e-84,3.334554e-85,1.309828e-84,3.158483e-84,5.456136e-84,8.031090e-84,9.635349e-84,1.182684e-83,1.355828e-83,1.447717e-83,1.293043e-83,7.136037e-84,5.807254e-86,3.662402e-85,1.261926e-84,3.288970e-84,5.553259e-84,7.414655e-84,9.267503e-84,1.112015e-83,1.248191e-83,1.303803e-83,1.146317e-83,7.868994e-84,2.373649e-84,3.408133e-85,1.407245e-84,3.206028e-84,5.462255e-84,7.520911e-84,9.460709e-84,1.105797e-83,1.191506e-83,1.144194e-83,9.904704e-84,6.541015e-84,3.045544e-84,9.827916e-86,3.739939e-85,1.419536e-84,3.229704e-84,5.492508e-84,7.496682e-84,9.023168e-84,1.040495e-83,1.103415e-83,1.017300e-83,8.084329e-84,5.071331e-84,2.253453e-84,2.072483e-85,3.612103e-85,1.262390e-84,3.009588e-84,4.830968e-84,6.408381e-84,7.504820e-84,8.558295e-84,8.544045e-84,7.510302e-84,5.664077e-84,3.283419e-84,1.523835e-84,2.000480e-85,2.283851e-85,8.361264e-85,1.935719e-84,2.930005e-84,3.890115e-84,4.389890e-84,4.722533e-84,4.493764e-84,3.539758e-84,2.661016e-84,1.618121e-84,8.837573e-85,1.732168e-85,1.779889e-89,9.997012e-86,4.424343e-85,1.021963e-84,1.503129e-84,2.000341e-84,2.198255e-84,2.382353e-84,2.130152e-84,1.774144e-84,1.385555e-84,8.705286e-85,5.165516e-85,1.628468e-85,1.345630e-87,4.636117e-86,1.791844e-85,4.308618e-85,6.436417e-85,8.581600e-85,9.349472e-85,1.008947e-84,9.731999e-85,8.571903e-85,7.614986e-85,5.405452e-85,3.976376e-85,1.605997e-85,2.726076e-87,1.862528e-86,8.430776e-86,2.077498e-85,3.331784e-85,4.383142e-85,4.948709e-85,5.089948e-85,5.031740e-85,5.063405e-85,4.688871e-85,3.936192e-85,3.240260e-85,1.526383e-85,4.043676e-87,8.619445e-87,3.448506e-86,9.941539e-86,1.402549e-85,1.715884e-85,2.147619e-85,2.490209e-85,2.666621e-85,2.771865e-85,2.696636e-85,2.533137e-85,2.149023e-85,1.081858e-85,6.527205e-87,1.021166e-86,1.115122e-86,2.235979e-86,4.904752e-86,7.293078e-86,8.963687e-86,9.700245e-86,1.007373e-85,1.102543e-85,1.088365e-85,1.075316e-85,1.003321e-85,6.212438e-86,7.356221e-87,9.323233e-87,1.310381e-86,8.990246e-87,9.122968e-87,1.551707e-86,2.388348e-86,2.813134e-86,3.026865e-86,3.109273e-86,3.468962e-86,3.397677e-86,3.082326e-86,2.104014e-86,4.034447e-87,3.411634e-88,-3.015333e-88,4.489326e-88,3.058664e-88,2.603506e-87,3.842180e-87,3.180083e-87,3.451906e-87,3.859487e-87,3.717457e-87,4.074355e-87,4.300737e-87,3.432525e-87,7.402898e-88
9.331820e-85,3.714121e-84,8.598510e-84,1.614093e-83,2.311947e-83,3.167961e-83,4.187606e-83,2.533171e-83,5.114357e-85,1.012238e-84,3.361035e-84,8.517309e-84,1.605813e-83,2.132696e-83,2.975054e-83,3.558879e-83,4.197399e-83,2.977851e-83,2.375373e-84,1.046962e-84,3.748099e-84,9.150826e-84,1.563395e-83,2.290911e-83,2.936427e-83,3.504712e-83,3.942700e-83,4.247618e-83,3.232095e-83,3.034708e-84,1.003980e-84,3.888601e-84,9.166782e-84,1.569881e-83,2.340098e-83,2.762123e-83,3.325767e-83,3.780569e-83,3.916908e-83,3.425187e-83,1.779664e-83,1.420602e-85,1.059587e-84,3.628325e-84,9.445705e-84,1.584428e-83,2.159192e-83,2.600335e-83,3.102120e-83,3.458378e-83,3.501686e-83,3.016338e-83,1.899349e-83,5.171256e-84,1.022254e-84,4.065131e-84,9.323510e-84,1.598802e-83,2.179212e-83,2.691131e-83,3.107367e-83,3.260988e-83,3.043750e-83,2.483086e-83,1.516320e-83,5.980863e-84,1.929856e-85,1.124347e-84,4.073302e-84,9.350942e-84,1.580673e-83,2.066217e-83,2.496480e-83,2.877341e-83,2.929790e-83,2.640110e-83,1.968812e-83,1.138400e-83,4.248349e-84,3.631028e-85,9.973325e-85,3.506733e-84,8.468071e-84,1.355709e-83,1.783536e-83,2.075766e-83,2.335888e-83,2.242890e-83,1.876328e-83,1.334685e-83,7.028835e-84,2.838052e-84,3.582570e-85,5.384131e-85,2.044008e-84,4.722565e-84,7.134730e-84,9.369788e-84,1.035934e-83,1.079623e-83,9.601302e-84,6.868844e-84,4.805264e-84,2.518178e-84,1.450771e-84,3.109403e-85,4.328559e-89,1.831867e-85,9.487939e-85,2.204274e-84,3.100773e-84,4.186196e-84,4.387043e-84,4.747617e-84,3.862468e-84,3.106737e-84,2.397024e-84,1.420402e-84,8.591694e-85,3.214063e-85,1.946052e-87,9.311664e-86,2.937919e-85,7.641816e-85,1.074865e-84,1.417476e-84,1.560612e-84,1.600203e-84,1.495328e-84,1.409049e-84,1.288431e-84,1.009719e-84,7.922985e-85,3.550621e-85,3.719357e-87,4.173369e-86,1.441183e-85,3.577989e-85,6.349489e-85,7.881333e-85,9.184082e-85,9.418320e-85,8.101866e-85,9.136762e-85,8.557423e-85,7.833473e-85,7.086249e-85,3.486103e-85,7.159654e-87,2.296198e-86,9.105549e-86,2.354712e-85,3.257981e-85,4.157217e-85,5.035640e-85,6.096369e-85,6.560328e-85,6.589414e-85,6.458100e-85,6.077537e-85,5.162628e-85,2.596639e-85,1.348563e-86,1.243563e-86,2.667503e-86,5.683756e-86,1.062116e-85,1.682762e-85,2.170003e-85,2.300791e-85,2.508323e-85,2.602679e-85,2.526432e-85,2.488786e-85,2.356946e-85,1.448466e-85,1.596021e-86,1.310381e-86,3.134231e-86,3.340142e-86,3.510578e-86,4.460319e-86,6.151658e-86,7.388979e-86,7.996777e-86,8.408609e-86,9.025004e-86,8.822746e-86,7.861023e-86,5.177659e-86,8.331453e-87,4.479359e-88,-1.389904e-87,1.101537e-87,1.155241e-87,5.302214e-87,7.242597e-87,6.096255e-87,6.840804e-87,7.846763e-87,7.746224e-87,8.063783e-87,8.040380e-87,6.527228e-87,1.431459e-87
1.478076e-84,7.158578e-84,1.856777e-83,3.532373e-83,4.972975e-83,6.870804e-83,9.126406e-83,5.447549e-83,1.510458e-84,2.004625e-84,7.056870e-84,1.798866e-83,3.269842e-83,4.528040e-83,6.007740e-83,7.243623e-83,8.587539e-83,6.516491e-83,6.182322e-84,2.187252e-84,7.920202e-84,1.910405e-83,3.173733e-83,4.721969e-83,5.925377e-83,7.092366e-83,8.089455e-83,8.551541e-83,6.677278e-83,6.026683e-84,1.954092e-84,8.427825e-84,1.925510e-83,3.252672e-83,4.832423e-83,5.715720e-83,6.679587e-83,7.589436e-83,7.858983e-83,6.866329e-83,3.497881e-83,2.233820e-85,2.101934e-84,8.144850e-84,1.971343e-83,3.266186e-83,4.457277e-83,5.381796e-83,6.264879e-83,6.973046e-83,6.982404e-83,6.043638e-83,3.773612e-83,7.978039e-84,2.138026e-84,8.422766e-84,1.902998e-83,3.317549e-83,4.495750e-83,5.350407e-83,6.307686e-83,6.533962e-83,6.003916e-83,4.957276e-83,3.005559e-83,9.970094e-84,2.530262e-85,2.203795e-84,8.754800e-84,1.950296e-83,3.202560e-83,4.154044e-83,5.074920e-83,5.698008e-83,5.857485e-83,5.238274e-83,3.915942e-83,2.221601e-83,7.244921e-84,5.128437e-85,2.065807e-84,7.400335e-84,1.705960e-83,2.789216e-83,3.590419e-83,4.235436e-83,4.591747e-83,4.475801e-83,3.669301e-83,2.624155e-83,1.350565e-83,4.949519e-84,5.669646e-85,1.090579e-84,4.102472e-84,8.741513e-84,1.453090e-83,1.784324e-83,2.074634e-83,2.052210e-83,1.832801e-83,1.288904e-83,8.927680e-84,4.512995e-84,2.428304e-84,5.177210e-85,7.812669e-89,3.728222e-85,1.798440e-84,4.020505e-84,6.220562e-84,7.515874e-84,8.367220e-84,8.538226e-84,7.337262e-84,5.860810e-84,4.195745e-84,2.694174e-84,1.627230e-84,5.628226e-85,4.324951e-87,1.553203e-85,5.609917e-85,1.280262e-84,1.900693e-84,2.718197e-84,2.993315e-84,3.084075e-84,2.698587e-84,2.626802e-84,2.401915e-84,1.922850e-84,1.540292e-84,6.702378e-85,9.033062e-87,8.322589e-86,2.923469e-85,6.788098e-85,1.038826e-84,1.248351e-84,1.790235e-84,1.711007e-84,1.548673e-84,1.668206e-84,1.614427e-84,1.546171e-84,1.402061e-84,6.521399e-85,1.489302e-86,5.564356e-86,1.832280e-85,4.231779e-85,7.259222e-85,8.524370e-85,1.009838e-84,1.237570e-84,1.258525e-84,1.286566e-84,1.264130e-84,1.199826e-84,9.882192e-85,4.953963e-85,2.560795e-86,2.129582e-86,7.075239e-86,1.480313e-85,2.421731e-85,3.185592e-85,4.107866e-85,4.790711e-85,4.964027e-85,5.171951e-85,5.175844e-85,4.925481e-85,4.536884e-85,2.771454e-85,2.896006e-86,8.990246e-87,3.340142e-86,7.379476e-86,1.024402e-85,1.092021e-85,1.159788e-85,1.313872e-85,1.509697e-85,1.645436e-85,1.758729e-85,1.733535e-85,1.581327e-85,9.961251e-86,1.438543e-86,4.471277e-88,2.076727e-87,5.194725e-87,6.039552e-87,9.175751e-87,1.113193e-86,1.100674e-86,1.324513e-86,1.399818e-86,1.486319e-86,1.471942e-86,1.381948e-86,1.199039e-86,2.617978e-87
2.345068e-84,1.200025e-83,3.166079e-83,6.014732e-83,8.465986e-83,1.176841e-82,1.574599e-82,9.464348e-83,2.775513e-84,3.444983e-84,1.219271e-83,3.125667e-83,5.624732e-83,7.906600e-83,1.038268e-82,1.247546e-82,1.482280e-82,1.147243e-82,1.118062e-83,3.790181e-84,1.393978e-83,3.340005e-83,5.547215e-83,8.260099e-83,1.030054e-82,1.223325e-82,1.407505e-82,1.484597e-82,1.171758e-82,1.046078e-83,3.394727e-84,1.484569e-83,3.369153e-83,5.706457e-83,8.408765e-83,1.004987e-82,1.157882e-82,1.320595e-82,1.365633e-82,1.194771e-82,6.063385e-83,3.602522e-85,3.655833e-84,1.445003e-83,3.448937e-83,5.672628e-83,7.792028e-83,9.495209e-83,1.085527e-82,1.209739e-82,1.212482e-82,1.052359e-82,6.558045e-83,1.282773e-83,3.736388e-84,1.474052e-83,3.325176e-83,5.875013e-83,7.925205e-83,9.335326e-83,1.099671e-82,1.134894e-82,1.039877e-82,8.576490e-83,5.202770e-83,1.624089e-83,3.716480e-85,3.856830e-84,1.540070e-83,3.407552e-83,5.605195e-83,7.305808e-83,8.805464e-83,9.844925e-83,1.015867e-82,9.063139e-83,6.783922e-83,3.815982e-83,1.187165e-83,7.764008e-85,3.567539e-84,1.299631e-83,2.968894e-83,4.886864e-83,6.271255e-83,7.413343e-83,7.962978e-83,7.757497e-83,6.338420e-83,4.540890e-83,2.298147e-83,8.049894e-84,8.874851e-85,1.819379e-84,7.074039e-84,1.486880e-83,2.521440e-83,3.111979e-83,3.570364e-83,3.497348e-83,3.106976e-83,2.149904e-83,1.478363e-83,7.226792e-84,3.834128e-84,8.176914e-85,1.318549e-88,5.879182e-85,2.995428e-84,6.777933e-84,1.056835e-83,1.262435e-83,1.362673e-83,1.421205e-83,1.212205e-83,9.574726e-84,6.706169e-84,4.375439e-84,2.636596e-84,9.129971e-85,8.147336e-87,2.287146e-85,8.876150e-85,1.993560e-84,3.261553e-84,4.391781e-84,4.806807e-84,4.852675e-84,4.245635e-84,4.173153e-84,3.895217e-84,3.194550e-84,2.574595e-84,1.114748e-84,1.692023e-86,1.324889e-85,4.649587e-85,1.037004e-84,1.743462e-84,2.036276e-84,2.903470e-84,2.790770e-84,2.506968e-84,2.672065e-84,2.633893e-84,2.619107e-84,2.395320e-84,1.088887e-84,2.625312e-86,1.047633e-85,3.079366e-85,6.979087e-85,1.247140e-84,1.503487e-84,1.770332e-84,2.109472e-84,2.143458e-84,2.184906e-84,2.170389e-84,2.068903e-84,1.702679e-84,8.383864e-85,4.253014e-86,4.563942e-86,1.149012e-85,2.688953e-85,4.891550e-85,5.849523e-85,7.147135e-85,8.371948e-85,8.807078e-85,9.326756e-85,9.392595e-85,8.836789e-85,7.999648e-85,4.737463e-85,4.657882e-86,9.122968e-87,3.510578e-86,1.024402e-85,1.966743e-85,2.231319e-85,2.178974e-85,2.302187e-85,2.549289e-85,2.775194e-85,2.979162e-85,2.949234e-85,2.696899e-85,1.664967e-85,2.241823e-86,1.116705e-87,6.578201e-87,9.375173e-87,1.207608e-86,1.451113e-86,1.854714e-86,1.828372e-86,2.189694e-86,2.342468e-86,2.515023e-86,2.445123e-86,2.224372e-86,1.896631e-86,3.934640e-87
3.097834e-84,1.509599e-83,3.793345e-83,7.192718e-83,1.021266e-82,1.408910e-82,1.875264e-82,1.200299e-82,3.601117e-84,4.358054e-84,1.547757e-83,3.929547e-83,7.029562e-83,1.010590e-82,1.328822e-82,1.603230e-82,1.921897e-82,1.508239e-82,1.396973e-83,4.767678e-84,1.713347e-83,4.208390e-83,7.106765e-83,1.042802e-82,1.304584e-82,1.555633e-82,1.822012e-82,1.940589e-82,1.567736e-82,1.427474e-83,4.338089e-84,1.840444e-83,4.242770e-83,7.244686e-83,1.051562e-82,1.296867e-82,1.498356e-82,1.730347e-82,1.799289e-82,1.636410e-82,8.655641e-83,5.109979e-85,4.632335e-84,1.818646e-83,4.348211e-83,7.137538e-83,9.923075e-83,1.220767e-82,1.405749e-82,1.588866e-82,1.621384e-82,1.435205e-82,9.510251e-83,2.130784e-83,4.774594e-84,1.838490e-83,4.234036e-83,7.495465e-83,1.004556e-82,1.199667e-82,1.419562e-82,1.491486e-82,1.420461e-82,1.194912e-82,7.736897e-83,2.933986e-83,7.304809e-85,4.954207e-84,1.945476e-83,4.308574e-83,7.160640e-83,9.463239e-83,1.139865e-82,1.294567e-82,1.365257e-82,1.255384e-82,9.735096e-83,5.952205e-83,2.222431e-83,1.692583e-84,4.466796e-84,1.668998e-83,3.805903e-83,6.289397e-83,8.156012e-83,9.736001e-83,1.058984e-82,1.056531e-82,9.001992e-83,6.763920e-83,3.749798e-83,1.509868e-83,1.827296e-84,2.581421e-84,9.877716e-84,2.154789e-83,3.642859e-83,4.515851e-83,5.276916e-83,5.387572e-83,5.081031e-83,3.839916e-83,2.815340e-83,1.581876e-83,8.155813e-84,1.646958e-84,2.684224e-88,1.019758e-84,4.762713e-84,1.095303e-83,1.699081e-83,2.100159e-83,2.274763e-83,2.567445e-83,2.297166e-83,1.892775e-83,1.378669e-83,9.109847e-84,5.223565e-84,1.599975e-84,1.457262e-86,4.301258e-85,1.728598e-84,4.046456e-84,6.501274e-84,8.582773e-84,9.301830e-84,9.838504e-84,9.735753e-84,8.803751e-84,7.589192e-84,5.930222e-84,4.313698e-84,1.736870e-84,3.000107e-86,2.307002e-85,8.507800e-85,1.973676e-84,3.410082e-84,4.101613e-84,5.211957e-84,5.378568e-84,5.286142e-84,5.166599e-84,4.874190e-84,4.408091e-84,3.683817e-84,1.644154e-84,4.328849e-86,1.494695e-85,4.542652e-85,1.010172e-84,1.710330e-84,2.196705e-84,2.590424e-84,3.044702e-84,3.188493e-84,3.232596e-84,3.121892e-84,2.963905e-84,2.466384e-84,1.237740e-84,6.571955e-86,7.052379e-86,1.663092e-85,3.505730e-85,6.638626e-85,8.474228e-85,9.852796e-85,1.125306e-84,1.267013e-84,1.376591e-84,1.396396e-84,1.321363e-84,1.205250e-84,7.221022e-85,7.280432e-86,1.551707e-86,4.460319e-86,1.092021e-85,2.231319e-85,3.215797e-85,3.376748e-85,3.513870e-85,3.543365e-85,3.895058e-85,4.159998e-85,4.140273e-85,3.765507e-85,2.423062e-85,3.646755e-86,2.789063e-87,9.859216e-87,1.288846e-86,1.916451e-86,2.190048e-86,3.031104e-86,3.330322e-86,3.708909e-86,4.301944e-86,4.717422e-86,4.495850e-86,3.993163e-86,3.172863e-86,6.733158e-87
3.599126e-84,1.601270e-83,3.957723e-83,7.636798e-83,1.098194e-82,1.511609e-82,1.993252e-82,1.360232e-82,3.857289e-84,4.767507e-84,1.718996e-83,4.419229e-83,7.977130e-83,1.135115e-82,1.531010e-82,1.855240e-82,2.260186e-82,1.763938e-82,1.480523e-83,5.467891e-84,1.855042e-83,4.613932e-83,8.034061e-83,1.166923e-82,1.500383e-82,1.795992e-82,2.119911e-82,2.290159e-82,1.889596e-82,1.789622e-83,4.902431e-84,1.987680e-83,4.750142e-83,8.126239e-83,1.191956e-82,1.481185e-82,1.750590e-82,2.052877e-82,2.157235e-82,2.032671e-82,1.127371e-82,6.650565e-85,5.292965e-84,1.982881e-83,4.871534e-83,8.081776e-83,1.120172e-82,1.415183e-82,1.644798e-82,1.886958e-82,1.976110e-82,1.778908e-82,1.256623e-82,3.352740e-83,5.306022e-84,2.041772e-83,4.776978e-83,8.343614e-83,1.137513e-82,1.390666e-82,1.654286e-82,1.776585e-82,1.762990e-82,1.536383e-82,1.053609e-82,4.711318e-83,1.233557e-84,5.700408e-84,2.142939e-83,4.826156e-83,8.159800e-83,1.107687e-82,1.350522e-82,1.541492e-82,1.668139e-82,1.588892e-82,1.282480e-82,8.455608e-83,3.628014e-83,2.976533e-84,5.112613e-84,1.896505e-83,4.384478e-83,7.258221e-83,9.579777e-83,1.141113e-82,1.279437e-82,1.314023e-82,1.179897e-82,9.248401e-83,5.539993e-83,2.462430e-83,3.124447e-84,3.456197e-84,1.271582e-83,2.829819e-83,4.693599e-83,6.038344e-83,7.108005e-83,7.565390e-83,7.483361e-83,6.123157e-83,4.719209e-83,2.855578e-83,1.418226e-83,2.880294e-84,4.505833e-88,1.593981e-84,6.945173e-84,1.583889e-83,2.454889e-83,3.174532e-83,3.562161e-83,3.964932e-83,3.733339e-83,3.165887e-83,2.411323e-83,1.593713e-83,8.949700e-84,2.551620e-84,2.736752e-86,7.351349e-85,2.911359e-84,6.884494e-84,1.097811e-83,1.459114e-83,1.613676e-83,1.736996e-83,1.744220e-83,1.543514e-83,1.309749e-83,9.650827e-84,6.556437e-84,2.432924e-84,5.365778e-86,3.504448e-85,1.370996e-84,3.266448e-84,5.526038e-84,7.126725e-84,8.750590e-84,9.189042e-84,9.254423e-84,8.821233e-84,8.193636e-84,6.763425e-84,5.166783e-84,2.240844e-84,6.935887e-86,1.716461e-85,5.831238e-85,1.366080e-84,2.176881e-84,2.813120e-84,3.427566e-84,4.019839e-84,4.349881e-84,4.432991e-84,4.225104e-84,3.951436e-84,3.252058e-84,1.627957e-84,9.671506e-86,8.990846e-86,2.133158e-85,4.409489e-85,7.714883e-85,1.085979e-84,1.303584e-84,1.466588e-84,1.664971e-84,1.839189e-84,1.865077e-84,1.783986e-84,1.621085e-84,9.626106e-85,1.036594e-85,2.388348e-86,6.151658e-86,1.159788e-85,2.178974e-85,3.376748e-85,4.469344e-85,4.812693e-85,4.819855e-85,5.101347e-85,5.470690e-85,5.423645e-85,4.821165e-85,3.168843e-85,5.381501e-86,3.538231e-87,8.649948e-87,1.522713e-86,2.322017e-86,3.660521e-86,4.975678e-86,5.418731e-86,6.045595e-86,6.883532e-86,7.255749e-86,7.269423e-86,6.503877e-86,4.970857e-86,1.029686e-86
4.067459e-84,1.805208e-83,4.434975e-83,8.607681e-83,1.240325e-82,1.716993e-82,2.269416e-82,1.562642e-82,4.349638e-84,5.403019e-84,1.929861e-83,4.998053e-83,9.112702e-83,1.310478e-82,1.772140e-82,2.143523e-82,2.614187e-82,2.048094e-82,1.652013e-83,6.114486e-84,2.096686e-83,5.223926e-83,9.206172e-83,1.340098e-82,1.724924e-82,2.058366e-82,2.441807e-82,2.647673e-82,2.192469e-82,2.106819e-83,5.654348e-84,2.216364e-83,5.354986e-83,9.222805e-83,1.352782e-82,1.706682e-82,1.998087e-82,2.372007e-82,2.506062e-82,2.366756e-82,1.336094e-82,7.871720e-85,6.063908e-84,2.227154e-83,5.476255e-83,9.161941e-83,1.279734e-82,1.622840e-82,1.887802e-82,2.181348e-82,2.304903e-82,2.080607e-82,1.498228e-82,4.139104e-83,6.181211e-84,2.306911e-83,5.419146e-83,9.494916e-83,1.304458e-82,1.605079e-82,1.885630e-82,2.057458e-82,2.068054e-82,1.818984e-82,1.270591e-82,5.904041e-83,1.572323e-84,6.515380e-84,2.414623e-83,5.441421e-83,9.300757e-83,1.281808e-82,1.548126e-82,1.780707e-82,1.945075e-82,1.878561e-82,1.532885e-82,1.032691e-82,4.588655e-83,3.798849e-84,5.863920e-84,2.147204e-83,4.989382e-83,8.225097e-83,1.104600e-82,1.320529e-82,1.482128e-82,1.537870e-82,1.405607e-82,1.119178e-82,6.829163e-83,3.098984e-83,3.970489e-84,4.152938e-84,1.493358e-83,3.368052e-83,5.569665e-83,7.336953e-83,8.568832e-83,9.198690e-83,9.241603e-83,7.730391e-83,6.057078e-83,3.699339e-83,1.815606e-83,3.695095e-84,5.916635e-88,2.024923e-84,8.467647e-84,1.934982e-83,2.994709e-83,3.960186e-83,4.410653e-83,4.991913e-83,4.750329e-83,4.062493e-83,3.115444e-83,2.062324e-83,1.149610e-83,3.217979e-84,3.759786e-86,9.698109e-85,3.748561e-84,8.761444e-84,1.421715e-83,1.840294e-83,2.052504e-83,2.225700e-83,2.274311e-83,1.997420e-83,1.695314e-83,1.234397e-83,8.204402e-84,2.972109e-84,7.206461e-86,4.540016e-85,1.749639e-84,4.083617e-84,7.081451e-84,9.239202e-84,1.092108e-83,1.181797e-83,1.207760e-83,1.118590e-83,1.052449e-83,8.524815e-84,6.392884e-84,2.717883e-84,8.985700e-86,2.034070e-85,6.977153e-85,1.614925e-84,2.520413e-84,3.389356e-84,4.170064e-84,4.797582e-84,5.282403e-84,5.383176e-84,5.101148e-84,4.753547e-84,3.906043e-84,1.958176e-84,1.210722e-85,1.057723e-85,2.505933e-85,5.414918e-85,9.081947e-85,1.269362e-84,1.579017e-84,1.807816e-84,2.038775e-84,2.232303e-84,2.280279e-84,2.189573e-84,1.976735e-84,1.167607e-84,1.281656e-85,2.813134e-86,7.388979e-86,1.313872e-85,2.302187e-85,3.513870e-85,4.812693e-85,5.939847e-85,6.135659e-85,6.205213e-85,6.450336e-85,6.447051e-85,5.733939e-85,3.782171e-85,6.637007e-86,5.300314e-87,1.088669e-86,1.972402e-86,3.121928e-86,4.609544e-86,5.674598e-86,6.380693e-86,7.628620e-86,8.866769e-86,9.386969e-86,9.321862e-86,8.301148e-86,6.208249e-86,1.293893e-86
4.350073e-84,1.871538e-83,4.678312e-83,9.070726e-83,1.313141e-82,1.817790e-82,2.405890e-82,1.713069e-82,4.992593e-84,5.605032e-84,2.040441e-83,5.364150e-83,9.743447e-83,1.412506e-82,1.906322e-82,2.320317e-82,2.867252e-82,2.291858e-82,1.808205e-83,6.533216e-84,2.183672e-83,5.421618e-83,9.742233e-83,1.413132e-82,1.848646e-82,2.212507e-82,2.646791e-82,2.888706e-82,2.444440e-82,2.388880e-83,5.930080e-84,2.295814e-83,5.648361e-83,9.746855e-83,1.437173e-82,1.830627e-82,2.150930e-82,2.585524e-82,2.771214e-82,2.658824e-82,1.539456e-82,8.410017e-85,6.379906e-84,2.351124e-83,5.749450e-83,9.691554e-83,1.354810e-82,1.751350e-82,2.033012e-82,2.382889e-82,2.564579e-82,2.348660e-82,1.752903e-82,4.994139e-83,6.478543e-84,2.412624e-83,5.688677e-83,9.959888e-83,1.385282e-82,1.717395e-82,2.024655e-82,2.255650e-82,2.318739e-82,2.103103e-82,1.522055e-82,7.397596e-83,1.911892e-84,6.849277e-84,2.535171e-83,5.727986e-83,9.869695e-83,1.382384e-82,1.689149e-82,1.937293e-82,2.167078e-82,2.143910e-82,1.802676e-82,1.259131e-82,5.874946e-83,4.868392e-84,6.281526e-84,2.293252e-83,5.295704e-83,8.828268e-83,1.192933e-82,1.434778e-82,1.624732e-82,1.733877e-82,1.632974e-82,1.341940e-82,8.486952e-83,3.984350e-83,5.136142e-84,4.883027e-84,1.730108e-83,3.870130e-83,6.482979e-83,8.624814e-83,1.016571e-82,1.105141e-82,1.145602e-82,9.948704e-83,7.964036e-83,5.000984e-83,2.400870e-83,4.903366e-84,7.568105e-88,2.561517e-84,1.047912e-83,2.350935e-83,3.713824e-83,4.927822e-83,5.611725e-83,6.268888e-83,6.181625e-83,5.362773e-83,4.139210e-83,2.780619e-83,1.537737e-83,4.143018e-84,5.217439e-86,1.265526e-84,5.015965e-84,1.141534e-83,1.878409e-83,2.431220e-83,2.756318e-83,3.007448e-83,3.064424e-83,2.684062e-83,2.263698e-83,1.618219e-83,1.046955e-83,3.634249e-84,9.935890e-86,5.918749e-85,2.314377e-84,5.329102e-84,9.053015e-84,1.210660e-83,1.451102e-83,1.564206e-83,1.628804e-83,1.481738e-83,1.391287e-83,1.092768e-83,7.883986e-84,3.253562e-84,1.190902e-85,2.271367e-85,8.044477e-85,1.871755e-84,2.993975e-84,3.973755e-84,4.976287e-84,5.638652e-84,6.258392e-84,6.478507e-84,6.110968e-84,5.664949e-84,4.585432e-84,2.317372e-84,1.533722e-85,1.126713e-85,2.827178e-85,6.381988e-85,1.048115e-84,1.398064e-84,1.740612e-84,2.105182e-84,2.405697e-84,2.590231e-84,2.652808e-84,2.591883e-84,2.327252e-84,1.387268e-84,1.584485e-85,3.026865e-86,7.996777e-86,1.509697e-85,2.549289e-85,3.543365e-85,4.819855e-85,6.135659e-85,7.415179e-85,7.730488e-85,7.719499e-85,7.558516e-85,6.749621e-85,4.500346e-85,8.406752e-86,6.284948e-87,1.504753e-86,2.497974e-86,3.917209e-86,5.604468e-86,6.730181e-86,7.997778e-86,9.651116e-86,1.154631e-85,1.220778e-85,1.215831e-85,1.084146e-85,8.124650e-86,1.707775e-86
4.511033e-84,1.892593e-83,4.741526e-83,9.235125e-83,1.352063e-82,1.850405e-82,2.429639e-82,1.825734e-82,5.431455e-84,5.777612e-84,2.137920e-83,5.659651e-83,1.020693e-82,1.497835e-82,2.019232e-82,2.467120e-82,3.068743e-82,2.511817e-82,1.902628e-83,6.900038e-84,2.217879e-83,5.653183e-83,1.025919e-82,1.477653e-82,1.947713e-82,2.336813e-82,2.823281e-82,3.122883e-82,2.686685e-82,2.618136e-83,6.130620e-84,2.373100e-83,5.916627e-83,1.022601e-82,1.515334e-82,1.938343e-82,2.292347e-82,2.776648e-82,2.999442e-82,2.941766e-82,1.728764e-82,8.512050e-85,6.618290e-84,2.473362e-83,6.056978e-83,1.018971e-82,1.444064e-82,1.857398e-82,2.167485e-82,2.570787e-82,2.795383e-82,2.597657e-82,1.975403e-82,5.727766e-83,6.810955e-84,2.498158e-83,5.967039e-83,1.040338e-82,1.450240e-82,1.805128e-82,2.163824e-82,2.432532e-82,2.551285e-82,2.359456e-82,1.744680e-82,8.702906e-83,2.190268e-84,7.206589e-84,2.660742e-83,6.020700e-83,1.040368e-82,1.469070e-82,1.823300e-82,2.092016e-82,2.370543e-82,2.391022e-82,2.042240e-82,1.465307e-82,7.004938e-83,5.827325e-84,6.572242e-84,2.443464e-83,5.593770e-83,9.437816e-83,1.274569e-82,1.547908e-82,1.761047e-82,1.910234e-82,1.837210e-82,1.542030e-82,9.981130e-83,4.763319e-83,6.197107e-84,5.478503e-84,1.932587e-83,4.351923e-83,7.356154e-83,9.618214e-83,1.160729e-82,1.266157e-82,1.341449e-82,1.189852e-82,9.583028e-83,6.134430e-83,2.896931e-83,5.949899e-84,9.382724e-88,3.030684e-84,1.221086e-83,2.727618e-83,4.353609e-83,5.736083e-83,6.648353e-83,7.421856e-83,7.386661e-83,6.496368e-83,5.002233e-83,3.403861e-83,1.865394e-83,4.926237e-84,6.623672e-86,1.501103e-84,6.031225e-84,1.375733e-83,2.240499e-83,2.933470e-83,3.306595e-83,3.642712e-83,3.731937e-83,3.271703e-83,2.727886e-83,1.961782e-83,1.245510e-83,4.182394e-84,1.243731e-85,7.138813e-85,2.760319e-84,6.455587e-84,1.077630e-83,1.441814e-83,1.740567e-83,1.876742e-83,1.970992e-83,1.792858e-83,1.667543e-83,1.306906e-83,9.238036e-84,3.691682e-84,1.437582e-85,2.610991e-85,9.089933e-85,2.083807e-84,3.353014e-84,4.499490e-84,5.618805e-84,6.427928e-84,7.128864e-84,7.462514e-84,6.985814e-84,6.512261e-84,5.250836e-84,2.614771e-84,1.772914e-85,1.197319e-85,3.191538e-85,7.049367e-85,1.168136e-84,1.555312e-84,1.910774e-84,2.311813e-84,2.757235e-84,3.032518e-84,3.050381e-84,2.988286e-84,2.709906e-84,1.584610e-84,1.784885e-85,3.109273e-86,8.408609e-86,1.645436e-85,2.775194e-85,3.895058e-85,5.101347e-85,6.205213e-85,7.730488e-85,9.391991e-85,9.392762e-85,8.736685e-85,7.659855e-85,5.099794e-85,9.535656e-86,6.606044e-87,1.679916e-86,2.772150e-86,4.181695e-86,6.036215e-86,7.673148e-86,9.568249e-86,1.121019e-85,1.392879e-85,1.516550e-85,1.466903e-85,1.269205e-85,9.415583e-86,1.989811e-86
5.486013e-84,2.052945e-83,4.585125e-83,8.805216e-83,1.279967e-82,1.745390e-82,2.334829e-82,1.811524e-82,5.287723e-84,6.002772e-84,2.220245e-83,5.682561e-83,1.025180e-82,1.491728e-82,2.017798e-82,2.502900e-82,3.115599e-82,2.546986e-82,1.821035e-83,7.140622e-84,2.186327e-83,5.609572e-83,1.028183e-82,1.481672e-82,1.976075e-82,2.400887e-82,2.891267e-82,3.200286e-82,2.763626e-82,2.748077e-83,6.209852e-84,2.374045e-83,5.970158e-83,1.036728e-82,1.535691e-82,1.968947e-82,2.363253e-82,2.865083e-82,3.116898e-82,3.073620e-82,1.833627e-82,9.277909e-85,6.776974e-84,2.499679e-83,6.138872e-83,1.038518e-82,1.472117e-82,1.900639e-82,2.238044e-82,2.663443e-82,2.916384e-82,2.713530e-82,2.103016e-82,6.277824e-83,6.857673e-84,2.537621e-83,6.044789e-83,1.050286e-82,1.477810e-82,1.848769e-82,2.227237e-82,2.533251e-82,2.669441e-82,2.488854e-82,1.866181e-82,9.571631e-83,2.461853e-84,7.323903e-84,2.711548e-83,6.123722e-83,1.065179e-82,1.523730e-82,1.892654e-82,2.177135e-82,2.482596e-82,2.515699e-82,2.161782e-82,1.567356e-82,7.675265e-83,6.514314e-84,6.834364e-84,2.516397e-83,5.751663e-83,9.752788e-83,1.319144e-82,1.605588e-82,1.838196e-82,2.004540e-82,1.944300e-82,1.638742e-82,1.070314e-82,5.217426e-83,6.841190e-84,5.881769e-84,2.049287e-83,4.624285e-83,7.797289e-83,1.018931e-82,1.234731e-82,1.349174e-82,1.436719e-82,1.280129e-82,1.033861e-82,6.679032e-83,3.191466e-83,6.511871e-84,9.597308e-88,3.287328e-84,1.309840e-83,2.916272e-83,4.656761e-83,6.159856e-83,7.157414e-83,7.972864e-83,7.938150e-83,6.980648e-83,5.406242e-83,3.673480e-83,2.033159e-83,5.394602e-84,7.084829e-86,1.601872e-84,6.530378e-84,1.487915e-83,2.410991e-83,3.171702e-83,3.558548e-83,3.935457e-83,4.015567e-83,3.513759e-83,2.948580e-83,2.108082e-83,1.355990e-83,4.557139e-84,1.322969e-85,7.640621e-85,3.002669e-84,6.982950e-84,1.155912e-83,1.552281e-83,1.864286e-83,1.995826e-83,2.114043e-83,1.922088e-83,1.801508e-83,1.399976e-83,1.006000e-83,4.032876e-84,1.548797e-85,2.751933e-85,9.578728e-85,2.195294e-84,3.553901e-84,4.723786e-84,5.951832e-84,6.798970e-84,7.531956e-84,7.902046e-84,7.491487e-84,6.978114e-84,5.693317e-84,2.847972e-84,1.927210e-85,1.289877e-85,3.406953e-85,7.378633e-85,1.228233e-84,1.662229e-84,2.065683e-84,2.455876e-84,2.862565e-84,3.234890e-84,3.294437e-84,3.170238e-84,2.911525e-84,1.746319e-84,1.955496e-85,3.468962e-86,9.025004e-86,1.758729e-85,2.979162e-85,4.159998e-85,5.470690e-85,6.450336e-85,7.719499e-85,9.392762e-85,1.037493e-84,9.788991e-85,8.328929e-85,5.549171e-85,1.059262e-85,5.971699e-87,1.421781e-86,2.716683e-86,3.964305e-86,6.302668e-86,8.204710e-86,9.929406e-86,1.158573e-85,1.391840e-85,1.545145e-85,1.570461e-85,1.352011e-85,1.007636e-85,2.218102e-86
6.847039e-84,2.367039e-83,4.615113e-83,8.366734e-83,1.202320e-82,1.622178e-82,2.150198e-82,1.735265e-82,5.438072e-84,5.992649e-84,2.194419e-83,5.379965e-83,9.622214e-83,1.407837e-82,1.911946e-82,2.370926e-82,2.972659e-82,2.465424e-82,1.772475e-83,6.555164e-84,2.040639e-83,5.179041e-83,9.561927e-83,1.380594e-82,1.865426e-82,2.262821e-82,2.748074e-82,3.044483e-82,2.649710e-82,2.713888e-83,5.834133e-84,2.174301e-83,5.533872e-83,9.591329e-83,1.425033e-82,1.857466e-82,2.226727e-82,2.724728e-82,3.012568e-82,2.998851e-82,1.800740e-82,9.610585e-85,6.364255e-84,2.338104e-83,5.662084e-83,9.619089e-83,1.376272e-82,1.782830e-82,2.106524e-82,2.532164e-82,2.811396e-82,2.649939e-82,2.099466e-82,6.312646e-83,6.472728e-84,2.351402e-83,5.564871e-83,9.698668e-83,1.377651e-82,1.732031e-82,2.088227e-82,2.416056e-82,2.598198e-82,2.445215e-82,1.882553e-82,9.872724e-83,2.573031e-84,6.803743e-84,2.516029e-83,5.689434e-83,9.936727e-83,1.442159e-82,1.795109e-82,2.079033e-82,2.394574e-82,2.454359e-82,2.160008e-82,1.593834e-82,7.973152e-83,6.851875e-84,6.427621e-84,2.355997e-83,5.394528e-83,9.145442e-83,1.250708e-82,1.526534e-82,1.757508e-82,1.948554e-82,1.917860e-82,1.645342e-82,1.097273e-82,5.478170e-83,7.206832e-84,5.886249e-84,2.037132e-83,4.588670e-83,7.712739e-83,1.022486e-82,1.241293e-82,1.367979e-82,1.463182e-82,1.318274e-82,1.076917e-82,7.074895e-83,3.417457e-83,6.915044e-84,9.882380e-88,3.405824e-84,1.338088e-83,2.971960e-83,4.779735e-83,6.323991e-83,7.442838e-83,8.265174e-83,8.320742e-83,7.304081e-83,5.688806e-83,3.895429e-83,2.175686e-83,5.754543e-84,7.012713e-86,1.690238e-84,6.933961e-84,1.556855e-83,2.541561e-83,3.329546e-83,3.742089e-83,4.148270e-83,4.249203e-83,3.717921e-83,3.101022e-83,2.221696e-83,1.436805e-83,4.893866e-84,1.327370e-85,7.984749e-85,3.192037e-84,7.335995e-84,1.208927e-83,1.642393e-83,1.930939e-83,2.093760e-83,2.229573e-83,2.005869e-83,1.887213e-83,1.459650e-83,1.059281e-83,4.345039e-84,1.615929e-85,2.659467e-85,9.821227e-85,2.219343e-84,3.511225e-84,4.741110e-84,6.045447e-84,6.813518e-84,7.579690e-84,7.981756e-84,7.518324e-84,7.134889e-84,5.930811e-84,3.079920e-84,2.050925e-85,1.218061e-85,3.193670e-85,7.238348e-85,1.224554e-84,1.627949e-84,2.012257e-84,2.428349e-84,2.855314e-84,3.144164e-84,3.278915e-84,3.242500e-84,3.000018e-84,1.893210e-84,2.154075e-85,3.397677e-86,8.822746e-86,1.733535e-85,2.949234e-85,4.140273e-85,5.423645e-85,6.447051e-85,7.558516e-85,8.736685e-85,9.788991e-85,1.029643e-84,9.076277e-85,6.035674e-85,1.204533e-85,6.854807e-87,1.622311e-86,2.807536e-86,4.202640e-86,6.554364e-86,8.054405e-86,9.949994e-86,1.158384e-85,1.358915e-85,1.527313e-85,1.611824e-85,1.465189e-85,1.116156e-85,2.536007e-86
7.807280e-84,2.478416e-83,4.234931e-83,7.111757e-83,1.010414e-82,1.330793e-82,1.769266e-82,1.524649e-82,5.089574e-84,5.423378e-84,1.960856e-83,4.615170e-83,8.101073e-83,1.195059e-82,1.615400e-82,2.005505e-82,2.551631e-82,2.196626e-82,1.603172e-83,5.523170e-84,1.692916e-83,4.286038e-83,7.939455e-83,1.151984e-82,1.580169e-82,1.917191e-82,2.335521e-82,2.635755e-82,2.319694e-82,2.446209e-83,4.962230e-84,1.791269e-83,4.595182e-83,7.948855e-83,1.192043e-82,1.570829e-82,1.893242e-82,2.317810e-82,2.656945e-82,2.675400e-82,1.622393e-82,9.162989e-85,5.347079e-84,1.979408e-83,4.686131e-83,8.002792e-83,1.159985e-82,1.499455e-82,1.789838e-82,2.165481e-82,2.465286e-82,2.382275e-82,1.932977e-82,5.864588e-83,5.543480e-84,1.970534e-83,4.633870e-83,8.010039e-83,1.150901e-82,1.465379e-82,1.768170e-82,2.087643e-82,2.297452e-82,2.220925e-82,1.755593e-82,9.495384e-83,2.529522e-84,5.724744e-84,2.101528e-83,4.753811e-83,8.361187e-83,1.225569e-82,1.546833e-82,1.805088e-82,2.097748e-82,2.181768e-82,1.993249e-82,1.495380e-82,7.735567e-83,6.790412e-84,5.452155e-84,2.015162e-83,4.546168e-83,7.777966e-83,1.065060e-82,1.318575e-82,1.531825e-82,1.728025e-82,1.726024e-82,1.517445e-82,1.041602e-82,5.369054e-83,7.096923e-84,5.362500e-84,1.886796e-83,4.202746e-83,7.073947e-83,9.435120e-83,1.154271e-82,1.285349e-82,1.382532e-82,1.259238e-82,1.034765e-82,6.993387e-83,3.434524e-83,6.786022e-84,8.488600e-88,3.259808e-84,1.282548e-83,2.802831e-83,4.560890e-83,6.056464e-83,7.204780e-83,8.009143e-83,8.107547e-83,7.116084e-83,5.537785e-83,3.839712e-83,2.156919e-83,5.660186e-84,6.350090e-86,1.671518e-84,6.925293e-84,1.521632e-83,2.500876e-83,3.264506e-83,3.697803e-83,4.114535e-83,4.185593e-83,3.660287e-83,3.010880e-83,2.166643e-83,1.402376e-83,4.848262e-84,1.249147e-85,7.960069e-85,3.155038e-84,7.182120e-84,1.179758e-83,1.614242e-83,1.888716e-83,2.063566e-83,2.182867e-83,1.945517e-83,1.810099e-83,1.404694e-83,1.028023e-83,4.296634e-84,1.565729e-85,2.411644e-85,9.203211e-85,2.069717e-84,3.241348e-84,4.415260e-84,5.653827e-84,6.277330e-84,6.929564e-84,7.393531e-84,6.849358e-84,6.663807e-84,5.663716e-84,3.044741e-84,2.005210e-85,1.050054e-85,2.873818e-85,6.683876e-85,1.127318e-84,1.448499e-84,1.788436e-84,2.182014e-84,2.594078e-84,2.809891e-84,2.893510e-84,3.033518e-84,2.876448e-84,1.869760e-84,2.159507e-85,3.082326e-86,7.861023e-86,1.581327e-85,2.696899e-85,3.765507e-85,4.821165e-85,5.733939e-85,6.749621e-85,7.659855e-85,8.328929e-85,9.076277e-85,9.002335e-85,6.070078e-85,1.235301e-85,6.693067e-87,1.706675e-86,2.757922e-86,4.077613e-86,6.132785e-86,7.280445e-86,9.330883e-86,1.063814e-85,1.233389e-85,1.406852e-85,1.452842e-85,1.448994e-85,1.149280e-85,2.676338e-86
6.717958e-84,1.767410e-83,1.916416e-83,2.533672e-83,3.533970e-83,4.107693e-83,5.280638e-83,7.731854e-83,3.060000e-84,2.970986e-84,1.122962e-83,2.229589e-83,3.694042e-83,5.791612e-83,8.006482e-83,1.028186e-82,1.400793e-82,1.270383e-82,7.579680e-84,2.769182e-84,6.323061e-84,1.730776e-83,3.619475e-83,5.111378e-83,7.679404e-83,9.598786e-83,1.240050e-82,1.459164e-82,1.380342e-82,1.621280e-83,2.299045e-84,6.682903e-84,1.987013e-83,3.528435e-83,5.284088e-83,7.898746e-83,1.001827e-82,1.284239e-82,1.579136e-82,1.745131e-82,1.147792e-82,7.397279e-85,2.556056e-84,8.832891e-84,2.021554e-83,3.581101e-83,5.487428e-83,7.636707e-83,9.505325e-83,1.212647e-82,1.508065e-82,1.544749e-82,1.422697e-82,4.908890e-83,2.598535e-84,8.426821e-84,2.050927e-83,3.497591e-83,5.350822e-83,7.339440e-83,9.213034e-83,1.193929e-82,1.479974e-82,1.521138e-82,1.330541e-82,8.293594e-83,2.360812e-84,2.719047e-84,9.315958e-84,2.111943e-83,3.976294e-83,6.681735e-83,8.547171e-83,1.037510e-82,1.299041e-82,1.446664e-82,1.437111e-82,1.175130e-82,6.780622e-83,6.319657e-84,2.694318e-84,1.036048e-83,2.251709e-83,3.995314e-83,5.806738e-83,7.407260e-83,9.105250e-83,1.111690e-82,1.209362e-82,1.133888e-82,8.468988e-83,4.739576e-83,6.465832e-84,3.985345e-84,1.336191e-83,3.032055e-83,5.094668e-83,7.000335e-83,8.755420e-83,1.010007e-82,1.122991e-82,1.063167e-82,8.950788e-83,6.292278e-83,3.155844e-83,6.047978e-84,7.004411e-88,2.816052e-84,1.042438e-83,2.273500e-83,3.728391e-83,5.060751e-83,6.099429e-83,6.906850e-83,7.090729e-83,6.248307e-83,4.934738e-83,3.410931e-83,1.914933e-83,4.887481e-84,4.583934e-86,1.464807e-84,6.179176e-84,1.361541e-83,2.241801e-83,2.943773e-83,3.294331e-83,3.703145e-83,3.820199e-83,3.268718e-83,2.645827e-83,1.855547e-83,1.176016e-83,4.067579e-84,9.373353e-86,6.809977e-85,2.793289e-84,6.372579e-84,1.045007e-83,1.448999e-83,1.630536e-83,1.807056e-83,1.943598e-83,1.689724e-83,1.562747e-83,1.159360e-83,8.154301e-84,3.546805e-84,1.244199e-85,1.655577e-85,6.858446e-85,1.542728e-84,2.344688e-84,3.310625e-84,4.280191e-84,4.625740e-84,5.165235e-84,5.525003e-84,5.037444e-84,4.884532e-84,4.212246e-84,2.445261e-84,1.663413e-85,6.397810e-86,1.927277e-85,4.473421e-85,7.191433e-85,9.322668e-85,1.144578e-84,1.407250e-84,1.747526e-84,1.887638e-84,1.983196e-84,2.092568e-84,2.032279e-84,1.479628e-84,1.892433e-85,2.104014e-86,5.177659e-86,9.961251e-86,1.664967e-85,2.423062e-85,3.168843e-85,3.782171e-85,4.500346e-85,5.099794e-85,5.549171e-85,6.035674e-85,6.070078e-85,4.985281e-85,1.178742e-85,6.235504e-87,1.327464e-86,2.275329e-86,3.682983e-86,5.634911e-86,6.587105e-86,8.033878e-86,8.931871e-86,1.062350e-85,1.210369e-85,1.292237e-85,1.323292e-85,1.068409e-85,2.563999e-86
1.445577e-84,2.426844e-84,-1.275122e-84,-5.271571e-84,-7.614653e-84,-1.287515e-83,-1.692157e-83,4.042344e-84,3.860853e-85,8.201401e-86,7.803926e-85,-9.106512e-86,-1.010571e-84,5.892365e-85,1.849452e-84,5.300982e-84,1.246177e-83,1.519563e-83,-9.999347e-86,5.764904e-86,-1.312836e-84,-2.384636e-84,-1.604230e-84,-3.060672e-84,2.870943e-85,2.484559e-84,7.430142e-84,1.268742e-83,1.782347e-83,2.987588e-84,-8.797467e-86,-1.436093e-84,-1.726043e-84,-2.322325e-84,-3.068057e-84,1.553067e-84,5.136436e-84,1.075493e-83,1.988417e-83,2.911295e-83,2.482697e-83,1.871528e-85,-6.300232e-86,-5.664448e-85,-1.698981e-84,-1.950443e-84,-8.442177e-85,2.082418e-84,5.397651e-84,1.107326e-83,2.140880e-83,2.638285e-83,3.306318e-83,1.418420e-83,-7.735001e-86,-8.100106e-85,-1.451751e-84,-2.990151e-84,-1.769266e-84,1.296551e-84,3.943721e-84,1.240863e-83,2.469949e-83,3.104804e-83,3.315414e-83,2.538264e-83,7.693578e-85,-9.672262e-86,-6.908318e-85,-1.511231e-84,-8.698333e-85,4.581133e-84,6.981839e-84,1.043926e-83,1.908543e-83,2.696968e-83,3.263451e-83,3.114149e-83,2.100029e-83,2.082922e-84,1.211470e-86,3.104383e-85,1.294443e-85,1.294446e-84,3.966634e-84,6.586190e-84,1.088680e-83,1.856393e-83,2.581419e-83,2.780818e-83,2.365203e-83,1.470124e-83,2.075721e-84,9.552940e-85,2.906307e-84,6.861775e-84,1.152063e-83,1.670459e-83,2.173079e-83,2.665540e-83,3.164447e-83,3.205635e-83,2.788016e-83,2.038538e-83,1.028041e-83,1.910490e-84,2.090979e-88,8.637007e-85,2.959536e-84,6.374851e-84,1.065061e-83,1.483578e-83,1.833150e-83,2.104693e-83,2.218139e-83,1.975381e-83,1.586195e-83,1.089085e-83,6.021673e-84,1.466411e-84,1.283873e-86,4.607505e-85,2.000607e-84,4.426020e-84,7.268789e-84,9.553682e-84,1.064823e-83,1.213383e-83,1.261659e-83,1.058276e-83,8.464671e-84,5.646453e-84,3.382121e-84,1.125952e-84,2.722198e-86,2.092887e-85,8.900835e-85,2.062788e-84,3.333860e-84,4.700556e-84,5.117046e-84,5.756008e-84,6.299574e-84,5.306574e-84,4.863113e-84,3.364320e-84,2.132185e-84,9.335550e-85,3.569524e-86,3.512422e-86,1.629713e-85,3.711801e-85,5.369223e-85,8.001392e-85,1.068913e-84,1.093778e-84,1.248159e-84,1.355815e-84,1.187625e-84,1.106955e-84,9.393785e-85,6.071155e-85,4.786622e-86,8.996783e-87,3.669767e-86,8.463832e-86,1.132083e-85,1.417203e-85,1.911206e-85,2.492631e-85,3.357771e-85,3.583009e-85,3.955192e-85,4.358083e-85,4.178847e-85,3.600837e-85,5.648976e-86,4.034447e-87,8.331453e-87,1.438543e-86,2.241823e-86,3.646755e-86,5.381501e-86,6.637007e-86,8.406752e-86,9.535656e-86,1.059262e-85,1.204533e-85,1.235301e-85,1.178742e-85,3.874697e-86,1.999488e-87,3.371145e-87,6.815562e-87,1.124134e-86,1.868630e-86,2.127139e-86,2.488133e-86,2.740199e-86,3.285675e-86,3.762013e-86,4.103090e-86,4.349651e-86,3.404908e-86,8.257913e-87
2.953572e-86,9.754016e-86,3.898447e-86,2.104265e-86,7.639715e-86,9.000221e-86,-3.608240e-86,1.050479e-84,6.370189e-86,1.351597e-86,9.261580e-86,2.246274e-85,2.675952e-85,6.654405e-85,9.499836e-85,1.079059e-84,1.815408e-84,2.096875e-84,1.497198e-85,4.256202e-87,9.529554e-86,1.515518e-85,3.930018e-85,5.259656e-85,7.137420e-85,9.212600e-85,1.481555e-84,1.857028e-84,2.112572e-84,2.721576e-85,1.560149e-86,2.761816e-86,1.897874e-85,3.251544e-85,4.187161e-85,9.177184e-85,1.014599e-84,1.540365e-84,2.131526e-84,2.604915e-84,1.984981e-84,9.329405e-87,9.420439e-87,1.160395e-85,1.984814e-85,3.369089e-85,5.215457e-85,8.656325e-85,1.091442e-84,1.501866e-84,2.174819e-84,2.331083e-84,2.486212e-84,8.499534e-85,2.673229e-86,7.060674e-86,1.921344e-85,3.430351e-85,5.173354e-85,7.420310e-85,9.415855e-85,1.467378e-84,2.198646e-84,2.457419e-84,2.319661e-84,1.529185e-84,4.159591e-86,4.658972e-87,8.828969e-86,1.854453e-85,3.707777e-85,8.411914e-85,9.855172e-85,1.261483e-84,1.833016e-84,2.266262e-84,2.451834e-84,2.144163e-84,1.265867e-84,1.180257e-85,2.032529e-86,1.121442e-85,2.754391e-85,4.100467e-85,6.515137e-85,8.994801e-85,1.112035e-84,1.603178e-84,1.942559e-84,1.976360e-84,1.548468e-84,8.652132e-85,1.169565e-85,5.577197e-86,2.005134e-85,5.071059e-85,8.481739e-85,1.232944e-84,1.501269e-84,1.752073e-84,2.033665e-84,1.999061e-84,1.743701e-84,1.202897e-84,5.841160e-85,1.076755e-85,1.726400e-89,5.024377e-86,1.755725e-85,4.261493e-85,7.046404e-85,9.114746e-85,1.147887e-84,1.282655e-84,1.375294e-84,1.222853e-84,9.515411e-85,6.504713e-85,3.512001e-85,8.218493e-86,9.131454e-88,2.732310e-86,1.180370e-85,2.620371e-85,4.580225e-85,5.670198e-85,6.317334e-85,7.020879e-85,7.665727e-85,6.434958e-85,5.134302e-85,3.409926e-85,1.958248e-85,6.485385e-86,1.814573e-87,1.098114e-86,5.320942e-86,1.213968e-85,2.073721e-85,2.786151e-85,2.981397e-85,3.410726e-85,3.834721e-85,3.128730e-85,2.969116e-85,2.094210e-85,1.289230e-85,5.345882e-86,2.219212e-87,2.421494e-87,1.217748e-86,2.761230e-86,3.891934e-86,5.857946e-86,7.717259e-86,7.854621e-86,8.775830e-86,8.941579e-86,7.669032e-86,7.193372e-86,5.610196e-86,3.508220e-86,2.763324e-87,6.421963e-88,1.765657e-87,7.430197e-87,1.506298e-86,1.515887e-86,1.694242e-86,2.358829e-86,2.759520e-86,2.863893e-86,2.965748e-86,2.886337e-86,2.380413e-86,1.900744e-86,3.171608e-87,3.411634e-88,4.479359e-88,4.471277e-88,1.116705e-87,2.789063e-87,3.538231e-87,5.300314e-87,6.284948e-87,6.606044e-87,5.971699e-87,6.854807e-87,6.693067e-87,6.235504e-87,1.999488e-87,1.064282e-87,1.885908e-87,1.906864e-87,1.906709e-87,1.543971e-87,1.402019e-87,1.472509e-87,2.220634e-87,2.731983e-87,3.281533e-87,3.197041e-87,3.162504e-87,2.124195e-87,3.937570e-88
-3.216500e-86,1.547409e-85,3.076499e-85,4.888299e-85,7.771539e-85,1.320225e-84,1.525463e-84,4.457692e-84,3.643303e-85,9.022001e-86,3.405948e-85,1.038559e-84,1.002036e-84,2.573423e-84,3.113306e-84,3.576953e-84,5.702259e-84,8.250636e-84,1.049038e-84,7.007141e-86,4.635370e-85,8.878863e-85,1.548305e-84,2.341788e-84,2.746340e-84,3.332111e-84,5.526643e-84,6.232837e-84,7.670671e-84,8.391081e-85,8.741518e-86,4.408198e-85,1.143131e-84,1.616612e-84,2.407410e-84,3.690343e-84,3.686156e-84,5.341870e-84,6.684319e-84,8.098268e-84,5.551090e-84,3.563618e-87,6.794123e-86,7.029025e-85,1.092554e-84,1.629901e-84,2.471877e-84,3.660493e-84,3.771965e-84,5.137261e-84,6.621022e-84,7.092450e-84,6.901918e-84,1.458537e-84,1.700470e-85,4.388248e-85,1.112185e-84,1.910197e-84,2.628795e-84,2.881567e-84,3.692171e-84,4.845897e-84,6.445606e-84,6.906064e-84,6.157283e-84,3.163323e-84,5.066542e-86,9.489114e-86,5.560562e-85,1.132446e-84,1.802835e-84,2.654168e-84,3.691083e-84,3.967345e-84,5.390963e-84,6.439941e-84,6.695112e-84,5.490350e-84,2.692050e-84,2.043102e-85,8.978787e-86,5.343574e-85,1.069910e-84,1.811145e-84,2.253906e-84,3.184499e-84,3.422881e-84,4.740175e-84,5.203918e-84,5.168615e-84,3.769011e-84,1.852788e-84,2.225185e-85,1.255094e-85,5.910150e-85,1.095347e-84,2.306453e-84,2.903389e-84,3.771560e-84,4.118399e-84,4.750329e-84,4.575132e-84,3.951337e-84,2.622917e-84,1.202593e-84,2.174281e-85,3.919894e-89,1.071364e-85,4.118495e-85,8.998239e-85,1.645768e-84,1.899735e-84,2.538049e-84,2.708201e-84,3.101743e-84,2.692438e-84,2.004017e-84,1.436468e-84,7.693655e-85,1.673419e-85,2.179978e-87,5.879256e-86,2.617584e-85,5.218426e-85,9.492229e-85,1.189275e-84,1.424420e-84,1.545852e-84,1.600450e-84,1.394869e-84,1.095251e-84,7.598442e-85,4.305088e-85,1.395609e-85,4.560282e-87,2.780587e-86,1.152744e-85,2.489578e-85,3.893508e-85,5.108066e-85,6.934497e-85,7.811802e-85,8.313649e-85,6.748228e-85,6.389081e-85,4.797336e-85,2.953729e-85,1.101370e-85,5.195661e-87,7.152060e-87,3.007247e-86,5.839623e-86,1.186365e-85,1.539747e-85,1.842530e-85,1.922924e-85,2.069199e-85,2.152467e-85,1.858395e-85,1.745097e-85,1.267392e-85,7.912789e-86,5.574839e-87,1.572617e-87,8.355323e-87,2.372475e-86,4.742688e-86,4.363265e-86,4.424828e-86,6.877704e-86,7.546204e-86,7.524972e-86,8.210523e-86,7.984232e-86,6.051394e-86,4.402553e-86,5.821437e-87,-3.015333e-88,-1.389904e-87,2.076727e-87,6.578201e-87,9.859216e-87,8.649948e-87,1.088669e-86,1.504753e-86,1.679916e-86,1.421781e-86,1.622311e-86,1.706675e-86,1.327464e-86,3.371145e-87,1.885908e-87,7.565159e-87,5.042529e-87,5.773530e-87,3.552508e-87,3.318843e-87,4.694762e-87,6.156295e-87,6.694180e-87,8.565136e-87,7.621567e-87,7.206163e-87,4.392350e-87,5.948561e-88
5.617390e-86,2.507963e-85,5.627784e-85,1.404249e-84,1.947872e-84,2.801991e-84,3.956677e-84,5.994724e-84,2.906195e-85,1.100434e-85,5.697470e-85,1.438714e-84,2.223350e-84,3.927932e-84,5.284601e-84,6.775034e-84,9.725967e-84,1.018863e-83,8.410905e-85,1.850935e-85,4.701535e-85,1.154455e-84,2.289511e-84,3.494803e-84,4.782639e-84,6.098755e-84,8.488935e-84,9.974232e-84,1.039083e-83,1.270961e-84,1.421705e-85,4.767078e-85,1.416944e-84,2.268300e-84,3.548099e-84,5.323343e-84,6.226257e-84,8.551831e-84,1.080455e-83,1.202036e-83,8.823727e-84,4.469911e-86,1.371796e-85,7.468173e-85,1.513706e-84,2.541507e-84,3.737889e-84,5.264484e-84,6.428868e-84,8.204887e-84,1.056824e-83,1.085587e-83,1.064236e-83,3.511933e-84,2.100489e-85,5.961928e-85,1.387077e-84,2.321650e-84,3.543734e-84,4.659162e-84,6.127924e-84,7.953438e-84,1.033879e-83,1.115301e-83,9.805564e-84,6.133011e-84,1.648952e-85,1.428981e-85,7.033412e-85,1.428291e-84,2.432550e-84,4.555455e-84,5.877106e-84,6.760361e-84,8.965255e-84,1.029884e-83,1.056351e-83,8.759800e-84,4.937938e-84,4.564160e-85,1.771265e-85,7.361644e-85,1.529870e-84,2.612518e-84,3.838013e-84,4.999893e-84,5.827670e-84,7.634876e-84,8.619626e-84,8.241333e-84,6.170397e-84,3.389290e-84,4.491790e-85,2.957235e-85,9.626447e-85,2.090483e-84,3.671627e-84,4.986028e-84,6.393508e-84,7.290850e-84,8.158588e-84,7.894558e-84,6.691342e-84,4.605191e-84,2.270004e-84,4.059213e-85,4.872255e-89,2.206609e-85,7.580549e-85,1.639456e-84,2.801458e-84,3.597260e-84,4.652717e-84,5.039300e-84,5.326434e-84,4.636165e-84,3.623119e-84,2.449936e-84,1.343999e-84,3.150808e-85,3.483349e-87,1.079556e-85,4.620029e-85,1.016921e-84,1.670188e-84,2.211380e-84,2.493040e-84,2.797311e-84,2.854900e-84,2.430782e-84,1.972868e-84,1.290216e-84,7.579753e-85,2.510694e-85,7.509199e-87,4.745320e-86,2.042392e-85,4.928111e-85,7.508561e-85,1.042269e-84,1.188062e-84,1.342927e-84,1.433265e-84,1.210337e-84,1.121478e-84,8.150555e-85,5.006916e-85,2.053670e-85,8.521418e-87,1.376219e-86,5.162655e-86,1.123071e-85,1.759566e-85,2.378700e-85,3.077569e-85,3.281976e-85,3.523201e-85,3.734263e-85,3.233471e-85,2.940427e-85,2.284117e-85,1.342049e-85,1.068950e-86,5.327380e-87,1.529348e-86,3.631526e-86,6.000025e-86,6.513424e-86,8.396992e-86,1.122934e-85,1.227189e-85,1.263215e-85,1.352334e-85,1.352802e-85,1.126929e-85,7.786624e-86,1.164284e-86,4.489326e-88,1.101537e-87,5.194725e-87,9.375173e-87,1.288846e-86,1.522713e-86,1.972402e-86,2.497974e-86,2.772150e-86,2.716683e-86,2.807536e-86,2.757922e-86,2.275329e-86,6.815562e-87,1.906864e-87,5.042529e-87,7.068376e-87,7.728441e-87,8.697184e-87,8.608701e-87,8.089618e-87,9.251211e-87,1.011580e-86,1.235594e-86,1.200966e-86,1.203865e-86,7.676291e-87,1.257299e-87
1.437020e-85,5.254127e-85,8.443865e-85,1.670365e-84,2.656910e-84,3.669355e-84,4.379862e-84,8.760009e-84,4.444367e-85,1.817875e-85,7.327308e-85,2.007213e-84,3.066683e-84,5.846333e-84,8.067210e-84,9.819059e-84,1.425535e-83,1.470059e-83,1.227227e-84,2.293216e-85,6.316313e-85,1.537016e-84,3.489112e-84,4.877892e-84,6.754912e-84,8.171705e-84,1.211560e-83,1.437090e-83,1.535638e-83,1.867080e-84,2.272610e-85,5.948433e-85,1.913807e-84,3.214380e-84,4.410945e-84,7.889437e-84,8.932656e-84,1.256965e-83,1.551646e-83,1.817923e-83,1.298209e-83,7.052832e-86,2.106508e-85,9.078802e-85,1.800909e-84,3.113574e-84,4.588530e-84,7.560756e-84,8.860169e-84,1.167256e-83,1.542791e-83,1.611086e-83,1.600058e-83,5.416834e-84,2.995498e-85,7.504578e-85,2.025676e-84,3.481607e-84,5.070337e-84,7.104509e-84,8.309104e-84,1.142121e-83,1.545923e-83,1.624326e-83,1.460243e-83,9.329875e-84,2.530909e-85,2.475404e-85,8.602464e-85,1.888212e-84,3.570382e-84,6.258862e-84,7.900762e-84,9.647064e-84,1.294207e-83,1.523630e-83,1.568795e-83,1.323457e-83,7.576167e-84,6.985052e-85,2.193192e-85,9.694775e-85,2.097464e-84,3.508076e-84,5.371615e-84,7.037676e-84,8.589889e-84,1.123052e-83,1.286000e-83,1.246193e-83,9.472736e-84,5.230279e-84,6.964922e-85,4.106907e-85,1.408059e-84,3.105583e-84,5.428177e-84,7.729864e-84,9.381665e-84,1.111004e-83,1.249912e-83,1.204595e-83,1.032158e-83,7.085882e-84,3.501875e-84,6.391972e-85,8.961638e-89,3.206146e-85,1.150205e-84,2.525698e-84,4.138716e-84,5.595181e-84,6.724817e-84,7.777579e-84,8.263876e-84,7.148686e-84,5.640124e-84,3.814831e-84,2.068669e-84,4.910007e-85,4.949571e-87,1.763082e-85,7.166497e-85,1.585561e-84,2.632133e-84,3.329558e-84,3.871987e-84,4.281487e-84,4.506178e-84,3.775243e-84,3.009462e-84,2.015558e-84,1.160696e-84,3.895891e-85,1.076356e-86,7.610269e-86,3.138972e-85,7.172704e-85,1.188282e-84,1.634512e-84,1.841877e-84,2.111978e-84,2.265965e-84,1.888800e-84,1.737441e-84,1.249758e-84,7.569797e-85,3.215625e-85,1.303574e-86,1.740276e-86,7.525425e-86,1.625916e-85,2.492857e-85,3.701839e-85,4.733877e-85,4.760707e-85,5.495505e-85,5.670410e-85,4.887092e-85,4.479956e-85,3.518878e-85,2.108742e-85,1.647780e-86,6.675973e-87,2.023620e-86,5.529294e-86,8.526830e-86,1.035038e-85,1.175609e-85,1.518390e-85,1.847468e-85,1.860198e-85,1.914237e-85,1.939530e-85,1.603122e-85,1.187888e-85,1.831622e-86,3.058664e-88,1.155241e-87,6.039552e-87,1.207608e-86,1.916451e-86,2.322017e-86,3.121928e-86,3.917209e-86,4.181695e-86,3.964305e-86,4.202640e-86,4.077613e-86,3.682983e-86,1.124134e-86,1.906709e-87,5.773530e-87,7.728441e-87,1.465411e-86,1.501405e-86,1.498524e-86,1.425006e-86,1.484740e-86,1.672324e-86,1.926850e-86,1.924805e-86,1.924101e-86,1.235423e-86,2.100359e-87
2.458950e-85,3.324433e-85,-3.925791e-85,1.944544e-85,2.518197e-85,1.839065e-85,-1.698322e-85,8.679425e-84,3.171986e-85,7.654538e-86,8.074794e-85,1.719851e-84,3.065288e-84,5.154833e-84,8.424573e-84,1.128715e-83,1.740526e-83,1.667633e-83,7.148691e-85,2.614921e-85,2.378233e-85,8.313332e-85,2.777714e-84,4.031761e-84,7.196840e-84,9.245883e-84,1.372949e-83,1.758853e-83,1.890113e-83,2.713645e-84,1.667737e-85,8.071152e-86,1.445817e-84,2.280241e-84,3.909168e-84,7.608923e-84,1.005786e-83,1.532915e-83,2.066072e-83,2.509892e-83,1.974878e-83,1.401475e-85,1.757242e-85,6.534512e-85,1.600649e-84,3.055427e-84,4.433939e-84,7.873784e-84,1.083462e-83,1.450791e-83,2.107364e-83,2.249858e-83,2.437898e-83,1.000245e-83,2.461245e-85,5.932358e-85,1.591156e-84,2.146306e-84,4.288850e-84,7.407750e-84,9.657962e-84,1.450244e-83,2.182144e-83,2.462168e-83,2.293549e-83,1.640409e-83,4.963073e-85,1.573470e-85,5.583023e-85,1.413344e-84,3.005129e-84,7.868263e-84,1.003868e-83,1.245923e-83,1.792579e-83,2.203228e-83,2.403018e-83,2.115624e-83,1.298798e-83,1.279938e-84,2.325526e-85,9.946078e-85,2.351909e-84,3.786325e-84,6.684428e-84,8.404398e-84,1.136824e-83,1.595340e-83,1.976864e-83,1.945330e-83,1.540288e-83,8.988732e-84,1.232594e-84,7.002256e-85,2.198996e-84,5.132834e-84,8.118143e-84,1.208503e-83,1.500567e-83,1.823846e-83,2.042942e-83,2.033353e-83,1.744241e-83,1.225383e-83,6.116682e-84,1.112574e-84,1.298506e-88,5.691590e-85,1.926445e-84,4.296524e-84,6.948154e-84,9.531214e-84,1.197313e-83,1.317827e-83,1.381753e-83,1.205118e-83,9.742044e-84,6.466370e-84,3.558000e-84,8.501297e-85,8.683256e-87,2.883262e-85,1.209341e-84,2.792993e-84,4.468960e-84,5.894694e-84,6.585127e-84,7.422974e-84,7.611510e-84,6.419343e-84,5.226979e-84,3.371661e-84,1.969976e-84,6.406157e-85,1.873314e-86,1.128225e-85,5.342277e-85,1.321533e-84,2.052266e-84,2.908054e-84,3.105360e-84,3.573857e-84,3.798386e-84,3.244018e-84,2.977687e-84,2.073924e-84,1.236471e-84,5.308424e-85,2.171419e-86,2.173959e-86,1.164857e-85,2.894142e-85,3.755806e-85,5.349324e-85,7.175618e-85,7.525140e-85,8.509604e-85,9.040877e-85,7.728054e-85,7.030384e-85,5.632754e-85,3.321106e-85,2.798600e-86,1.202945e-86,2.849181e-86,8.272252e-86,1.143709e-85,1.470779e-85,1.935589e-85,2.502111e-85,2.941105e-85,3.005645e-85,3.173646e-85,3.342252e-85,2.919626e-85,2.012568e-85,3.121107e-86,2.603506e-87,5.302214e-87,9.175751e-87,1.451113e-86,2.190048e-86,3.660521e-86,4.609544e-86,5.604468e-86,6.036215e-86,6.302668e-86,6.554364e-86,6.132785e-86,5.634911e-86,1.868630e-86,1.543971e-87,3.552508e-87,8.697184e-87,1.501405e-86,2.891971e-86,2.792231e-86,2.371383e-86,2.399915e-86,2.471509e-86,2.817286e-86,2.952611e-86,3.108325e-86,2.023515e-86,3.426740e-87
4.582310e-85,6.907863e-85,-1.451780e-85,2.113046e-85,7.232286e-85,1.931754e-85,1.147788e-85,1.067470e-83,3.679476e-85,2.115619e-85,1.252306e-84,2.827905e-84,4.720417e-84,6.915658e-84,1.139566e-83,1.534941e-83,2.276123e-83,2.047195e-83,8.018859e-85,4.458024e-85,5.474360e-85,1.830453e-84,4.657423e-84,6.469867e-84,1.062965e-83,1.414519e-83,1.938457e-83,2.411149e-83,2.467531e-83,3.103686e-84,2.818153e-85,6.011602e-85,2.619393e-84,4.553038e-84,7.388012e-84,1.104146e-83,1.611825e-83,2.149379e-83,2.689800e-83,3.204740e-83,2.362084e-83,1.547857e-85,3.044142e-85,1.156592e-84,2.983455e-84,5.271420e-84,7.838397e-84,1.201752e-83,1.587354e-83,2.053515e-83,2.742246e-83,2.839060e-83,2.867960e-83,1.127206e-83,3.070219e-85,1.081376e-84,2.832210e-84,4.254633e-84,7.367087e-84,1.089456e-83,1.542141e-83,2.019849e-83,2.745967e-83,2.966405e-83,2.667384e-83,1.835980e-83,5.429013e-85,3.420022e-85,1.225112e-84,2.731560e-84,5.498717e-84,1.132947e-83,1.471361e-83,1.767910e-83,2.348603e-83,2.755974e-83,2.815035e-83,2.411113e-83,1.460625e-83,1.425769e-84,3.738315e-85,1.597215e-84,3.623834e-84,6.395111e-84,9.452018e-84,1.198552e-83,1.596957e-83,2.039984e-83,2.388600e-83,2.271471e-83,1.751554e-83,1.001308e-83,1.384292e-84,7.993007e-85,2.589433e-84,6.098241e-84,9.977242e-84,1.394999e-83,1.762729e-83,2.081043e-83,2.348290e-83,2.273564e-83,1.917086e-83,1.339465e-83,6.694810e-84,1.232072e-84,1.461368e-88,6.057401e-85,2.181524e-84,4.858186e-84,7.880573e-84,1.073810e-83,1.340204e-83,1.471239e-83,1.512189e-83,1.329891e-83,1.063986e-83,7.072997e-84,3.878671e-84,9.410832e-85,9.680421e-87,3.046587e-85,1.301884e-84,3.024482e-84,4.841179e-84,6.544036e-84,7.196460e-84,8.061322e-84,8.250709e-84,6.957643e-84,5.640966e-84,3.702130e-84,2.211833e-84,7.202131e-85,2.052693e-86,1.285669e-85,5.739045e-85,1.411159e-84,2.273613e-84,3.136079e-84,3.519172e-84,3.859461e-84,4.092582e-84,3.589680e-84,3.261118e-84,2.295750e-84,1.421364e-84,5.977978e-85,2.413371e-86,2.939822e-86,1.274146e-85,3.181629e-85,4.646184e-85,6.339374e-85,8.122896e-85,8.980037e-85,1.001623e-84,1.047010e-84,9.387627e-85,8.454836e-85,6.769669e-85,3.826273e-85,3.111596e-86,1.549948e-86,4.221970e-86,9.194336e-86,1.323882e-85,1.828189e-85,2.490431e-85,3.003799e-85,3.422347e-85,3.662303e-85,3.814195e-85,3.834777e-85,3.307353e-85,2.262703e-85,3.438851e-86,3.842180e-87,7.242597e-87,1.113193e-86,1.854714e-86,3.031104e-86,4.975678e-86,5.674598e-86,6.730181e-86,7.673148e-86,8.204710e-86,8.054405e-86,7.280445e-86,6.587105e-86,2.127139e-86,1.402019e-87,3.318843e-87,8.608701e-87,1.498524e-86,2.792231e-86,3.678598e-86,3.176993e-86,3.195844e-86,3.181228e-86,3.404725e-86,3.455761e-86,3.512378e-86,2.225625e-86,3.774936e-87
4.403413e-85,1.184972e-85,-1.874872e-84,-3.449036e-84,-3.982599e-84,-6.390002e-84,-8.240576e-84,9.270902e-84,5.224396e-85,1.072095e-85,7.599586e-85,1.686325e-84,2.007942e-84,4.806554e-84,7.687319e-84,1.168540e-83,1.939287e-83,2.180396e-83,9.161169e-85,2.983788e-85,-2.282019e-85,3.452443e-85,2.567449e-84,2.933996e-84,6.694816e-84,9.779848e-84,1.566034e-83,2.134197e-83,2.578501e-83,3.339450e-84,1.484087e-85,-9.638721e-86,1.167482e-84,2.132140e-84,3.940523e-84,8.121440e-84,1.222177e-83,1.877721e-83,2.541273e-83,3.314299e-83,2.627885e-83,1.300328e-85,1.209119e-85,6.874533e-85,1.439276e-84,2.645489e-84,5.147640e-84,8.816747e-84,1.221415e-83,1.836958e-83,2.699906e-83,2.980093e-83,3.248705e-83,1.263018e-83,2.215244e-85,4.042285e-85,1.599286e-84,2.036218e-84,4.236601e-84,7.809463e-84,1.158386e-83,1.844732e-83,2.824005e-83,3.270708e-83,3.132659e-83,2.182982e-83,6.007132e-85,2.210487e-85,5.619278e-85,1.392620e-84,3.466259e-84,8.668882e-84,1.265153e-83,1.544796e-83,2.319036e-83,2.977684e-83,3.224370e-83,2.882643e-83,1.791953e-83,1.694377e-84,2.121625e-85,1.235059e-84,2.403398e-84,4.939327e-84,7.602138e-84,1.075198e-83,1.478429e-83,2.125325e-83,2.645375e-83,2.675613e-83,2.124991e-83,1.226735e-83,1.682141e-84,8.407245e-85,2.883836e-84,6.629928e-84,1.131574e-83,1.552526e-83,2.015111e-83,2.423071e-83,2.831817e-83,2.831788e-83,2.416165e-83,1.700425e-83,8.264545e-84,1.546494e-84,2.025390e-88,7.123439e-85,2.620399e-84,5.630078e-84,9.351485e-84,1.283498e-83,1.588299e-83,1.793262e-83,1.880347e-83,1.678498e-83,1.331018e-83,9.027314e-84,4.883097e-84,1.161820e-84,1.315556e-86,3.798092e-85,1.655678e-84,3.710612e-84,6.048842e-84,7.961086e-84,8.999167e-84,1.014656e-83,1.044331e-83,8.816713e-84,7.094151e-84,4.700428e-84,2.715135e-84,8.530133e-85,2.669421e-86,1.705844e-85,7.100074e-85,1.713442e-84,2.780922e-84,3.832451e-84,4.405903e-84,4.916670e-84,5.235862e-84,4.500559e-84,4.072490e-84,2.846716e-84,1.705132e-84,6.822128e-85,3.064702e-86,3.366925e-86,1.453351e-85,3.436477e-85,5.083647e-85,7.328830e-85,9.416138e-85,1.023581e-84,1.158749e-84,1.235596e-84,1.088482e-84,9.636674e-85,7.505435e-85,4.419790e-85,3.728127e-86,1.130923e-86,4.277914e-86,9.640357e-86,1.292912e-85,1.661798e-85,2.268974e-85,2.935294e-85,3.699682e-85,3.906252e-85,4.110109e-85,4.145765e-85,3.576135e-85,2.595256e-85,3.987428e-86,3.180083e-87,6.096255e-87,1.100674e-86,1.828372e-86,3.330322e-86,5.418731e-86,6.380693e-86,7.997778e-86,9.568249e-86,9.929406e-86,9.949994e-86,9.330883e-86,8.033878e-86,2.488133e-86,1.472509e-87,4.694762e-87,8.089618e-87,1.425006e-86,2.371383e-86,3.176993e-86,3.830649e-86,3.769965e-86,3.887791e-86,4.169230e-86,4.032559e-86,3.902180e-86,2.584429e-86,5.109225e-87
4.821453e-85,4.366883e-85,-1.275197e-84,-2.088921e-84,-2.212196e-84,-3.714443e-84,-4.678234e-84,1.216369e-83,5.811609e-85,1.833739e-85,1.083859e-84,2.561066e-84,3.752250e-84,7.378465e-84,1.146074e-83,1.607338e-83,2.504111e-83,2.644060e-83,1.109352e-84,3.861323e-85,1.470448e-85,1.165334e-84,4.260420e-84,5.584505e-84,1.004933e-83,1.388861e-83,2.083368e-83,2.708038e-83,3.050444e-83,3.808673e-84,2.469447e-85,2.254892e-85,2.101951e-84,3.831174e-84,6.471815e-84,1.166537e-83,1.629133e-83,2.384257e-83,3.125920e-83,3.903945e-83,3.002281e-83,1.482159e-85,2.442295e-85,1.074694e-84,2.359329e-84,4.427242e-84,7.629018e-84,1.242910e-83,1.641959e-83,2.317784e-83,3.260890e-83,3.504776e-83,3.702674e-83,1.413266e-83,3.416912e-85,7.843249e-85,2.497242e-84,3.718534e-84,7.027942e-84,1.098835e-83,1.545908e-83,2.309153e-83,3.348739e-83,3.784838e-83,3.533948e-83,2.419907e-83,6.673873e-85,3.208253e-85,1.024219e-84,2.302376e-84,5.217778e-84,1.178305e-83,1.608254e-83,1.951236e-83,2.798585e-83,3.493663e-83,3.676670e-83,3.240934e-83,1.980205e-83,1.859243e-84,3.481147e-85,1.626697e-84,3.396140e-84,6.469867e-84,1.005708e-83,1.374697e-83,1.820829e-83,2.509533e-83,3.056824e-83,3.033591e-83,2.374986e-83,1.351992e-83,1.862536e-84,9.928845e-85,3.243158e-84,7.527796e-84,1.296929e-83,1.793704e-83,2.303204e-83,2.718085e-83,3.169372e-83,3.140485e-83,2.681728e-83,1.871165e-83,9.054741e-84,1.713853e-84,2.271065e-88,8.102673e-85,2.884501e-84,6.295216e-84,1.045031e-83,1.428247e-83,1.764714e-83,1.985127e-83,2.080386e-83,1.855926e-83,1.468848e-83,1.000283e-83,5.405644e-84,1.291469e-84,1.537330e-86,4.241438e-85,1.813334e-84,4.067758e-84,6.679851e-84,8.770382e-84,9.858521e-84,1.110369e-83,1.149629e-83,9.727790e-84,7.860782e-84,5.235420e-84,3.056843e-84,9.552794e-85,3.068173e-86,1.897936e-85,7.953484e-85,1.879946e-84,3.062934e-84,4.229402e-84,4.846155e-84,5.376841e-84,5.794912e-84,4.958634e-84,4.555807e-84,3.196611e-84,1.959843e-84,7.732262e-85,3.492340e-86,4.068035e-86,1.640723e-85,3.810000e-85,5.871029e-85,8.374629e-85,1.082220e-84,1.174170e-84,1.330986e-84,1.409213e-84,1.251655e-84,1.119680e-84,8.773431e-85,5.004617e-85,4.220012e-86,1.556655e-86,5.020398e-86,1.121466e-85,1.634931e-85,2.090144e-85,2.824833e-85,3.636100e-85,4.430635e-85,4.809944e-85,5.044060e-85,5.030487e-85,4.336770e-85,2.987919e-85,4.487871e-86,3.451906e-87,6.840804e-87,1.324513e-86,2.189694e-86,3.708909e-86,6.045595e-86,7.628620e-86,9.651116e-86,1.121019e-85,1.158573e-85,1.158384e-85,1.063814e-85,8.931871e-86,2.740199e-86,2.220634e-87,6.156295e-87,9.251211e-87,1.484740e-86,2.399915e-86,3.195844e-86,3.769965e-86,4.540494e-86,4.742037e-86,4.879425e-86,4.619379e-86,4.411749e-86,2.867576e-86,5.387573e-87
5.202202e-85,3.250791e-85,-1.750040e-84,-2.879644e-84,-2.930678e-84,-5.263514e-84,-7.607524e-84,1.320829e-83,6.142865e-85,1.374264e-85,1.117249e-84,2.600429e-84,3.829705e-84,8.601253e-84,1.275668e-83,1.774674e-83,2.826730e-83,2.963939e-83,9.817833e-85,4.275062e-85,-1.604110e-85,8.377340e-85,4.571303e-84,5.481618e-84,1.058080e-83,1.392542e-83,2.258560e-83,3.037985e-83,3.475247e-83,4.328841e-84,2.279059e-85,-3.908519e-86,1.838105e-84,3.762243e-84,5.725922e-84,1.291594e-83,1.744739e-83,2.657705e-83,3.482503e-83,4.524492e-83,3.475342e-83,1.697314e-85,2.485377e-85,9.002279e-85,2.020311e-84,3.977755e-84,7.414954e-84,1.355633e-83,1.756276e-83,2.546381e-83,3.676896e-83,4.027269e-83,4.299689e-83,1.686135e-83,3.287568e-85,5.790344e-85,2.335146e-84,3.677115e-84,6.992444e-84,1.184480e-83,1.658643e-83,2.543761e-83,3.848459e-83,4.381360e-83,4.145962e-83,2.889616e-83,7.995236e-85,3.464975e-85,8.823828e-85,2.028350e-84,5.209003e-84,1.301096e-83,1.730893e-83,2.158980e-83,3.192372e-83,4.045996e-83,4.287809e-83,3.842222e-83,2.375064e-83,2.233194e-84,3.441738e-85,1.694549e-84,3.360768e-84,6.700173e-84,1.114733e-83,1.527529e-83,2.045553e-83,2.866119e-83,3.567426e-83,3.582316e-83,2.838867e-83,1.626161e-83,2.250003e-84,1.179909e-84,3.731002e-84,8.784384e-84,1.513520e-83,2.116472e-83,2.702947e-83,3.223519e-83,3.778418e-83,3.764109e-83,3.222454e-83,2.261830e-83,1.090179e-83,2.076435e-84,2.805605e-88,9.787613e-85,3.434053e-84,7.524639e-84,1.238128e-83,1.716310e-83,2.074635e-83,2.386760e-83,2.503004e-83,2.238146e-83,1.774935e-83,1.211667e-83,6.528824e-84,1.553160e-84,1.858537e-86,5.114435e-85,2.179059e-84,4.925105e-84,8.093000e-84,1.057939e-83,1.184825e-83,1.337419e-83,1.398796e-83,1.176425e-83,9.467361e-84,6.344691e-84,3.672892e-84,1.136931e-84,3.687977e-86,2.297746e-85,9.569828e-85,2.258093e-84,3.716544e-84,5.143236e-84,5.784192e-84,6.472741e-84,7.029617e-84,5.981567e-84,5.479829e-84,3.865648e-84,2.326514e-84,9.202101e-85,4.174141e-86,4.855051e-86,1.929168e-85,4.412646e-85,6.757005e-85,9.998472e-85,1.292678e-84,1.376111e-84,1.583757e-84,1.681812e-84,1.479462e-84,1.334214e-84,1.045858e-84,5.891499e-85,5.027121e-86,1.693022e-86,5.811444e-86,1.297631e-85,1.823429e-85,2.475613e-85,3.214088e-85,4.099819e-85,5.159523e-85,5.707386e-85,5.972083e-85,5.954831e-85,5.149265e-85,3.490637e-85,5.308679e-86,3.859487e-87,7.846763e-87,1.399818e-86,2.342468e-86,4.301944e-86,6.883532e-86,8.866769e-86,1.154631e-85,1.392879e-85,1.391840e-85,1.358915e-85,1.233389e-85,1.062350e-85,3.285675e-86,2.731983e-87,6.694180e-87,1.011580e-86,1.672324e-86,2.471509e-86,3.181228e-86,3.887791e-86,4.742037e-86,6.067041e-86,6.224425e-86,5.766194e-86,5.239907e-86,3.448152e-86,6.530212e-87
5.934548e-85,3.776989e-85,-1.913923e-84,-3.436975e-84,-3.637073e-84,-6.488153e-84,-8.862487e-84,1.431660e-83,7.493942e-85,1.069890e-85,1.047314e-84,2.389181e-84,3.334377e-84,8.395907e-84,1.251934e-83,1.801213e-83,2.895451e-83,3.268212e-83,1.186337e-84,3.550193e-85,-4.364274e-85,3.168035e-85,3.761587e-84,4.504985e-84,9.772055e-84,1.337916e-83,2.255930e-83,3.091854e-83,3.698080e-83,4.824237e-84,1.969252e-85,-3.787634e-85,1.271054e-84,2.693548e-84,4.754828e-84,1.199064e-83,1.640004e-83,2.662829e-83,3.654282e-83,4.766293e-83,3.803016e-83,1.800543e-85,1.663728e-85,7.661938e-85,1.503873e-84,3.146581e-84,7.077876e-84,1.229770e-83,1.684064e-83,2.598895e-83,3.865502e-83,4.314447e-83,4.736535e-83,1.851947e-83,3.353004e-85,3.252979e-85,1.767957e-84,2.370963e-84,5.784478e-84,1.068720e-83,1.563383e-83,2.606939e-83,4.107991e-83,4.788558e-83,4.637156e-83,3.243031e-83,8.908607e-85,2.571355e-85,6.034003e-85,1.451382e-84,4.352037e-84,1.250671e-83,1.733719e-83,2.184841e-83,3.351237e-83,4.383784e-83,4.763109e-83,4.319830e-83,2.686769e-83,2.525654e-84,2.781331e-85,1.556910e-84,2.989989e-84,6.268464e-84,1.077108e-83,1.538984e-83,2.076784e-83,3.056880e-83,3.902608e-83,3.991644e-83,3.190893e-83,1.845330e-83,2.539854e-84,1.290378e-84,4.141293e-84,9.719297e-84,1.671061e-83,2.336142e-83,3.011063e-83,3.603581e-83,4.256485e-83,4.283674e-83,3.677826e-83,2.592792e-83,1.248229e-83,2.363298e-84,3.070319e-88,1.105663e-84,3.882753e-84,8.446899e-84,1.403897e-83,1.929569e-83,2.378555e-83,2.711639e-83,2.861144e-83,2.562067e-83,2.031395e-83,1.389595e-83,7.487166e-84,1.778454e-84,2.136056e-86,5.901236e-85,2.512414e-84,5.641281e-84,9.244857e-84,1.203197e-83,1.355212e-83,1.534712e-83,1.598971e-83,1.352478e-83,1.088717e-83,7.279306e-84,4.191847e-84,1.295366e-84,4.270590e-86,2.675490e-85,1.096973e-84,2.603772e-84,4.244999e-84,5.881315e-84,6.593436e-84,7.459737e-84,8.052257e-84,6.838625e-84,6.271418e-84,4.420165e-84,2.658676e-84,1.040180e-84,4.806894e-86,5.414784e-86,2.201678e-85,4.937804e-85,7.303490e-85,1.106548e-84,1.446387e-84,1.534211e-84,1.759981e-84,1.882263e-84,1.646845e-84,1.485985e-84,1.167754e-84,6.712246e-85,5.761263e-86,1.671312e-86,5.920489e-86,1.403086e-85,2.009295e-85,2.528213e-85,3.436804e-85,4.497057e-85,5.762328e-85,6.262615e-85,6.651016e-85,6.734434e-85,5.860595e-85,4.040411e-85,6.064322e-86,3.717457e-87,7.746224e-87,1.486319e-86,2.515023e-86,4.717422e-86,7.255749e-86,9.386969e-86,1.220778e-85,1.516550e-85,1.545145e-85,1.527313e-85,1.406852e-85,1.210369e-85,3.762013e-86,3.281533e-87,8.565136e-87,1.235594e-86,1.926850e-86,2.817286e-86,3.404725e-86,4.169230e-86,4.879425e-86,6.224425e-86,7.356012e-86,6.916929e-86,6.206381e-86,3.924567e-86,7.530540e-87
8.308541e-85,8.166672e-85,-2.165342e-84,-4.547226e-84,-5.456585e-84,-9.224429e-84,-1.273034e-83,1.144629e-83,6.568580e-85,7.149931e-86,9.830487e-85,1.699726e-84,2.227268e-84,6.519444e-84,1.021803e-83,1.587613e-83,2.635371e-83,2.882056e-83,6.466029e-85,2.857164e-85,-8.305173e-85,-7.211328e-85,2.338484e-84,2.203914e-84,7.524670e-84,1.113325e-83,1.981459e-83,2.716805e-83,3.352249e-83,4.611124e-84,9.254604e-86,-8.315290e-85,3.459869e-85,1.277926e-84,2.418796e-84,9.635381e-84,1.432992e-83,2.436014e-83,3.401563e-83,4.569310e-83,3.709361e-83,1.934792e-85,9.568914e-86,3.005755e-85,4.950134e-85,1.664081e-84,4.792091e-84,1.015124e-83,1.462363e-83,2.367228e-83,3.654739e-83,4.105401e-83,4.683746e-83,1.893254e-83,1.918707e-85,-7.940275e-86,7.473946e-85,7.978577e-85,3.720252e-84,8.492416e-84,1.308680e-83,2.414426e-83,3.959387e-83,4.647014e-83,4.621189e-83,3.309000e-83,9.294415e-85,1.538647e-85,1.591454e-85,5.241494e-85,2.935030e-84,1.109183e-83,1.548647e-83,1.995863e-83,3.208756e-83,4.253615e-83,4.689616e-83,4.321521e-83,2.740275e-83,2.602563e-84,2.160990e-85,1.249495e-84,2.279575e-84,5.127467e-84,9.610756e-84,1.379922e-83,1.935842e-83,2.956534e-83,3.858218e-83,3.979284e-83,3.217110e-83,1.893963e-83,2.625778e-84,1.310491e-84,4.087845e-84,9.651263e-84,1.647094e-83,2.331954e-83,3.005359e-83,3.620608e-83,4.292335e-83,4.337531e-83,3.748181e-83,2.653956e-83,1.288347e-83,2.452485e-84,3.114661e-88,1.131316e-84,3.929080e-84,8.562871e-84,1.421705e-83,1.961710e-83,2.412023e-83,2.750615e-83,2.913480e-83,2.608646e-83,2.083755e-83,1.422734e-83,7.731478e-84,1.848455e-84,2.115195e-86,5.987413e-85,2.569742e-84,5.770961e-84,9.470950e-84,1.234840e-83,1.383868e-83,1.570093e-83,1.639345e-83,1.381085e-83,1.117689e-83,7.446012e-84,4.337900e-84,1.354261e-84,4.215560e-86,2.692642e-85,1.131881e-84,2.668042e-84,4.323686e-84,6.038566e-84,6.707694e-84,7.560281e-84,8.253186e-84,6.985264e-84,6.461018e-84,4.499759e-84,2.743737e-84,1.098622e-84,4.892148e-86,5.115833e-86,2.190148e-85,4.960321e-85,7.323597e-85,1.094647e-84,1.449225e-84,1.528504e-84,1.769551e-84,1.897202e-84,1.686366e-84,1.516579e-84,1.208831e-84,7.095339e-85,6.033091e-86,1.625900e-86,5.721956e-86,1.356740e-85,1.908303e-85,2.478438e-85,3.319813e-85,4.371036e-85,5.664492e-85,6.138465e-85,6.667830e-85,6.746733e-85,5.952353e-85,4.284754e-85,6.502818e-86,4.074355e-87,8.063783e-87,1.471942e-86,2.445123e-86,4.495850e-86,7.269423e-86,9.321862e-86,1.215831e-85,1.466903e-85,1.570461e-85,1.611824e-85,1.452842e-85,1.292237e-85,4.103090e-86,3.197041e-87,7.621567e-87,1.200966e-86,1.924805e-86,2.952611e-86,3.455761e-86,4.032559e-86,4.619379e-86,5.766194e-86,6.916929e-86,7.363602e-86,6.721645e-86,4.158574e-86,8.036701e-87
1.199341e-84,1.345439e-84,-3.036664e-84,-7.468102e-84,-1.008772e-83,-1.616166e-83,-2.106893e-83,7.894523e-84,5.516241e-85,3.076362e-86,6.830390e-85,3.523082e-85,-4.051403e-85,2.389627e-84,4.877704e-84,9.503312e-84,1.945074e-83,2.454812e-83,2.810647e-85,1.394778e-85,-1.419947e-84,-2.365736e-84,-5.467290e-85,-1.743539e-84,2.964506e-84,5.852294e-84,1.322973e-83,2.137989e-83,2.876893e-83,4.366401e-84,-2.294636e-86,-1.505095e-84,-1.207123e-84,-1.455492e-84,-1.394060e-84,5.013346e-84,9.442844e-84,1.814448e-83,2.989050e-83,4.202244e-83,3.552470e-83,2.097595e-85,-4.608091e-86,-2.853250e-85,-1.077475e-84,-8.227761e-85,1.284034e-84,5.696667e-84,1.019462e-83,1.825836e-83,3.239540e-83,3.838808e-83,4.591057e-83,1.910037e-83,4.614929e-86,-6.392051e-85,-7.118055e-85,-1.974513e-84,1.810171e-85,4.712925e-84,8.349536e-84,1.969533e-83,3.600421e-83,4.462765e-83,4.565307e-83,3.378587e-83,9.765603e-85,-7.382824e-87,-4.820072e-85,-9.276911e-85,5.792030e-85,8.085441e-84,1.217969e-83,1.652320e-83,2.832314e-83,3.928634e-83,4.580287e-83,4.279328e-83,2.789801e-83,2.708807e-84,9.033560e-86,7.477970e-85,1.093202e-84,3.174271e-84,6.985605e-84,1.087227e-83,1.655932e-83,2.692539e-83,3.654440e-83,3.871541e-83,3.210008e-83,1.936773e-83,2.695345e-84,1.275909e-84,3.998237e-84,9.380463e-84,1.585884e-83,2.279132e-83,2.943946e-83,3.593910e-83,4.256938e-83,4.330373e-83,3.749514e-83,2.700865e-83,1.334310e-83,2.492139e-84,2.795145e-88,1.134366e-84,3.959994e-84,8.504902e-84,1.417409e-83,1.972102e-83,2.439835e-83,2.775155e-83,2.940018e-83,2.624847e-83,2.101205e-83,1.439565e-83,7.880456e-84,1.886584e-84,1.979628e-86,6.105050e-85,2.630415e-84,5.852593e-84,9.588727e-84,1.249927e-83,1.408865e-83,1.598830e-83,1.656940e-83,1.397338e-83,1.122571e-83,7.471639e-84,4.383396e-84,1.398978e-84,4.090560e-86,2.735161e-85,1.152130e-84,2.701331e-84,4.368352e-84,6.137414e-84,6.776472e-84,7.644893e-84,8.294609e-84,7.004886e-84,6.430678e-84,4.474923e-84,2.764318e-84,1.138743e-84,4.898886e-86,4.731786e-86,2.166088e-85,4.938050e-85,7.117248e-85,1.063101e-84,1.424016e-84,1.471348e-84,1.692097e-84,1.838839e-84,1.604587e-84,1.480991e-84,1.208403e-84,7.328875e-85,6.146717e-86,1.469882e-86,5.338225e-86,1.330875e-85,1.840136e-85,2.295315e-85,3.097398e-85,4.066094e-85,5.279483e-85,5.659923e-85,6.089079e-85,6.511702e-85,5.866356e-85,4.431719e-85,6.805715e-86,4.300737e-87,8.040380e-87,1.381948e-86,2.224372e-86,3.993163e-86,6.503877e-86,8.301148e-86,1.084146e-85,1.269205e-85,1.352011e-85,1.465189e-85,1.448994e-85,1.323292e-85,4.349651e-86,3.162504e-87,7.206163e-87,1.203865e-86,1.924101e-86,3.108325e-86,3.512378e-86,3.902180e-86,4.411749e-86,5.239907e-86,6.206381e-86,6.721645e-86,7.089121e-86,4.522820e-86,8.492789e-87
9.814589e-85,1.088668e-84,-2.786771e-84,-6.998467e-84,-9.818963e-84,-1.550963e-83,-2.032209e-83,3.495794e-84,3.860539e-85,-6.764892e-86,3.099090e-85,-6.128208e-85,-2.044634e-84,-5.478414e-85,4.464807e-85,3.344522e-84,1.061450e-83,1.557504e-83,-1.914867e-86,3.482646e-87,-1.507208e-84,-2.927040e-84,-2.361227e-84,-4.147612e-84,-1.190599e-84,3.617098e-85,5.625211e-84,1.150954e-83,1.820991e-83,3.084597e-84,-1.350904e-85,-1.654432e-84,-2.069770e-84,-3.094984e-84,-4.069557e-84,4.720721e-85,3.435291e-84,9.408248e-84,1.881970e-83,2.886185e-83,2.561264e-83,1.673356e-85,-1.343084e-85,-6.705316e-85,-2.014425e-84,-2.585224e-84,-1.849256e-84,1.244796e-84,4.245573e-84,9.854504e-84,2.096106e-83,2.646523e-83,3.381860e-83,1.452098e-83,-1.013583e-85,-9.904928e-85,-1.767239e-84,-3.645063e-84,-2.680248e-84,3.002927e-85,2.777770e-84,1.130774e-83,2.447611e-83,3.188359e-83,3.400041e-83,2.604952e-83,7.675276e-85,-1.543343e-85,-8.623842e-85,-1.909219e-84,-1.595053e-84,3.834525e-84,6.377576e-84,9.465113e-84,1.858986e-83,2.731361e-83,3.354875e-83,3.220031e-83,2.155146e-83,2.122527e-84,-4.484237e-86,1.747340e-85,-1.760708e-85,7.696670e-85,3.291781e-84,5.879839e-84,1.012959e-83,1.830279e-83,2.626106e-83,2.862390e-83,2.438379e-83,1.501782e-83,2.099974e-84,9.597714e-85,2.935180e-84,6.870945e-84,1.163547e-83,1.692787e-83,2.202586e-83,2.719338e-83,3.243259e-83,3.317405e-83,2.886583e-83,2.102054e-83,1.047981e-83,1.931763e-84,2.132928e-88,8.854614e-85,3.031096e-84,6.495789e-84,1.088755e-83,1.513060e-83,1.885091e-83,2.146930e-83,2.284572e-83,2.033430e-83,1.631232e-83,1.117941e-83,6.129373e-84,1.459238e-84,1.400615e-86,4.749181e-85,2.056785e-84,4.560658e-84,7.476668e-84,9.800755e-84,1.102378e-83,1.252324e-83,1.298421e-83,1.091277e-83,8.717151e-84,5.759937e-84,3.362404e-84,1.085866e-84,2.954643e-86,2.124583e-85,9.060887e-85,2.124038e-84,3.407742e-84,4.811490e-84,5.280127e-84,5.949560e-84,6.475457e-84,5.440066e-84,4.962755e-84,3.427553e-84,2.083070e-84,8.830262e-85,3.643558e-86,3.486844e-86,1.644841e-85,3.743112e-85,5.399426e-85,8.027134e-85,1.079277e-84,1.092185e-84,1.250068e-84,1.363596e-84,1.168803e-84,1.078635e-84,8.900900e-85,5.642021e-85,4.667406e-86,8.775705e-87,3.685309e-86,8.975881e-86,1.177139e-85,1.431573e-85,1.956558e-85,2.623072e-85,3.461174e-85,3.710396e-85,4.022766e-85,4.414021e-85,4.087016e-85,3.362956e-85,5.292066e-86,3.432525e-87,6.527228e-87,1.199039e-86,1.896631e-86,3.172863e-86,4.970857e-86,6.208249e-86,8.124650e-86,9.415583e-86,1.007636e-85,1.116156e-85,1.149280e-85,1.068409e-85,3.404908e-86,2.124195e-87,4.392350e-87,7.676291e-87,1.235423e-86,2.023515e-86,2.225625e-86,2.584429e-86,2.867576e-86,3.448152e-86,3.924567e-86,4.158574e-86,4.522820e-86,3.623313e-86,7.718383e-87
2.296313e-85,1.622206e-85,-1.024987e-84,-2.442802e-84,-3.453830e-84,-5.282468e-84,-6.846007e-84,-5.518332e-85,5.648564e-86,-6.158364e-86,-8.132712e-86,-6.034324e-85,-1.313364e-84,-1.278189e-84,-1.452573e-84,-9.573251e-85,4.326614e-85,1.899375e-84,-1.823068e-85,-5.438768e-86,-5.769833e-85,-1.191946e-84,-1.429467e-84,-2.255588e-84,-1.908563e-84,-1.695408e-84,-7.919627e-85,4.224510e-85,2.426792e-84,5.601144e-85,-8.564696e-86,-6.236838e-85,-1.044114e-84,-1.632619e-84,-2.286920e-84,-1.496166e-84,-9.105744e-85,1.843929e-85,2.400420e-84,4.988006e-84,5.182752e-84,3.926860e-86,-8.705118e-86,-3.855128e-85,-1.041817e-84,-1.520932e-84,-1.630561e-84,-1.258256e-84,-6.599108e-85,5.010651e-85,3.134142e-84,4.689799e-84,7.158580e-84,3.315838e-84,-8.594845e-86,-4.690643e-85,-9.576983e-85,-1.819455e-84,-1.899425e-84,-1.429560e-84,-1.052609e-84,9.831662e-85,4.258555e-84,6.287298e-84,7.409734e-84,6.115323e-84,1.867468e-85,-9.964090e-86,-4.474326e-85,-1.009890e-84,-1.276754e-84,-2.401759e-85,1.202381e-85,7.478095e-85,2.891897e-84,5.134450e-84,6.992044e-84,7.153060e-84,5.097649e-84,5.124361e-85,-6.621825e-86,-1.516802e-85,-5.204211e-85,-5.786106e-85,-2.180254e-85,2.795445e-85,1.224210e-84,3.206703e-84,5.314744e-84,6.179793e-84,5.545849e-84,3.553888e-84,5.043119e-85,2.043682e-85,6.090467e-85,1.454001e-84,2.478170e-84,3.652084e-84,4.853075e-84,6.101461e-84,7.462571e-84,7.744275e-84,6.803124e-84,5.022759e-84,2.526654e-84,4.607411e-85,5.272066e-89,2.083638e-85,6.986178e-85,1.489984e-84,2.515865e-84,3.534869e-84,4.404880e-84,5.086691e-84,5.416058e-84,4.837108e-84,3.891496e-84,2.666516e-84,1.458857e-84,3.444808e-85,3.082607e-87,1.135619e-85,4.954348e-85,1.091030e-84,1.794045e-84,2.355823e-84,2.637539e-84,3.014719e-84,3.138984e-84,2.617669e-84,2.077197e-84,1.358510e-84,7.839594e-85,2.536202e-85,6.562629e-87,5.171214e-86,2.185086e-85,5.092086e-85,8.211516e-85,1.156973e-84,1.263585e-84,1.424001e-84,1.560050e-84,1.293905e-84,1.175064e-84,7.943711e-85,4.729824e-85,2.039512e-85,8.343315e-87,7.629308e-87,3.552956e-86,8.070947e-86,1.167966e-85,1.780074e-85,2.387111e-85,2.376296e-85,2.716525e-85,2.964768e-85,2.508240e-85,2.267905e-85,1.893330e-85,1.286524e-85,1.084736e-86,1.013620e-87,7.073479e-87,1.588566e-86,1.799456e-86,2.064064e-86,3.160260e-86,4.451386e-86,6.287690e-86,6.597854e-86,7.340237e-86,8.350272e-86,8.030276e-86,7.585574e-86,1.250781e-86,7.402898e-88,1.431459e-87,2.617978e-87,3.934640e-87,6.733158e-87,1.029686e-86,1.293893e-86,1.707775e-86,1.989811e-86,2.218102e-86,2.536007e-86,2.676338e-86,2.563999e-86,8.257913e-87,3.937570e-88,5.948561e-88,1.257299e-87,2.100359e-87,3.426740e-87,3.774936e-87,5.109225e-87,5.387573e-87,6.530212e-87,7.530540e-87,8.036701e-87,8.492789e-87,7.718383e-87,2.420621e-87
